artnr;cross_ref;familie_code;familie_naam;omschrijving;hoek;draadsoort_1;draadmaat_1;connectie_type_1;draadsoort_2;draadmaat_2;connectie_type_2;tube_od_mm;tube_od_inch;bron_pagina
2015-04-04;;2015;Adapter;VERL NIPPEL JIC MALE / JIC FEMALE SWIVEL;recht;JIC;7/16-20;buiten;JIC;7/16-20;wartelend;;;
2015-04-05;;2015;Adapter;VERL NIPPEL JIC MALE / JIC FEMALE SWIVEL;recht;JIC;7/16-20;buiten;JIC;1/2-20;wartelend;;;
2015-04-06;;2015;Adapter;VERL NIPPEL JIC MALE / JIC FEMALE SWIVEL;recht;JIC;7/16-20;buiten;JIC;9/16-18;wartelend;;;
2015-04-08;;2015;Adapter;VERL NIPPEL JIC MALE / JIC FEMALE SWIVEL;recht;JIC;7/16-20;buiten;JIC;3/4-16;wartelend;;;
2015-04-10;;2015;Adapter;VERL NIPPEL JIC MALE / JIC FEMALE SWIVEL;recht;JIC;7/16-20;buiten;JIC;7/8-14;wartelend;;;
2015-04-12;;2015;Adapter;VERL NIPPEL JIC MALE / JIC FEMALE SWIVEL;recht;JIC;7/16-20;buiten;JIC;1 1/16-12;wartelend;;;
2015-06-06;;2015;Adapter;VERL NIPPEL JIC MALE / JIC FEMALE SWIVEL;recht;JIC;9/16-18;buiten;JIC;9/16-18;wartelend;;;
2015-08-06;;2015;Adapter;VERL NIPPEL JIC MALE / JIC FEMALE SWIVEL;recht;JIC;3/4-16;buiten;JIC;9/16-18;wartelend;;;
2015-08-08;;2015;Adapter;VERL NIPPEL JIC MALE / JIC FEMALE SWIVEL;recht;JIC;3/4-16;buiten;JIC;3/4-16;wartelend;;;
2015-10-10;;2015;Adapter;VERL NIPPEL JIC MALE / JIC FEMALE SWIVEL;recht;JIC;7/8-14;buiten;JIC;7/8-14;wartelend;;;
2015-12-12;;2015;Adapter;VERL NIPPEL JIC MALE / JIC FEMALE SWIVEL;recht;JIC;1 1/16-12;buiten;JIC;1 1/16-12;wartelend;;;
2015-16-16;;2015;Adapter;VERL NIPPEL JIC MALE / JIC FEMALE SWIVEL;recht;JIC;1 5/16-12;buiten;JIC;1 5/16-12;wartelend;;;
2015-20-20;;2015;Adapter;VERL NIPPEL JIC MALE / JIC FEMALE SWIVEL;recht;JIC;1 5/8-12;buiten;JIC;1 5/8-12;wartelend;;;
2015-32-32;;2015;Adapter;VERL NIPPEL JIC MALE / JIC FEMALE SWIVEL;recht;JIC;2 1/2-12;buiten;JIC;2 1/2-12;wartelend;;;
4 XHX6-S;4 XHX6-S;2015;Adapter;T-LOK EXTENDER AND EXPANDER - 4 XHX6-S;recht;JIC;7/16-20;buiten;JIC;7/16-20;wartelend;;1/4;
2041-12-04;;2041;Thread reducer;VERLOOPRING BSPT / BSP;recht;BSPT;3/4-14;buiten;BSPP;1/4-19;binnen;;;
2041-12-06;;2041;Thread reducer;VERLOOPRING BSPT / BSP;recht;BSPT;3/4-14;buiten;BSPP;3/8-19;binnen;;;
2041-12-08;;2041;Thread reducer;VERLOOPRING BSPT / BSP;recht;BSPT;3/4-14;buiten;BSPP;1/2-14;binnen;;;
2113-02;2FNMK4S;2113;Cap;BSPP 60° blanking cap;n.v.t.;BSPP;1/8-28;binnen;;;;;;5
2113-04;4FNMK4S;2113;Cap;BSPP 60° blanking cap;n.v.t.;BSPP;1/4-19;binnen;;;;;;5
2113-06;6FNMK4S;2113;Cap;BSPP 60° blanking cap;n.v.t.;BSPP;3/8-19;binnen;;;;;;5
2113-08;8FNMK4S;2113;Cap;BSPP 60° blanking cap;n.v.t.;BSPP;1/2-14;binnen;;;;;;5
2113-10;10FNMK4S;2113;Cap;BSPP 60° blanking cap;n.v.t.;BSPP;5/8-14;binnen;;;;;;5
2113-12;12FNMK4S;2113;Cap;BSPP 60° blanking cap;n.v.t.;BSPP;3/4-14;binnen;;;;;;5
2113-16;16FNMK4S;2113;Cap;BSPP 60° blanking cap;n.v.t.;BSPP;1-11;binnen;;;;;;5
2113-20;20FNMK4S;2113;Cap;BSPP 60° blanking cap;n.v.t.;BSPP;1 1/4-11;binnen;;;;;;5
2113-24;24FNMK4S;2113;Cap;BSPP 60° blanking cap;n.v.t.;BSPP;1 1/2-11;binnen;;;;;;5
2113-32;-;2113;Cap;BSPP 60° blanking cap;n.v.t.;BSPP;2-11;binnen;;;;;;5
32FNMK4S;32FNMK4S;2113;Cap;SWIVEL BLANKING CAP BSP - 32FNMK4S;n.v.t.;BSPP;2-11;binnen;;;;;;5
12 FNTX-B;12 FNTX-B;2115;Cap;T-LOK CAP - 12 FNTX-B;n.v.t.;JIC;1 1/16-12;wartelend;;;;;3/4;
16 FNTX-B;16 FNTX-B;2115;Cap;T-LOK CAP - 16 FNTX-B;n.v.t.;JIC;1 5/16-12;wartelend;;;;;1;
2115-02;2 FNTX-S;2115;Cap;Triple-Lok® 37° Flare female swivel cap end;n.v.t.;JIC;5/16-24;wartelend;;;;;1/8;82
2115-03;3 FNTX-S;2115;Cap;Triple-Lok® 37° Flare female swivel cap end;n.v.t.;JIC;3/8-24;wartelend;;;;;3/16;82
2115-04;4FNMTXS;2115;Cap;Triple-Lok® 37° Flare female swivel cap end;n.v.t.;JIC;7/16-20;wartelend;;;;6;1/4;82
2115-05;5FNMTXS;2115;Cap;Triple-Lok® 37° Flare female swivel cap end;n.v.t.;JIC;1/2-20;wartelend;;;;8;5/16;82
2115-06;6FNMTXS;2115;Cap;Triple-Lok® 37° Flare female swivel cap end;n.v.t.;JIC;9/16-18;wartelend;;;;10;3/8;82
2115-08;8FNMTXS;2115;Cap;Triple-Lok® 37° Flare female swivel cap end;n.v.t.;JIC;3/4-16;wartelend;;;;12;1/2;82
2115-10;10FNMTXS;2115;Cap;Triple-Lok® 37° Flare female swivel cap end;n.v.t.;JIC;7/8-14;wartelend;;;;14, 15, 16;5/8;82
2115-12;12FNMTXS;2115;Cap;Triple-Lok® 37° Flare female swivel cap end;n.v.t.;JIC;1 1/16-12;wartelend;;;;18, 20;3/4;82
2115-14;14 FNTX-S;2115;Cap;Triple-Lok® 37° Flare female swivel cap end;n.v.t.;JIC;1 3/16-12;wartelend;;;;22;7/8;82
2115-16;16FNMTXS;2115;Cap;Triple-Lok® 37° Flare female swivel cap end;n.v.t.;JIC;1 5/16-12;wartelend;;;;25;1;82
2115-20;20FNMTXS;2115;Cap;Triple-Lok® 37° Flare female swivel cap end;n.v.t.;JIC;1 5/8-12;wartelend;;;;28, 30, 32;1 1/4;82
2115-24;24FNMTXS;2115;Cap;Triple-Lok® 37° Flare female swivel cap end;n.v.t.;JIC;1 7/8-12;wartelend;;;;35, 38;1 1/2;82
2115-32;32 FNTX-S;2115;Cap;Triple-Lok® 37° Flare female swivel cap end;n.v.t.;JIC;2 1/2-12;wartelend;;;;;2;82
4 FNTX-B;4 FNTX-B;2115;Cap;T-LOK CAP - 4 FNTX-B;n.v.t.;JIC;7/16-20;wartelend;;;;;1/4;
6 FNTX-B;6 FNTX-B;2115;Cap;T-LOK CAP - 6 FNTX-B;n.v.t.;JIC;9/16-18;wartelend;;;;;3/8;
2119-04;;2119;Cap;JIS BSPP 60° blanking cap;n.v.t.;JIS;1/4-19;binnen;;;;;;42
2119-06;;2119;Cap;JIS BSPP 60° blanking cap;n.v.t.;JIS;3/8-19;binnen;;;;;;42
2119-08;;2119;Cap;JIS BSPP 60° blanking cap;n.v.t.;JIS;1/2-14;binnen;;;;;;42
2119-12;;2119;Cap;JIS BSPP 60° blanking cap;n.v.t.;JIS;3/4-14;binnen;;;;;;42
2119-16;;2119;Cap;JIS BSPP 60° blanking cap;n.v.t.;JIS;1-11;binnen;;;;;;42
2119-M14;;2119;Cap;SWIVEL BLANKING CAP JIS METRIC-komatsu;n.v.t.;JIS;M 14×1.5;wartelend;;;;;;42
2119-M16;;2119;Cap;SWIVEL BLANKING CAP JIS METRIC-komatsu;n.v.t.;JIS;M 16×1.5;wartelend;;;;;;42
2119-M18;;2119;Cap;SWIVEL BLANKING CAP JIS METRIC-komatsu;n.v.t.;JIS;M 18×1.5;wartelend;;;;;;42
2119-M22;;2119;Cap;SWIVEL BLANKING CAP JIS METRIC-komatsu;n.v.t.;JIS;M 22×1.5;wartelend;;;;;;42
2119-M24;;2119;Cap;SWIVEL BLANKING CAP JIS METRIC-komatsu;n.v.t.;JIS;M 24×1.5;wartelend;;;;;;42
2119-M30;;2119;Cap;SWIVEL BLANKING CAP JIS METRIC-komatsu;n.v.t.;JIS;M 30×1.5;wartelend;;;;;;42
2119-M33;;2119;Cap;SWIVEL BLANKING CAP JIS METRIC-komatsu;n.v.t.;JIS;M 33×2.0;wartelend;;;;;;42
12 PNTX-B;12 PNTX-B;2120;Plug;Triple-Lok® 37° Flare end plug;n.v.t.;JIC;1 1/16-12;buiten;;;;;3/4;
16PNMTXS;16PNMTXS;2120;Plug;Triple-Lok® 37° Flare end plug;n.v.t.;JIC;1 5/16-12;buiten;;;;;1;83
2120-02;2 PNTX-S;2120;Plug;Triple-Lok® 37° Flare end plug;n.v.t.;JIC;5/16-24;buiten;;;;;1/8;83
2120-03;3 PNTX-S;2120;Plug;Triple-Lok® 37° Flare end plug;n.v.t.;JIC;3/8-24;buiten;;;;;3/16;83
2120-04;4PNMTXS;2120;Plug;Triple-Lok® 37° Flare end plug;n.v.t.;JIC;7/16-20;buiten;;;;6;1/4;83
2120-05;5PNMTXS;2120;Plug;Triple-Lok® 37° Flare end plug;n.v.t.;JIC;1/2-20;buiten;;;;8;5/16;83
2120-06;6 PNTX-S;2120;Plug;Triple-Lok® 37° Flare end plug;n.v.t.;JIC;9/16-18;buiten;;;;10;3/8;83
2120-07-SAE;;2120;Plug;Triple-Lok® 37° Flare end plug;n.v.t.;JIC;;buiten;;;;;;83
2120-08;8PNMTXS;2120;Plug;Triple-Lok® 37° Flare end plug;n.v.t.;JIC;3/4-16;buiten;;;;12;1/2;83
2120-10;10PNMTXS;2120;Plug;Triple-Lok® 37° Flare end plug;n.v.t.;JIC;7/8-14;buiten;;;;14, 15, 16;5/8;83
2120-10-AS;;2120;Plug;Triple-Lok® 37° Flare end plug;n.v.t.;JIC;7/8-14;buiten;;;;;;83
2120-12;12PNMTXS;2120;Plug;Triple-Lok® 37° Flare end plug;n.v.t.;JIC;1 1/16-12;buiten;;;;18, 20;3/4;83
2120-14;14 PNTX-S;2120;Plug;Triple-Lok® 37° Flare end plug;n.v.t.;JIC;1 3/16-12;buiten;;;;22;7/8;83
2120-16;16 PNTX-S;2120;Plug;Triple-Lok® 37° Flare end plug;n.v.t.;JIC;1 5/16-12;buiten;;;;25;1;83
2120-20;20 PNTX-S;2120;Plug;Triple-Lok® 37° Flare end plug;n.v.t.;JIC;1 5/8-12;buiten;;;;28, 30, 32;1 1/4;83
2120-24;24 PNTX-S;2120;Plug;Triple-Lok® 37° Flare end plug;n.v.t.;JIC;1 7/8-12;buiten;;;;35, 38;1 1/2;83
2120-32;32 PNTX-S;2120;Plug;Triple-Lok® 37° Flare end plug;n.v.t.;JIC;2 1/2-12;buiten;;;;;2;83
4 PNTX-B;4 PNTX-B;2120;Plug;Triple-Lok® 37° Flare end plug;n.v.t.;JIC;7/16-20;buiten;;;;;1/4;
6PNMTXS;6PNMTXS;2120;Plug;Triple-Lok® 37° Flare end plug;n.v.t.;JIC;9/16-18;buiten;;;;;3/8;83
2140-02;2PNMK4S;2140;Plug;BSPP 60° blanking plug;n.v.t.;BSPP;1/8-28;buiten;;;;;;5
2140-04;4PNMK4S;2140;Plug;BSPP 60° blanking plug;n.v.t.;BSPP;1/4-19;buiten;;;;;;5
2140-04BZK;4PNMK4S;2140;Plug;BSPP 60° blanking plug;n.v.t.;BSPP;1/4-19;buiten;;;;;;5
2140-06;6PNMK4S;2140;Plug;BSPP 60° blanking plug;n.v.t.;BSPP;3/8-19;buiten;;;;;;5
2140-06BZK;6PNMK4S;2140;Plug;BSPP 60° blanking plug;n.v.t.;BSPP;3/8-19;buiten;;;;;;5
2140-08;8PNMK4S;2140;Plug;BSPP 60° blanking plug;n.v.t.;BSPP;1/2-14;buiten;;;;;;5
2140-08BZK;8PNMK4S;2140;Plug;BSPP 60° blanking plug;n.v.t.;BSPP;1/2-14;buiten;;;;;;5
2140-08X1.5;;2140;Plug;BSPP 60° blanking plug;n.v.t.;BSPP;M 8×1.5;buiten;;;;;;5
2140-10;10PNMK4S;2140;Plug;BSPP 60° blanking plug;n.v.t.;BSPP;5/8-14;buiten;;;;;;5
2140-10X1.0BZK;;2140;Plug;BSPP 60° blanking plug;n.v.t.;BSPP;M 10×1.0;buiten;;;;;;5
2140-10X1BZK;;2140;Plug;BSPP 60° blanking plug;n.v.t.;BSPP;M 10×1;buiten;;;;;;5
2140-12;12PNMK4S;2140;Plug;BSPP 60° blanking plug;n.v.t.;BSPP;3/4-14;buiten;;;;;;5
2140-12BZK;12PNMK4S;2140;Plug;BSPP 60° blanking plug;n.v.t.;BSPP;3/4-14;buiten;;;;;;5
2140-12X1,25;;2140;Plug;BSPP 60° blanking plug;n.v.t.;BSPP;M 12×1.25;buiten;;;;;;5
2140-12X1.5;;2140;Plug;BSPP 60° blanking plug;n.v.t.;BSPP;M 12×1.5;buiten;;;;;;5
2140-14X1.5;;2140;Plug;BSPP 60° blanking plug;n.v.t.;BSPP;M 14×1.5;buiten;;;;;;5
2140-16;16PNMK4S;2140;Plug;BSPP 60° blanking plug;n.v.t.;BSPP;1-11;buiten;;;;;;5
2140-16BZK;16PNMK4S;2140;Plug;BSPP 60° blanking plug;n.v.t.;BSPP;1-11;buiten;;;;;;5
2140-16X1.5;;2140;Plug;BSPP 60° blanking plug;n.v.t.;BSPP;M 16×1.5;buiten;;;;;;5
2140-16X1.5BZK;;2140;Plug;BSPP 60° blanking plug;n.v.t.;BSPP;M 16×1.5;buiten;;;;;;5
2140-18X1.5;;2140;Plug;BSPP 60° blanking plug;n.v.t.;BSPP;M 18×1.5;buiten;;;;;;5
2140-20;20PNMK4S;2140;Plug;BSPP 60° blanking plug;n.v.t.;BSPP;1 1/4-11;buiten;;;;;;5
2140-20BZK;20PNMK4S;2140;Plug;BSPP 60° blanking plug;n.v.t.;BSPP;1 1/4-11;buiten;;;;;;5
2140-20X1.5;;2140;Plug;BSPP 60° blanking plug;n.v.t.;BSPP;M 20×1.5;buiten;;;;;;5
2140-22X1.5;;2140;Plug;BSPP 60° blanking plug;n.v.t.;BSPP;M 22×1.5;buiten;;;;;;5
2140-22X1.5 14MM INW 10MM;;2140;Plug;BSPP 60° blanking plug;n.v.t.;BSPP;M 22×1.5;buiten;;;;;;5
2140-24;24PNMK4S;2140;Plug;BSPP 60° blanking plug;n.v.t.;BSPP;1 1/2-11;buiten;;;;;;5
2140-24BZK;24PNMK4S;2140;Plug;BSPP 60° blanking plug;n.v.t.;BSPP;1 1/2-11;buiten;;;;;;5
2140-24X1.5;;2140;Plug;BSPP 60° blanking plug;n.v.t.;BSPP;M 24×1.5;buiten;;;;;;5
2140-25X1.5;;2140;Plug;BSPP 60° blanking plug;n.v.t.;BSPP;M 25×1.5;buiten;;;;;;5
2140-30X1.5;;2140;Plug;BSPP 60° blanking plug;n.v.t.;BSPP;M 30×1.5;buiten;;;;;;5
2140-32;32PNMK4S;2140;Plug;BSPP 60° blanking plug;n.v.t.;BSPP;2-11;buiten;;;;;;5
2140-32BZK;32PNMK4S;2140;Plug;BSPP 60° blanking plug;n.v.t.;BSPP;2-11;buiten;;;;;;5
2140-36X1.5BZK;;2140;Plug;BSPP 60° blanking plug;n.v.t.;BSPP;M 36×1.5;buiten;;;;;;5
2140-38X1.5;;2140;Plug;BSPP 60° blanking plug;n.v.t.;BSPP;M 38×1.5;buiten;;;;;;5
2140-40;-;2140;Plug;BSPP 60° blanking plug;n.v.t.;BSPP;2 1/2-11;buiten;;;;;;5
2140-48;-;2140;Plug;BSPP 60° blanking plug;n.v.t.;BSPP;3-11;buiten;;;;;;5
2140-56;-;2140;Plug;BSPP 60° blanking plug;n.v.t.;BSPP;3 1/2-11;buiten;;;;;;5
2141-02;;2141;Plug;CLOSING PLUG HEX. SOCKET DIN 906 FULL THREAD;n.v.t.;BSPT;1/8-28;buiten;;;;;;
2141-04;;2141;Plug;CLOSING PLUG HEX. SOCKET DIN 906 FULL THREAD;n.v.t.;BSPT;1/4-19;buiten;;;;;;
2141-06;;2141;Plug;CLOSING PLUG HEX. SOCKET DIN 906 FULL THREAD;n.v.t.;BSPT;3/8-19;buiten;;;;;;
2141-08;;2141;Plug;CLOSING PLUG HEX. SOCKET DIN 906 FULL THREAD;n.v.t.;BSPT;1/2-14;buiten;;;;;;
2141-12;;2141;Plug;CLOSING PLUG HEX. SOCKET DIN 906 FULL THREAD;n.v.t.;BSPT;3/4-14;buiten;;;;;;
2141-16;;2141;Plug;CLOSING PLUG HEX. SOCKET DIN 906 FULL THREAD;n.v.t.;BSPT;1-11;buiten;;;;;;
2141-20;;2141;Plug;CLOSING PLUG HEX. SOCKET DIN 906 FULL THREAD;n.v.t.;BSPT;1 1/4-11;buiten;;;;;;
2141-24;;2141;Plug;CLOSING PLUG HEX. SOCKET DIN 906 FULL THREAD;n.v.t.;BSPT;1 1/2-11;buiten;;;;;;
2141-32;;2141;Plug;CLOSING PLUG HEX. SOCKET DIN 906 FULL THREAD;n.v.t.;BSPT;2-11;buiten;;;;;;
2142-02;1/8HP3MS;2142;Plug;Male BSPT thread;n.v.t.;BSPT;1/8-28;buiten;;;;;;4
2142-04;1/4HP3MS;2142;Plug;Male BSPT thread;n.v.t.;BSPT;1/4-19;buiten;;;;;;4
2142-06;3/8HP3MS;2142;Plug;Male BSPT thread;n.v.t.;BSPT;3/8-19;buiten;;;;;;4
2142-08;1/2HP3MS;2142;Plug;Male BSPT thread;n.v.t.;BSPT;1/2-14;buiten;;;;;;4
2142-12;3/4HP3MS;2142;Plug;Male BSPT thread;n.v.t.;BSPT;3/4-14;buiten;;;;;;4
2142-16;1HP3MS;2142;Plug;Male BSPT thread;n.v.t.;BSPT;1-11;buiten;;;;;;4
2142-20;-;2142;Plug;Male BSPT thread;n.v.t.;BSPT;1 1/4-11;buiten;;;;;;4
2143-02-04;;2143;Adapter;ADAPTER BSP MALE X FEMALE;recht;BSPP;1/8-28;buiten;BSPP;1/4-19;binnen;;;
2143-04-02;;2143;Adapter;ADAPTER BSP MALE X FEMALE;recht;BSPP;1/4-19;buiten;BSPP;1/8-28;binnen;;;
2143-04-06;;2143;Adapter;ADAPTER BSP MALE X FEMALE;recht;BSPP;1/4-19;buiten;BSPP;3/8-19;binnen;;;
2143-04-08;;2143;Adapter;ADAPTER BSP MALE X FEMALE;recht;BSPP;1/4-19;buiten;BSPP;1/2-14;binnen;;;
2143-06-04;;2143;Adapter;ADAPTER BSP MALE X FEMALE;recht;BSPP;3/8-19;buiten;BSPP;1/4-19;binnen;;;
2143-06-08;;2143;Adapter;ADAPTER BSP MALE X FEMALE;recht;BSPP;3/8-19;buiten;BSPP;1/2-14;binnen;;;
2143-06-12;;2143;Adapter;ADAPTER BSP MALE X FEMALE;recht;BSPP;3/8-19;buiten;BSPP;3/4-14;binnen;;;
2143-08-04;;2143;Adapter;ADAPTER BSP MALE X FEMALE;recht;BSPP;1/2-14;buiten;BSPP;1/4-19;binnen;;;
2143-08-06;;2143;Adapter;ADAPTER BSP MALE X FEMALE;recht;BSPP;1/2-14;buiten;BSPP;3/8-19;binnen;;;
2143-08-12;;2143;Adapter;ADAPTER BSP MALE X FEMALE;recht;BSPP;1/2-14;buiten;BSPP;3/4-14;binnen;;;
2143-08-16;;2143;Adapter;ADAPTER BSP MALE X FEMALE;recht;BSPP;1/2-14;buiten;BSPP;1-11;binnen;;;
2143-10-04;;2143;Adapter;ADAPTER BSP MALE X FEMALE;recht;BSPP;5/8-14;buiten;BSPP;1/4-19;binnen;;;
2143-12-04;;2143;Adapter;ADAPTER BSP MALE X FEMALE;recht;BSPP;3/4-14;buiten;BSPP;1/4-19;binnen;;;
2143-12-06;;2143;Adapter;ADAPTER BSP MALE X FEMALE;recht;BSPP;3/4-14;buiten;BSPP;3/8-19;binnen;;;
2143-12-08;;2143;Adapter;ADAPTER BSP MALE X FEMALE;recht;BSPP;3/4-14;buiten;BSPP;1/2-14;binnen;;;
2143-12-16;;2143;Adapter;ADAPTER BSP MALE X FEMALE;recht;BSPP;3/4-14;buiten;BSPP;1-11;binnen;;;
2143-12-20;;2143;Adapter;ADAPTER BSP MALE X FEMALE;recht;BSPP;3/4-14;buiten;BSPP;1 1/4-11;binnen;;;
2143-16-08;;2143;Adapter;ADAPTER BSP MALE X FEMALE;recht;BSPP;1-11;buiten;BSPP;1/2-14;binnen;;;
2143-16-12;;2143;Adapter;ADAPTER BSP MALE X FEMALE;recht;BSPP;1-11;buiten;BSPP;3/4-14;binnen;;;
2143-16-20;;2143;Adapter;ADAPTER BSP MALE X FEMALE;recht;BSPP;1-11;buiten;BSPP;1 1/4-11;binnen;;;
2143-16-24;;2143;Adapter;ADAPTER BSP MALE X FEMALE;recht;BSPP;1-11;buiten;BSPP;1 1/2-11;binnen;;;
2143-20-12;;2143;Adapter;ADAPTER BSP MALE X FEMALE;recht;BSPP;1 1/4-11;buiten;BSPP;3/4-14;binnen;;;
2143-20-16;;2143;Adapter;ADAPTER BSP MALE X FEMALE;recht;BSPP;1 1/4-11;buiten;BSPP;1-11;binnen;;;
2143-20-24;;2143;Adapter;ADAPTER BSP MALE X FEMALE;recht;BSPP;1 1/4-11;buiten;BSPP;1 1/2-11;binnen;;;
2143-24-16;;2143;Adapter;ADAPTER BSP MALE X FEMALE;recht;BSPP;1 1/2-11;buiten;BSPP;1-11;binnen;;;
2143-24-20;;2143;Adapter;ADAPTER BSP MALE X FEMALE;recht;BSPP;1 1/2-11;buiten;BSPP;1 1/4-11;binnen;;;
2143-32-16;;2143;Adapter;ADAPTER BSP MALE X FEMALE;recht;BSPP;2-11;buiten;BSPP;1-11;binnen;;;
2149-04;;2149;Plug;JIS BSPP 60° blanking plug;n.v.t.;JIS;1/4-19;buiten;;;;;;42
2149-06;;2149;Plug;JIS BSPP 60° blanking plug;n.v.t.;JIS;3/8-19;buiten;;;;;;42
2149-08;;2149;Plug;JIS BSPP 60° blanking plug;n.v.t.;JIS;1/2-14;buiten;;;;;;42
2149-12;;2149;Plug;JIS BSPP 60° blanking plug;n.v.t.;JIS;3/4-14;buiten;;;;;;42
2149-16;;2149;Plug;JIS BSPP 60° blanking plug;n.v.t.;JIS;1-11;buiten;;;;;;42
2149-M14;;2149;Plug;SOLID PLUG JIS METRIC-komatsu;n.v.t.;JIS;M 14×1.5;buiten;;;;;;42
2149-M16;;2149;Plug;SOLID PLUG JIS METRIC-komatsu;n.v.t.;JIS;M 16×1.5;buiten;;;;;;42
2149-M18;;2149;Plug;SOLID PLUG JIS METRIC-komatsu;n.v.t.;JIS;M 18×1.5;buiten;;;;;;42
2149-M22;;2149;Plug;SOLID PLUG JIS METRIC-komatsu;n.v.t.;JIS;M 22×1.5;buiten;;;;;;42
2149-M24;;2149;Plug;SOLID PLUG JIS METRIC-komatsu;n.v.t.;JIS;M 24×1.5;buiten;;;;;;42
2149-M30;;2149;Plug;SOLID PLUG JIS METRIC-komatsu;n.v.t.;JIS;M 30×1.5;buiten;;;;;;42
2149-M33;;2149;Plug;SOLID PLUG JIS METRIC-komatsu;n.v.t.;JIS;M 33×2.0;buiten;;;;;;42
2213-02-02;;2213;Swivel nut union;BSPP 60° Female swivel ends;recht;BSPP;1/8-28;wartelend;BSPP;1/8-28;wartelend;;;8
2213-02-04;;2213;Swivel nut union;BSPP 60° Female swivel ends;recht;BSPP;1/8-28;wartelend;BSPP;1/4-19;wartelend;;;8
2213-02-06;;2213;Swivel nut union;BSPP 60° Female swivel ends;recht;BSPP;1/8-28;wartelend;BSPP;3/8-19;wartelend;;;8
2213-04-04;4H6MK4S;2213;Swivel nut union;BSPP 60° Female swivel ends;recht;BSPP;1/4-19;wartelend;BSPP;1/4-19;wartelend;;;8
2213-04-06;6-4H6MK4S;2213;Swivel nut union;BSPP 60° Female swivel ends;recht;BSPP;3/8-19;wartelend;BSPP;1/4-19;wartelend;;;8
2213-04-08;8-4H6MK4S;2213;Swivel nut union;BSPP 60° Female swivel ends;recht;BSPP;1/2-14;wartelend;BSPP;1/4-19;wartelend;;;8
2213-04-12;;2213;Swivel nut union;BSPP 60° Female swivel ends;recht;BSPP;1/4-19;wartelend;BSPP;3/4-14;wartelend;;;8
2213-06-06;6H6MK4S;2213;Swivel nut union;BSPP 60° Female swivel ends;recht;BSPP;3/8-19;wartelend;BSPP;3/8-19;wartelend;;;8
2213-06-08;8-6H6MK4S;2213;Swivel nut union;BSPP 60° Female swivel ends;recht;BSPP;1/2-14;wartelend;BSPP;3/8-19;wartelend;;;8
2213-06-10;;2213;Swivel nut union;BSPP 60° Female swivel ends;recht;BSPP;3/8-19;wartelend;BSPP;5/8-14;wartelend;;;8
2213-06-12;;2213;Swivel nut union;BSPP 60° Female swivel ends;recht;BSPP;3/8-19;wartelend;BSPP;3/4-14;wartelend;;;8
2213-08-08;8H6MK4S;2213;Swivel nut union;BSPP 60° Female swivel ends;recht;BSPP;1/2-14;wartelend;BSPP;1/2-14;wartelend;;;8
2213-08-10;;2213;Swivel nut union;BSPP 60° Female swivel ends;recht;BSPP;1/2-14;wartelend;BSPP;5/8-14;wartelend;;;8
2213-08-12;12-8H6MK4S;2213;Swivel nut union;BSPP 60° Female swivel ends;recht;BSPP;3/4-14;wartelend;BSPP;1/2-14;wartelend;;;8
2213-08-16;;2213;Swivel nut union;BSPP 60° Female swivel ends;recht;BSPP;1/2-14;wartelend;BSPP;1-11;wartelend;;;8
2213-10-10;10H6MK4S;2213;Swivel nut union;BSPP 60° Female swivel ends;recht;BSPP;5/8-14;wartelend;BSPP;5/8-14;wartelend;;;8
2213-12-12;12H6MK4S;2213;Swivel nut union;BSPP 60° Female swivel ends;recht;BSPP;3/4-14;wartelend;BSPP;3/4-14;wartelend;;;8
2213-12-16;;2213;Swivel nut union;BSPP 60° Female swivel ends;recht;BSPP;3/4-14;wartelend;BSPP;1-11;wartelend;;;8
2213-16-16;16H6MK4S;2213;Swivel nut union;BSPP 60° Female swivel ends;recht;BSPP;1-11;wartelend;BSPP;1-11;wartelend;;;8
2213-16-20;;2213;Swivel nut union;BSPP 60° Female swivel ends;recht;BSPP;1-11;wartelend;BSPP;1 1/4-11;wartelend;;;8
2213-20-20;20H6MK4S;2213;Swivel nut union;BSPP 60° Female swivel ends;recht;BSPP;1 1/4-11;wartelend;BSPP;1 1/4-11;wartelend;;;8
2213-20-24;;2213;Swivel nut union;BSPP 60° Female swivel ends;recht;BSPP;1 1/4-11;wartelend;BSPP;1 1/2-11;wartelend;;;8
2213-24-24;24H6MK4S;2213;Swivel nut union;BSPP 60° Female swivel ends;recht;BSPP;1 1/2-11;wartelend;BSPP;1 1/2-11;wartelend;;;8
2213-32-32;-;2213;Swivel nut union;BSPP 60° Female swivel ends;recht;BSPP;2-11;wartelend;BSPP;2-11;wartelend;;;8
2215-04-04;4 HX6-S;2215;Swivel nut union;Triple-Lok® 37° Flare female swivel ends;recht;JIC;7/16-20;wartelend;JIC;7/16-20;wartelend;6;1/4;57
2215-04-05;;2215;Swivel nut union;Triple-Lok® 37° Flare female swivel ends;recht;JIC;7/16-20;wartelend;JIC;1/2-20;wartelend;6;1/4;57
2215-04-06;;2215;Swivel nut union;Triple-Lok® 37° Flare female swivel ends;recht;JIC;7/16-20;wartelend;JIC;9/16-18;wartelend;6;1/4;57
2215-05-05;;2215;Swivel nut union;Triple-Lok® 37° Flare female swivel ends;recht;JIC;1/2-20;wartelend;JIC;1/2-20;wartelend;8;5/16;57
2215-05-06;;2215;Swivel nut union;Triple-Lok® 37° Flare female swivel ends;recht;JIC;1/2-20;wartelend;JIC;9/16-18;wartelend;8;5/16;57
2215-06-06;6 HX6-S;2215;Swivel nut union;Triple-Lok® 37° Flare female swivel ends;recht;JIC;9/16-18;wartelend;JIC;9/16-18;wartelend;8, 10;5/16, 3/8;57
2215-06-08;;2215;Swivel nut union;Triple-Lok® 37° Flare female swivel ends;recht;JIC;9/16-18;wartelend;JIC;3/4-16;wartelend;10;3/8;57
2215-08-08;8 HX6-S;2215;Swivel nut union;Triple-Lok® 37° Flare female swivel ends;recht;JIC;3/4-16;wartelend;JIC;3/4-16;wartelend;12;1/2;57
2215-08-10;;2215;Swivel nut union;Triple-Lok® 37° Flare female swivel ends;recht;JIC;3/4-16;wartelend;JIC;7/8-14;wartelend;12;1/2;57
2215-08-12;;2215;Swivel nut union;Triple-Lok® 37° Flare female swivel ends;recht;JIC;3/4-16;wartelend;JIC;1 1/16-12;wartelend;12;1/2;57
2215-10-10;10 HX6-S;2215;Swivel nut union;Triple-Lok® 37° Flare female swivel ends;recht;JIC;7/8-14;wartelend;JIC;7/8-14;wartelend;14, 15,16;5/8;57
2215-10-12;;2215;Swivel nut union;Triple-Lok® 37° Flare female swivel ends;recht;JIC;7/8-14;wartelend;JIC;1 1/16-12;wartelend;;5/8;57
2215-12-12;12 HX6-S;2215;Swivel nut union;Triple-Lok® 37° Flare female swivel ends;recht;JIC;1 1/16-12;wartelend;JIC;1 1/16-12;wartelend;18, 20;3/4;57
2215-12-14;;2215;Swivel nut union;Triple-Lok® 37° Flare female swivel ends;recht;JIC;1 1/16-12;wartelend;JIC;1 3/16-12;wartelend;18, 20;3/4;57
2215-12-16;;2215;Swivel nut union;Triple-Lok® 37° Flare female swivel ends;recht;JIC;1 1/16-12;wartelend;JIC;1 5/16-12;wartelend;18, 20;3/4;57
2215-16-16;16 HX6-S;2215;Swivel nut union;Triple-Lok® 37° Flare female swivel ends;recht;JIC;1 5/16-12;wartelend;JIC;1 5/16-12;wartelend;25;1;57
2215-20-20;;2215;Swivel nut union;Triple-Lok® 37° Flare female swivel ends;recht;JIC;1 5/8-12;wartelend;JIC;1 5/8-12;wartelend;28, 30, 32;1 1/4;57
2215-24-24;;2215;Swivel nut union;Triple-Lok® 37° Flare female swivel ends;recht;JIC;1 7/8-12;wartelend;JIC;1 7/8-12;wartelend;35, 38;1 1/2;57
2215-32-32;;2215;Swivel nut union;Triple-Lok® 37° Flare female swivel ends;recht;JIC;2 1/2-12;wartelend;JIC;2 1/2-12;wartelend;;2;57
2219-04-04;4F3T4S;2219;Male stud connector;JIS BSPP 60° cone adapters / Male BSPT thread;recht;JIS;1/4-19;buiten;BSPT;1/4-19;buiten;;;40
2219-04-06;4-6F3T4S;2219;Male stud connector;JIS BSPP 60° cone adapters / Male BSPT thread;recht;JIS;1/4-19;buiten;BSPT;3/8-19;buiten;;;40
2219-06-04;6-4F3T4S;2219;Male stud connector;JIS BSPP 60° cone adapters / Male BSPT thread;recht;JIS;3/8-19;buiten;BSPT;1/4-19;buiten;;;40
2219-06-06;6F3T4S;2219;Male stud connector;JIS BSPP 60° cone adapters / Male BSPT thread;recht;JIS;3/8-19;buiten;BSPT;3/8-19;buiten;;;40
2219-08-06;8-6F3T4S;2219;Male stud connector;JIS BSPP 60° cone adapters / Male BSPT thread;recht;JIS;1/2-14;buiten;BSPT;3/8-19;buiten;;;40
2219-08-08;8F3T4S;2219;Male stud connector;JIS BSPP 60° cone adapters / Male BSPT thread;recht;JIS;1/2-14;buiten;BSPT;1/2-14;buiten;;;40
2219-12-12;12F3T4S;2219;Male stud connector;JIS BSPP 60° cone adapters / Male BSPT thread;recht;JIS;3/4-14;buiten;BSPT;3/4-14;buiten;;;40
2219-16-16;16F3T4S;2219;Male stud connector;JIS BSPP 60° cone adapters / Male BSPT thread;recht;JIS;1-11;buiten;BSPT;1-11;buiten;;;40
2219-20-20;20F3T4S;2219;Male stud connector;JIS BSPP 60° cone adapters / Male BSPT thread;recht;JIS;1 1/4-11;buiten;BSPT;1 1/4-11;buiten;;;40
2221-02-04;4G4MXS;2221;Female connector;Triple-Lok® 37° Flare end / Female BSPP thread;recht;JIC;7/16-20;buiten;BSPP;1/8-28;binnen;6;1/4;78
2221-02-05;5G4MXS;2221;Female connector;Triple-Lok® 37° Flare end / Female BSPP thread;recht;JIC;1/2-20;buiten;BSPP;1/8-28;binnen;8;5/16;78
2221-04-02;4G4MXS;2221;Female connector;Triple-Lok® 37° Flare end / Female BSPP thread;recht;JIC;7/16-20;buiten;BSPP;1/8-28;binnen;6;1/4;78
2221-04-04;4-4G4MXS;2221;Female connector;Triple-Lok® 37° Flare end / Female BSPP thread;recht;JIC;7/16-20;buiten;BSPP;1/4-19;binnen;6;1/4;78
2221-04-05;5-4G4MXS;2221;Female connector;Triple-Lok® 37° Flare end / Female BSPP thread;recht;JIC;1/2-20;buiten;BSPP;1/4-19;binnen;8;5/16;78
2221-04-06;6G4MXS;2221;Female connector;Triple-Lok® 37° Flare end / Female BSPP thread;recht;JIC;9/16-18;buiten;BSPP;1/4-19;binnen;10;3/8;78
2221-06-06;6-6G4MXS;2221;Female connector;Triple-Lok® 37° Flare end / Female BSPP thread;recht;JIC;9/16-18;buiten;BSPP;3/8-19;binnen;10;3/8;78
2221-06-08;8G4MXS;2221;Female connector;Triple-Lok® 37° Flare end / Female BSPP thread;recht;JIC;3/4-16;buiten;BSPP;3/8-19;binnen;12;1/2;78
2221-08-02;;2221;Female connector;Triple-Lok® 37° Flare end / Female BSPP thread;recht;JIC;3/4-16;buiten;BSPP;1/8-28;binnen;12;1/2;78
2221-08-04;8-4G4MXS;2221;Female connector;Triple-Lok® 37° Flare end / Female BSPP thread;recht;JIC;3/4-16;buiten;BSPP;1/4-19;binnen;12;1/2;78
2221-08-08;8-8G4MXS;2221;Female connector;Triple-Lok® 37° Flare end / Female BSPP thread;recht;JIC;3/4-16;buiten;BSPP;1/2-14;binnen;12;1/2;78
2221-08-10;10G4MXS;2221;Female connector;Triple-Lok® 37° Flare end / Female BSPP thread;recht;JIC;7/8-14;buiten;BSPP;1/2-14;binnen;14, 15,16;5/8;78
2221-12-08;12-8G4MXS;2221;Female connector;Triple-Lok® 37° Flare end / Female BSPP thread;recht;JIC;1 1/16-12;buiten;BSPP;1/2-14;binnen;18, 20;3/4;78
2221-12-12;12G4MXS;2221;Female connector;Triple-Lok® 37° Flare end / Female BSPP thread;recht;JIC;1 1/16-12;buiten;BSPP;3/4-14;binnen;18, 20;3/4;78
2221-12-16;;2221;Female connector;Triple-Lok® 37° Flare end / Female BSPP thread;recht;JIC;1 1/16-12;buiten;BSPP;1-11;binnen;18, 20;3/4;78
2221-16-16;16G4MXS;2221;Female connector;Triple-Lok® 37° Flare end / Female BSPP thread;recht;JIC;1 5/16-12;buiten;BSPP;1-11;binnen;25;1;78
2221-20-20;20G4MXS;2221;Female connector;Triple-Lok® 37° Flare end / Female BSPP thread;recht;JIC;1 5/8-12;buiten;BSPP;1 1/4-11;binnen;28, 30, 32;1 1/4;78
2221-24-24;24G4MXS;2221;Female connector;Triple-Lok® 37° Flare end / Female BSPP thread;recht;JIC;1 7/8-12;buiten;BSPP;1 1/2-11;binnen;35, 38;1 1/2;78
10-8HMTXS;10-8HMTXS;2222;Union;Triple-Lok® 37° Flare ends;recht;JIC;7/8-14;buiten;JIC;3/4-16;buiten;;5/8;47
2222-02-02;2 HTX-S;2222;Union;Triple-Lok® 37° Flare ends;recht;JIC;5/16-24;buiten;JIC;5/16-24;buiten;;1/8 1/8;47
2222-02-04;4-2 HTX-S;2222;Union;Triple-Lok® 37° Flare ends;recht;JIC;7/16-20;buiten;JIC;5/16-24;buiten;6;1/4 1/8;47
2222-03-03;3 HTX-S;2222;Union;Triple-Lok® 37° Flare ends;recht;JIC;3/8-24;buiten;JIC;3/8-24;buiten;;3/16 3/16;47
2222-03-04;4-3 HTX-S;2222;Union;Triple-Lok® 37° Flare ends;recht;JIC;7/16-20;buiten;JIC;3/8-24;buiten;6;1/4 3/16;47
2222-04-04;4 HTX-S;2222;Union;Triple-Lok® 37° Flare ends;recht;JIC;7/16-20;buiten;JIC;7/16-20;buiten;6 6;1/4 1/4;47
2222-04-05;5-4HMTXS;2222;Union;Triple-Lok® 37° Flare ends;recht;JIC;1/2-20;buiten;JIC;7/16-20;buiten;8 6;5/16 1/4;47
2222-04-06;6-4HMTXS;2222;Union;Triple-Lok® 37° Flare ends;recht;JIC;9/16-18;buiten;JIC;7/16-20;buiten;10 6;3/8 1/4;47
2222-04-08;8-4 HTX-S;2222;Union;Triple-Lok® 37° Flare ends;recht;JIC;3/4-16;buiten;JIC;7/16-20;buiten;12 6;1/2 1/4;47
2222-05-05;5HMTXS;2222;Union;Triple-Lok® 37° Flare ends;recht;JIC;1/2-20;buiten;JIC;1/2-20;buiten;8 8;5/16 5/16;47
2222-05-06;6-5 HTX-S;2222;Union;Triple-Lok® 37° Flare ends;recht;JIC;9/16-18;buiten;JIC;1/2-20;buiten;10 8;3/8 5/16;47
2222-05-08;;2222;Union;Triple-Lok® 37° Flare ends;recht;JIC;1/2-20;buiten;JIC;3/4-16;buiten;8;5/16;47
2222-06-06;6HMTXS;2222;Union;Triple-Lok® 37° Flare ends;recht;JIC;9/16-18;buiten;JIC;9/16-18;buiten;10 10;3/8 3/8;47
2222-06-08;8-6 HTX-S;2222;Union;Triple-Lok® 37° Flare ends;recht;JIC;3/4-16;buiten;JIC;9/16-18;buiten;12 10;1/2 3/8;47
2222-06-10;10-6HMTXS;2222;Union;Triple-Lok® 37° Flare ends;recht;JIC;7/8-14;buiten;JIC;9/16-18;buiten;14, 15,16 10;5/8 3/8;47
2222-08-08;8HMTXS;2222;Union;Triple-Lok® 37° Flare ends;recht;JIC;3/4-16;buiten;JIC;3/4-16;buiten;12 12;1/2 1/2;47
2222-08-10;10-8 HTX-S;2222;Union;Triple-Lok® 37° Flare ends;recht;JIC;7/8-14;buiten;JIC;3/4-16;buiten;14, 15,16 12;5/8 1/2;47
2222-08-12;12-8 HTX-S;2222;Union;Triple-Lok® 37° Flare ends;recht;JIC;1 1/16-12;buiten;JIC;3/4-16;buiten;18, 20 12;3/4 1/2;47
2222-08-16;;2222;Union;Triple-Lok® 37° Flare ends;recht;JIC;3/4-16;buiten;JIC;1 5/16-12;buiten;12;1/2;47
2222-08-20;;2222;Union;Triple-Lok® 37° Flare ends;recht;JIC;3/4-16;buiten;JIC;1 5/8-12;buiten;12;1/2;47
2222-10-10;10HMTXS;2222;Union;Triple-Lok® 37° Flare ends;recht;JIC;7/8-14;buiten;JIC;7/8-14;buiten;14, 15,16 14, 15,16;5/8 5/8;47
2222-10-12;12-10HMTXS;2222;Union;Triple-Lok® 37° Flare ends;recht;JIC;1 1/16-12;buiten;JIC;7/8-14;buiten;20 14, 15,16;3/4 5/8;47
2222-10-16;;2222;Union;Triple-Lok® 37° Flare ends;recht;JIC;7/8-14;buiten;JIC;1 5/16-12;buiten;;5/8;47
2222-12-12;12HMTXS;2222;Union;Triple-Lok® 37° Flare ends;recht;JIC;1 1/16-12;buiten;JIC;1 1/16-12;buiten;18, 20 18, 20;3/4 3/4;47
2222-12-16;16-12HMTXS;2222;Union;Triple-Lok® 37° Flare ends;recht;JIC;1 5/16-12;buiten;JIC;1 1/16-12;buiten;25 20;1 3/4;47
2222-12-20;20-12HMTXS;2222;Union;Triple-Lok® 37° Flare ends;recht;JIC;1 5/8-12;buiten;JIC;1 1/16-12;buiten;28, 30, 32 18, 20;1 1/4 3/4;47
2222-14-14;14 HTX-S;2222;Union;Triple-Lok® 37° Flare ends;recht;JIC;1 3/16-12;buiten;JIC;1 3/16-12;buiten;22 22;7/8 7/8;47
2222-16-16;16HMTXS;2222;Union;Triple-Lok® 37° Flare ends;recht;JIC;1 5/16-12;buiten;JIC;1 5/16-12;buiten;25 25;1 1;47
2222-16-20;20-16HMTXS;2222;Union;Triple-Lok® 37° Flare ends;recht;JIC;1 5/8-12;buiten;JIC;1 5/16-12;buiten;28, 30, 32 25;1 1/4 1;47
2222-16-24;;2222;Union;Triple-Lok® 37° Flare ends;recht;JIC;1 5/16-12;buiten;JIC;1 7/8-12;buiten;25;1;47
2222-20-20;20HMTXS;2222;Union;Triple-Lok® 37° Flare ends;recht;JIC;1 5/8-12;buiten;JIC;1 5/8-12;buiten;28, 30, 32 28, 30, 32;1 1/4 1 1/4;47
2222-20-20OR;;2222;Union;Triple-Lok® 37° Flare ends;recht;JIC;1 5/8-12;buiten;JIC;1 5/8-12;buiten;28, 30, 32;1 1/4;47
2222-20-24;;2222;Union;Triple-Lok® 37° Flare ends;recht;JIC;1 5/8-12;buiten;JIC;1 7/8-12;buiten;28, 30, 32;1 1/4;47
2222-24-24;24HMTXS;2222;Union;Triple-Lok® 37° Flare ends;recht;JIC;1 7/8-12;buiten;JIC;1 7/8-12;buiten;35, 38 35, 38;1 1/2 1 1/2;47
2222-28-28;28HMTXS;2222;Union;Triple-Lok® 37° Flare ends;recht;JIC;2 1/4-12;buiten;JIC;2 1/4-12;buiten;;1 3/4;47
2222-32-32;32 HTX-S;2222;Union;Triple-Lok® 37° Flare ends;recht;JIC;2 1/2-12;buiten;JIC;2 1/2-12;buiten;;2;47
2224-28-28;28HMTXS;2222;Union;Triple-Lok® 37° Flare ends;recht;JIC;2 1/4-12;buiten;JIC;2 1/4-12;buiten;42 42;;47
2224-32-32;32 HTX-S;2222;Union;Triple-Lok® 37° Flare ends;recht;JIC;2 1/2-12;buiten;JIC;2 1/2-12;buiten;;2 2;47
6 HTX-S;6 HTX-S;2222;Union;Triple-Lok® 37° Flare ends;recht;JIC;9/16-18;buiten;JIC;9/16-18;buiten;;3/8;47
8 HTX-S;8 HTX-S;2222;Union;Triple-Lok® 37° Flare ends;recht;JIC;3/4-16;buiten;JIC;3/4-16;buiten;;1/2;47
2224-04-02;4F42EDMXS;2224;Male stud connector;Triple-Lok® 37° Flare end / Male BSPP thread – ED seal;recht;JIC;7/16-20;buiten;BSPP;1/8-28;buiten;6;1/4;60
2224-04-04;4-4F42EDMXS;2224;Male stud connector;Triple-Lok® 37° Flare end / Male BSPP thread – ED seal;recht;JIC;7/16-20;buiten;BSPP;1/4-19;buiten;6;1/4;60
2224-04-06;4-6F42EDMXS;2224;Male stud connector;Triple-Lok® 37° Flare end / Male BSPP thread – ED seal;recht;JIC;7/16-20;buiten;BSPP;3/8-19;buiten;6;1/4;60
2224-04-08;4-8F42EDMXS;2224;Male stud connector;Triple-Lok® 37° Flare end / Male BSPP thread – ED seal;recht;JIC;7/16-20;buiten;BSPP;1/2-14;buiten;6;1/4;60
2224-04-12;4-12F42EDMXS;2224;Male stud connector;Triple-Lok® 37° Flare end / Male BSPP thread – ED seal;recht;JIC;7/16-20;buiten;BSPP;3/4-14;buiten;6;1/4;60
2224-05-02;5F42EDMXS;2224;Male stud connector;Triple-Lok® 37° Flare end / Male BSPP thread – ED seal;recht;JIC;1/2-20;buiten;BSPP;1/8-28;buiten;8;5/16;60
2224-05-04;5-4F42EDMXS;2224;Male stud connector;Triple-Lok® 37° Flare end / Male BSPP thread – ED seal;recht;JIC;1/2-20;buiten;BSPP;1/4-19;buiten;8;5/16;60
2224-05-06;5-6F42EDMXS;2224;Male stud connector;Triple-Lok® 37° Flare end / Male BSPP thread – ED seal;recht;JIC;1/2-20;buiten;BSPP;3/8-19;buiten;8;5/16;60
2224-05-08;;2224;Male stud connector;Triple-Lok® 37° Flare end / Male BSPP thread – ED seal;recht;JIC;1/2-20;buiten;BSPP;1/2-14;buiten;8;5/16;60
2224-06-02;6-2F42EDMXS;2224;Male stud connector;Triple-Lok® 37° Flare end / Male BSPP thread – ED seal;recht;JIC;9/16-18;buiten;BSPP;1/8-28;buiten;10;3/8;60
2224-06-04;6F42EDMXS;2224;Male stud connector;Triple-Lok® 37° Flare end / Male BSPP thread – ED seal;recht;JIC;9/16-18;buiten;BSPP;1/4-19;buiten;10;3/8;60
2224-06-06;6-6F42EDMXS;2224;Male stud connector;Triple-Lok® 37° Flare end / Male BSPP thread – ED seal;recht;JIC;9/16-18;buiten;BSPP;3/8-19;buiten;10;3/8;60
2224-06-08;6-8F42EDMXS;2224;Male stud connector;Triple-Lok® 37° Flare end / Male BSPP thread – ED seal;recht;JIC;9/16-18;buiten;BSPP;1/2-14;buiten;10;3/8;60
2224-06-10;10-6F42EDMXS;2224;Male stud connector;Triple-Lok® 37° Flare end / Male BSPP thread – ED seal;recht;JIC;9/16-18;buiten;BSPP;5/8-14;buiten;10;3/8;60
2224-06-12;6-12F42EDMXS;2224;Male stud connector;Triple-Lok® 37° Flare end / Male BSPP thread – ED seal;recht;JIC;9/16-18;buiten;BSPP;3/4-14;buiten;10;3/8;60
2224-08-04;8-4F42EDMXS;2224;Male stud connector;Triple-Lok® 37° Flare end / Male BSPP thread – ED seal;recht;JIC;3/4-16;buiten;BSPP;1/4-19;buiten;12;1/2;60
2224-08-06;8F42EDMXS;2224;Male stud connector;Triple-Lok® 37° Flare end / Male BSPP thread – ED seal;recht;JIC;3/4-16;buiten;BSPP;3/8-19;buiten;12;1/2;60
2224-08-08;8-8F42EDMXS;2224;Male stud connector;Triple-Lok® 37° Flare end / Male BSPP thread – ED seal;recht;JIC;3/4-16;buiten;BSPP;1/2-14;buiten;12;1/2;60
2224-08-10;10F42EDMXS;2224;Male stud connector;Triple-Lok® 37° Flare end / Male BSPP thread – ED seal;recht;JIC;3/4-16;buiten;BSPP;5/8-14;buiten;12;1/2;60
2224-08-12;8-12F42EDMXS;2224;Male stud connector;Triple-Lok® 37° Flare end / Male BSPP thread – ED seal;recht;JIC;3/4-16;buiten;BSPP;3/4-14;buiten;12;1/2;60
2224-08-16;8-16F42EDMXS;2224;Male stud connector;Triple-Lok® 37° Flare end / Male BSPP thread – ED seal;recht;JIC;3/4-16;buiten;BSPP;1-11;buiten;12;1/2;60
2224-10-04;10-4F42EDMXS;2224;Male stud connector;Triple-Lok® 37° Flare end / Male BSPP thread – ED seal;recht;JIC;7/8-14;buiten;BSPP;1/4-19;buiten;14, 15, 16;5/8;60
2224-10-06;10-6F42EDMXS;2224;Male stud connector;Triple-Lok® 37° Flare end / Male BSPP thread – ED seal;recht;JIC;7/8-14;buiten;BSPP;3/8-19;buiten;14, 15, 16;5/8;60
2224-10-08;10F42EDMXS;2224;Male stud connector;Triple-Lok® 37° Flare end / Male BSPP thread – ED seal;recht;JIC;7/8-14;buiten;BSPP;1/2-14;buiten;14, 15, 16;5/8;60
2224-10-10;;2224;Male stud connector;Triple-Lok® 37° Flare end / Male BSPP thread – ED seal;recht;JIC;7/8-14;buiten;BSPP;5/8-14;buiten;;5/8;60
2224-10-12;10-12F42EDMXS;2224;Male stud connector;Triple-Lok® 37° Flare end / Male BSPP thread – ED seal;recht;JIC;7/8-14;buiten;BSPP;3/4-14;buiten;14, 15, 16;5/8;60
2224-10-16;10-16F42EDMXS;2224;Male stud connector;Triple-Lok® 37° Flare end / Male BSPP thread – ED seal;recht;JIC;7/8-14;buiten;BSPP;1-11;buiten;14, 15, 16;5/8;60
2224-12-04;4-12F42EDMXS;2224;Male stud connector;Triple-Lok® 37° Flare end / Male BSPP thread – ED seal;recht;JIC;1 1/16-12;buiten;BSPP;1/4-19;buiten;18, 20;3/4;60
2224-12-06;12-6F42EDMXS;2224;Male stud connector;Triple-Lok® 37° Flare end / Male BSPP thread – ED seal;recht;JIC;1 1/16-12;buiten;BSPP;3/8-19;buiten;18, 20;3/4;60
2224-12-08;12-8F42EDMXS;2224;Male stud connector;Triple-Lok® 37° Flare end / Male BSPP thread – ED seal;recht;JIC;1 1/16-12;buiten;BSPP;1/2-14;buiten;18, 20;3/4;60
2224-12-12;12F42EDMXS;2224;Male stud connector;Triple-Lok® 37° Flare end / Male BSPP thread – ED seal;recht;JIC;1 1/16-12;buiten;BSPP;3/4-14;buiten;18, 20;3/4;60
2224-12-16;12-16F42EDMXS;2224;Male stud connector;Triple-Lok® 37° Flare end / Male BSPP thread – ED seal;recht;JIC;1 1/16-12;buiten;BSPP;1-11;buiten;18, 20;3/4;60
2224-12-20;12-20F42EDMXS;2224;Male stud connector;Triple-Lok® 37° Flare end / Male BSPP thread – ED seal;recht;JIC;1 1/16-12;buiten;BSPP;1 1/4-11;buiten;18, 20;3/4;60
2224-14-08;;2224;Male stud connector;Triple-Lok® 37° Flare end / Male BSPP thread – ED seal;recht;JIC;1 3/16-12;buiten;BSPP;1/2-14;buiten;22;7/8;60
2224-14-12;14F42EDMXS;2224;Male stud connector;Triple-Lok® 37° Flare end / Male BSPP thread – ED seal;recht;JIC;1 3/16-12;buiten;BSPP;3/4-14;buiten;22;7/8;60
2224-16-04;;2224;Male stud connector;Triple-Lok® 37° Flare end / Male BSPP thread – ED seal;recht;JIC;1 5/16-12;buiten;BSPP;1/4-19;buiten;25;1;60
2224-16-08;16-8F42EDMXS;2224;Male stud connector;Triple-Lok® 37° Flare end / Male BSPP thread – ED seal;recht;JIC;1 5/16-12;buiten;BSPP;1/2-14;buiten;25;1;60
2224-16-12;16-12F42EDMXS;2224;Male stud connector;Triple-Lok® 37° Flare end / Male BSPP thread – ED seal;recht;JIC;1 5/16-12;buiten;BSPP;3/4-14;buiten;25;1;60
2224-16-16;16F42EDMXS;2224;Male stud connector;Triple-Lok® 37° Flare end / Male BSPP thread – ED seal;recht;JIC;1 5/16-12;buiten;BSPP;1-11;buiten;25;1;60
2224-16-20;16-20F42EDMXS;2224;Male stud connector;Triple-Lok® 37° Flare end / Male BSPP thread – ED seal;recht;JIC;1 5/16-12;buiten;BSPP;1 1/4-11;buiten;25;1;60
2224-16-24;24-16F42EDMXS;2224;Male stud connector;Triple-Lok® 37° Flare end / Male BSPP thread – ED seal;recht;JIC;1 7/8-12;buiten;BSPP;1-11;buiten;35, 38;1 1/2;60
2224-20-12;20-12F42EDMXS;2224;Male stud connector;Triple-Lok® 37° Flare end / Male BSPP thread – ED seal;recht;JIC;1 5/8-12;buiten;BSPP;3/4-14;buiten;28, 30, 32;1 1/4;60
2224-20-16;20-16F42EDMXS;2224;Male stud connector;Triple-Lok® 37° Flare end / Male BSPP thread – ED seal;recht;JIC;1 5/8-12;buiten;BSPP;1-11;buiten;28, 30, 32;1 1/4;60
2224-20-20;20F42EDMXS;2224;Male stud connector;Triple-Lok® 37° Flare end / Male BSPP thread – ED seal;recht;JIC;1 5/8-12;buiten;BSPP;1 1/4-11;buiten;28, 30, 32;1 1/4;60
2224-20-24;20-24F42EDMXS;2224;Male stud connector;Triple-Lok® 37° Flare end / Male BSPP thread – ED seal;recht;JIC;1 5/8-12;buiten;BSPP;1 1/2-11;buiten;28, 30, 32;1 1/4;60
2224-20-24;24-20F42EDMXS;2224;Male stud connector;Triple-Lok® 37° Flare end / Male BSPP thread – ED seal;recht;JIC;1 7/8-12;buiten;BSPP;1 1/4-11;buiten;35, 38;1 1/2;60
2224-24-24;24F42EDMXS;2224;Male stud connector;Triple-Lok® 37° Flare end / Male BSPP thread – ED seal;recht;JIC;1 7/8-12;buiten;BSPP;1 1/2-11;buiten;35, 38;1 1/2;60
2224-28-24;28-24F42EDMXS;2224;Male stud connector;Triple-Lok® 37° Flare end / Male BSPP thread – ED seal;recht;JIC;2 1/4-12;buiten;BSPP;1 1/2-11;buiten;42;;60
2224-32-24;;2224;Male stud connector;Triple-Lok® 37° Flare end / Male BSPP thread – ED seal;recht;JIC;2 1/2-12;buiten;BSPP;1 1/2-11;buiten;;2;60
12FMTXS;12FMTXS;2225;Male stud connector;Triple-Lok® 37° Flare end / Male NPTF thread;recht;NPT/NPTF;3/4-14;buiten;NPT/NPTF;3/4-14;buiten;18, 20;3/4;61
2225-02-02;2 FTX-S;2225;Male stud connector;Triple-Lok® 37° Flare end / Male NPTF thread;recht;NPT/NPTF;1/8-27;buiten;JIC;5/16-24;buiten;;1/8;61
2225-02-03;3 FTX-S;2225;Male stud connector;Triple-Lok® 37° Flare end / Male NPTF thread;recht;NPT/NPTF;1/8-27;buiten;JIC;3/8-24;buiten;5;3/16;61
2225-02-04;4FMTXS;2225;Male stud connector;Triple-Lok® 37° Flare end / Male NPTF thread;recht;NPT/NPTF;1/8-27;buiten;JIC;7/16-20;buiten;6;1/4;61
2225-02-05;5FMTXS;2225;Male stud connector;Triple-Lok® 37° Flare end / Male NPTF thread;recht;NPT/NPTF;1/8-27;buiten;JIC;1/2-20;buiten;8;5/16;61
2225-02-06;6-2 FTX-S;2225;Male stud connector;Triple-Lok® 37° Flare end / Male NPTF thread;recht;NPT/NPTF;1/8-27;buiten;JIC;9/16-18;buiten;10;3/8;61
2225-04-03;;2225;Male stud connector;Triple-Lok® 37° Flare end / Male NPTF thread;recht;NPT/NPTF;1/4-18;buiten;JIC;3/8-24;buiten;;3/16;61
2225-04-04;4-4FMTXS;2225;Male stud connector;Triple-Lok® 37° Flare end / Male NPTF thread;recht;NPT/NPTF;1/4-18;buiten;JIC;7/16-20;buiten;6;1/4;61
2225-04-05;5-4FMTXS;2225;Male stud connector;Triple-Lok® 37° Flare end / Male NPTF thread;recht;NPT/NPTF;1/4-18;buiten;JIC;1/2-20;buiten;8;5/16;61
2225-04-06;6FMTXS;2225;Male stud connector;Triple-Lok® 37° Flare end / Male NPTF thread;recht;NPT/NPTF;1/4-18;buiten;JIC;9/16-18;buiten;10;3/8;61
2225-04-08;8-4FMTXS;2225;Male stud connector;Triple-Lok® 37° Flare end / Male NPTF thread;recht;NPT/NPTF;1/4-18;buiten;JIC;3/4-16;buiten;12;1/2;61
2225-06-04;4-6 FTX-S;2225;Male stud connector;Triple-Lok® 37° Flare end / Male NPTF thread;recht;NPT/NPTF;3/8-18;buiten;JIC;7/16-20;buiten;6;1/4;61
2225-06-05;5-6FMTXS;2225;Male stud connector;Triple-Lok® 37° Flare end / Male NPTF thread;recht;NPT/NPTF;3/8-18;buiten;JIC;1/2-20;buiten;8;5/16;61
2225-06-06;6-6FMTXS;2225;Male stud connector;Triple-Lok® 37° Flare end / Male NPTF thread;recht;NPT/NPTF;3/8-18;buiten;JIC;9/16-18;buiten;10;3/8;61
2225-06-10;10-6FMTXS;2225;Male stud connector;Triple-Lok® 37° Flare end / Male NPTF thread;recht;NPT/NPTF;3/8-18;buiten;JIC;7/8-14;buiten;14, 15, 16;5/8;61
2225-06-12;12-6 FTX-S;2225;Male stud connector;Triple-Lok® 37° Flare end / Male NPTF thread;recht;NPT/NPTF;3/8-18;buiten;JIC;1 1/16-12;buiten;18, 20;3/4;61
2225-08-04;4-8 FTX-S;2225;Male stud connector;Triple-Lok® 37° Flare end / Male NPTF thread;recht;NPT/NPTF;1/2-14;buiten;JIC;7/16-20;buiten;6;1/4;61
2225-08-05;;2225;Male stud connector;Triple-Lok® 37° Flare end / Male NPTF thread;recht;NPT/NPTF;1/2-14;buiten;JIC;1/2-20;buiten;8;5/16;61
2225-08-06;6-8FMTXS;2225;Male stud connector;Triple-Lok® 37° Flare end / Male NPTF thread;recht;NPT/NPTF;1/2-14;buiten;JIC;9/16-18;buiten;10;3/8;61
2225-08-08;8-8FMTXS;2225;Male stud connector;Triple-Lok® 37° Flare end / Male NPTF thread;recht;NPT/NPTF;1/2-14;buiten;JIC;3/4-16;buiten;12;1/2;61
2225-08-10;10FMTXS;2225;Male stud connector;Triple-Lok® 37° Flare end / Male NPTF thread;recht;NPT/NPTF;1/2-14;buiten;JIC;7/8-14;buiten;14, 15, 16;5/8;61
2225-08-12;12-8 FTX-S;2225;Male stud connector;Triple-Lok® 37° Flare end / Male NPTF thread;recht;NPT/NPTF;1/2-14;buiten;JIC;1 1/16-12;buiten;18, 20;3/4;61
2225-08-16;16-8 FTX-S;2225;Male stud connector;Triple-Lok® 37° Flare end / Male NPTF thread;recht;NPT/NPTF;1/2-14;buiten;JIC;1 5/16-12;buiten;25;1;61
2225-12-06;6-12 FTX-S;2225;Male stud connector;Triple-Lok® 37° Flare end / Male NPTF thread;recht;NPT/NPTF;3/4-14;buiten;JIC;9/16-18;buiten;10;3/8;61
2225-12-08;8-12FMTXS;2225;Male stud connector;Triple-Lok® 37° Flare end / Male NPTF thread;recht;NPT/NPTF;3/4-14;buiten;JIC;3/4-16;buiten;12;1/2;61
2225-12-10;10-12FMTXS;2225;Male stud connector;Triple-Lok® 37° Flare end / Male NPTF thread;recht;NPT/NPTF;3/4-14;buiten;JIC;7/8-14;buiten;14, 15, 16;5/8;61
2225-12-12;12FMTX-S;2225;Male stud connector;Triple-Lok® 37° Flare end / Male NPTF thread;recht;NPT/NPTF;3/4-14;buiten;JIC;1 1/16-12;buiten;18, 20;3/4;61
2225-12-14;14 FTX-S;2225;Male stud connector;Triple-Lok® 37° Flare end / Male NPTF thread;recht;NPT/NPTF;3/4-14;buiten;JIC;1 3/16-12;buiten;22;7/8;61
2225-12-16;16-12FMTXS;2225;Male stud connector;Triple-Lok® 37° Flare end / Male NPTF thread;recht;NPT/NPTF;3/4-14;buiten;JIC;1 5/16-12;buiten;25;1;61
2225-16-08;8-16 FTX-S;2225;Male stud connector;Triple-Lok® 37° Flare end / Male NPTF thread;recht;NPT/NPTF;1-11.5;buiten;JIC;3/4-16;buiten;12;1/2;61
2225-16-10;10-16 FTX-S;2225;Male stud connector;Triple-Lok® 37° Flare end / Male NPTF thread;recht;NPT/NPTF;1-11.5;buiten;JIC;7/8-14;buiten;;5/8;61
2225-16-12;12-16 FTX-S;2225;Male stud connector;Triple-Lok® 37° Flare end / Male NPTF thread;recht;NPT/NPTF;1-11.5;buiten;JIC;1 1/16-12;buiten;18, 20;3/4;61
2225-16-16;16FMTXS;2225;Male stud connector;Triple-Lok® 37° Flare end / Male NPTF thread;recht;NPT/NPTF;1-11.5;buiten;JIC;1 5/16-12;buiten;25;1;61
2225-16-20;20-16 FTX-S;2225;Male stud connector;Triple-Lok® 37° Flare end / Male NPTF thread;recht;NPT/NPTF;1-11.5;buiten;JIC;1 5/8-12;buiten;28, 30, 32;1 1/4;61
2225-16-24;24-16 FTX-S;2225;Male stud connector;Triple-Lok® 37° Flare end / Male NPTF thread;recht;NPT/NPTF;1-11.5;buiten;JIC;1 7/8-12;buiten;35, 38;1 1/2;61
2225-20-12;12-20 FTX-S;2225;Male stud connector;Triple-Lok® 37° Flare end / Male NPTF thread;recht;NPT/NPTF;1 1/4-11.5;buiten;JIC;1 1/16-12;buiten;18, 20;3/4;61
2225-20-16;16-20 FTX-S;2225;Male stud connector;Triple-Lok® 37° Flare end / Male NPTF thread;recht;NPT/NPTF;1 1/4-11.5;buiten;JIC;1 5/16-12;buiten;25;1;61
2225-20-20;20FMTXS;2225;Male stud connector;Triple-Lok® 37° Flare end / Male NPTF thread;recht;NPT/NPTF;1 1/4-11.5;buiten;JIC;1 5/8-12;buiten;28, 30, 32;1 1/4;61
2225-20-24;24-20 FTX-S;2225;Male stud connector;Triple-Lok® 37° Flare end / Male NPTF thread;recht;NPT/NPTF;1 1/4-11.5;buiten;JIC;1 7/8-12;buiten;35, 38;1 1/2;61
2225-24-16;16-24 FTX-S;2225;Male stud connector;Triple-Lok® 37° Flare end / Male NPTF thread;recht;NPT/NPTF;1 1/2-11.5;buiten;JIC;1 5/16-12;buiten;25;1;61
2225-24-20;24-20 FTX-S;2225;Male stud connector;Triple-Lok® 37° Flare end / Male NPTF thread;recht;NPT/NPTF;1 1/2-11.5;buiten;JIC;1 5/8-12;buiten;28, 30, 32;1 1/4;61
2225-24-24;24FMTXS;2225;Male stud connector;Triple-Lok® 37° Flare end / Male NPTF thread;recht;NPT/NPTF;1 1/2-11.5;buiten;JIC;1 7/8-12;buiten;35, 38;1 1/2;61
2225-24-32;32-24 FTX-S;2225;Male stud connector;Triple-Lok® 37° Flare end / Male NPTF thread;recht;NPT/NPTF;1 1/2-11.5;buiten;JIC;2 1/2-12;buiten;;2;61
2225-32-24;24-32 FTX-S;2225;Male stud connector;Triple-Lok® 37° Flare end / Male NPTF thread;recht;NPT/NPTF;2-11.5;buiten;JIC;1 7/8-12;buiten;35, 38;1 1/2;61
2225-32-32;32 FTX-S;2225;Male stud connector;Triple-Lok® 37° Flare end / Male NPTF thread;recht;NPT/NPTF;2-11.5;buiten;JIC;2 1/2-12;buiten;;2;61
2226-06-08;8FMTXS;2225;Male stud connector;Triple-Lok® 37° Flare end / Male NPTF thread;recht;NPT/NPTF;3/8-18;buiten;JIC;3/4-16;buiten;12;1/2;61
6-6 FTX-S;6-6 FTX-S;2225;Male stud connector;Triple-Lok® 37° Flare end / Male NPTF thread;recht;NPT/NPTF;3/8-18;buiten;JIC;9/16-18;buiten;;3/8;
8-8 FTX-S;8-8 FTX-S;2225;Male stud connector;Triple-Lok® 37° Flare end / Male NPTF thread;recht;NPT/NPTF;1/2-14;buiten;JIC;3/4-16;buiten;;1/2;
2226-04-10;4M10F82EDMXS;2226;Male stud connector;Triple-Lok® 37° Flare end / Male metric thread – ED seal;recht;JIC;7/16-20;buiten;Metric;M 10×1.0;buiten;6;1/4;62
2226-04-12;4M12F82EDMXS;2226;Male stud connector;Triple-Lok® 37° Flare end / Male metric thread – ED seal;recht;JIC;7/16-20;buiten;Metric;M 12×1.5;buiten;6;1/4;62
2226-04-14;4M14F8OMXS;2226;Male stud connector;Triple-Lok® 37° Flare end / Male metric thread – ED seal;recht;JIC;7/16-20;buiten;Metric;M 14×1.5;buiten;6;1/4;62
2226-05-10;5M10F82EDMXS;2226;Male stud connector;Triple-Lok® 37° Flare end / Male metric thread – ED seal;recht;JIC;1/2-20;buiten;Metric;M 10×1.0;buiten;8;5/16;62
2226-05-12;5M12F82EDMXS;2226;Male stud connector;Triple-Lok® 37° Flare end / Male metric thread – ED seal;recht;JIC;1/2-20;buiten;Metric;M 12×1.5;buiten;8;5/16;62
2226-05-14;5M14F82EDMXS;2226;Male stud connector;Triple-Lok® 37° Flare end / Male metric thread – ED seal;recht;JIC;1/2-20;buiten;Metric;M 14×1.5;buiten;8;5/16;62
2226-06-12;6M12F82EDMXS;2226;Male stud connector;Triple-Lok® 37° Flare end / Male metric thread – ED seal;recht;JIC;9/16-18;buiten;Metric;M 12×1.5;buiten;10;3/8;62
2226-06-14;6M14F82EDMXS;2226;Male stud connector;Triple-Lok® 37° Flare end / Male metric thread – ED seal;recht;JIC;9/16-18;buiten;Metric;M 14×1.5;buiten;10;3/8;62
2226-06-16;6M16F82EDMXS;2226;Male stud connector;Triple-Lok® 37° Flare end / Male metric thread – ED seal;recht;JIC;9/16-18;buiten;Metric;M 16×1.5;buiten;10;3/8;62
2226-06-18;6M18F82EDMXS;2226;Male stud connector;Triple-Lok® 37° Flare end / Male metric thread – ED seal;recht;JIC;9/16-18;buiten;Metric;M 18×1.5;buiten;10;3/8;62
2226-06-22;6M22F82EDMXS;2226;Male stud connector;Triple-Lok® 37° Flare end / Male metric thread – ED seal;recht;JIC;9/16-18;buiten;Metric;M 22×1.5;buiten;10;3/8;62
2226-08-12;;2226;Male stud connector;Triple-Lok® 37° Flare end / Male metric thread – ED seal;recht;JIC;3/4-16;buiten;Metric;M 12×1.5;buiten;12;1/2;62
2226-08-14;8M14F82EDMXS;2226;Male stud connector;Triple-Lok® 37° Flare end / Male metric thread – ED seal;recht;JIC;3/4-16;buiten;Metric;M 14×1.5;buiten;12;1/2;62
2226-08-16;8M16F82EDMXS;2226;Male stud connector;Triple-Lok® 37° Flare end / Male metric thread – ED seal;recht;JIC;3/4-16;buiten;Metric;M 16×1.5;buiten;12;1/2;62
2226-08-18;8M18F82EDMXS;2226;Male stud connector;Triple-Lok® 37° Flare end / Male metric thread – ED seal;recht;JIC;3/4-16;buiten;Metric;M 18×1.5;buiten;12;1/2;62
2226-08-22;8M22F82EDMXS;2226;Male stud connector;Triple-Lok® 37° Flare end / Male metric thread – ED seal;recht;JIC;3/4-16;buiten;Metric;M 22×1.5;buiten;12;1/2;62
2226-08-26;;2226;Male stud connector;Triple-Lok® 37° Flare end / Male metric thread – ED seal;recht;JIC;3/4-16;buiten;Metric;M 26×1.5;buiten;12;1/2;62
2226-10-16;;2226;Male stud connector;Triple-Lok® 37° Flare end / Male metric thread – ED seal;recht;JIC;7/8-14;buiten;Metric;M 16×1.5;buiten;;5/8;62
2226-10-18;10M18F82EDMXS;2226;Male stud connector;Triple-Lok® 37° Flare end / Male metric thread – ED seal;recht;JIC;7/8-14;buiten;Metric;M 18×1.5;buiten;14, 15, 16;5/8;62
2226-10-22;10M22F82EDMXS;2226;Male stud connector;Triple-Lok® 37° Flare end / Male metric thread – ED seal;recht;JIC;7/8-14;buiten;Metric;M 22×1.5;buiten;14, 15, 16;5/8;62
2226-12-18;12M18F82EDMXS;2226;Male stud connector;Triple-Lok® 37° Flare end / Male metric thread – ED seal;recht;JIC;1 1/16-12;buiten;Metric;M 18×1.5;buiten;18, 20;3/4;62
2226-12-22;12M22F82EDMXS;2226;Male stud connector;Triple-Lok® 37° Flare end / Male metric thread – ED seal;recht;JIC;1 1/16-12;buiten;Metric;M 22×1.5;buiten;18, 20;3/4;62
2226-12-26;12M26F82EDMXS;2226;Male stud connector;Triple-Lok® 37° Flare end / Male metric thread – ED seal;recht;JIC;1 1/16-12;buiten;Metric;M 26×1.5;buiten;18, 20;3/4;62
2226-12-27;12M27F82EDMXS;2226;Male stud connector;Triple-Lok® 37° Flare end / Male metric thread – ED seal;recht;JIC;1 1/16-12;buiten;Metric;M 27×2.0;buiten;18, 20;3/4;62
2226-16-26;16M26F82EDMXS;2226;Male stud connector;Triple-Lok® 37° Flare end / Male metric thread – ED seal;recht;JIC;1 5/16-12;buiten;Metric;M 26×1.5;buiten;25;1;62
2226-16-27;16M27F82EDMXS;2226;Male stud connector;Triple-Lok® 37° Flare end / Male metric thread – ED seal;recht;JIC;1 5/16-12;buiten;Metric;M 27×2.0;buiten;25;1;62
2226-16-33;16M33F82EDMXS;2226;Male stud connector;Triple-Lok® 37° Flare end / Male metric thread – ED seal;recht;JIC;1 5/16-12;buiten;Metric;M 33×2.0;buiten;25;1;62
2226-20-24;;2226;Male stud connector;Triple-Lok® 37° Flare end / Male metric thread – ED seal;recht;JIC;1 5/8-12;buiten;Metric;M 24×1.5;buiten;28, 30, 32;1 1/4;62
2226-20-26;;2226;Male stud connector;Triple-Lok® 37° Flare end / Male metric thread – ED seal;recht;JIC;1 5/8-12;buiten;Metric;M 26×1.5;buiten;28, 30, 32;1 1/4;62
2226-20-42;20M42F82EDMXS;2226;Male stud connector;Triple-Lok® 37° Flare end / Male metric thread – ED seal;recht;JIC;1 5/8-12;buiten;Metric;M 42×2.0;buiten;28, 30, 32;1 1/4;62
2226-24-48;24M48F82EDMXS;2226;Male stud connector;Triple-Lok® 37° Flare end / Male metric thread – ED seal;recht;JIC;1 7/8-12;buiten;Metric;M 48×2.0;buiten;35, 38;1 1/2;62
4M10F8OMXS;4M10F8OMXS;2226;Male stud connector;Triple-Lok® 37° Flare end / Male metric thread – ED seal;recht;JIC;7/16-20;buiten;Metric;M 10×1.0;buiten;;1/4;
2227-04-04;4-4G4MXSMO;2227;Pressure gauge connector;Triple-Lok® 37° Flare end / Female BSPP gauge thread;recht;JIC;7/16-20;buiten;BSPP;1/4-19;binnen;6;1/4;82
2227-04-08;4-8G4MXSMO;2227;Pressure gauge connector;Triple-Lok® 37° Flare end / Female BSPP gauge thread;recht;JIC;7/16-20;buiten;BSPP;1/2-14;binnen;6;1/4;82
2227-05-04;5-4G4MXSMO;2227;Pressure gauge connector;Triple-Lok® 37° Flare end / Female BSPP gauge thread;recht;JIC;1/2-20;buiten;BSPP;1/4-19;binnen;8;5/16;82
2227-05-08;5-8G4MXSMO;2227;Pressure gauge connector;Triple-Lok® 37° Flare end / Female BSPP gauge thread;recht;JIC;1/2-20;buiten;BSPP;1/2-14;binnen;8;5/16;82
2227-06-04;6G4MXSMO;2227;Pressure gauge connector;Triple-Lok® 37° Flare end / Female BSPP gauge thread;recht;JIC;9/16-18;buiten;BSPP;1/4-19;binnen;10;3/8;82
2227-06-08;6-8G4MXSMO;2227;Pressure gauge connector;Triple-Lok® 37° Flare end / Female BSPP gauge thread;recht;JIC;9/16-18;buiten;BSPP;1/2-14;binnen;10;3/8;82
2227-08-04;8-4G4MXSMO;2227;Pressure gauge connector;Triple-Lok® 37° Flare end / Female BSPP gauge thread;recht;JIC;3/4-16;buiten;BSPP;1/4-19;binnen;12;1/2;82
2227-08-08;8-8G4MXSMO;2227;Pressure gauge connector;Triple-Lok® 37° Flare end / Female BSPP gauge thread;recht;JIC;3/4-16;buiten;BSPP;1/2-14;binnen;12;1/2;82
2227-12-04;;2227;Pressure gauge connector;Triple-Lok® 37° Flare end / Female BSPP gauge thread;recht;JIC;1 1/16-12;buiten;BSPP;1/4-19;binnen;18, 20;3/4;82
2227-16-04;;2227;Pressure gauge connector;Triple-Lok® 37° Flare end / Female BSPP gauge thread;recht;JIC;1 5/16-12;buiten;BSPP;1/4-19;binnen;25;1;82
2228-04-04;4TT4MXS;2228;Pressure gauge connector;ADAPTER JIC FIXED FEMALE X BSP FIXED FEMALE;recht;JIC;7/16-20;binnen;BSPP;1/4-19;binnen;;1/4;
2228-05-04;5TT4MXS;2228;Pressure gauge connector;ADAPTER JIC FIXED FEMALE X BSP FIXED FEMALE;recht;JIC;1/2-20;binnen;BSPP;1/4-19;binnen;;5/16;
2228-06-04;6TT4MXS;2228;Pressure gauge connector;ADAPTER JIC FIXED FEMALE X BSP FIXED FEMALE;recht;JIC;9/16-18;binnen;BSPP;1/4-19;binnen;;3/8;
2228-08-04;8TT4MXS;2228;Pressure gauge connector;ADAPTER JIC FIXED FEMALE X BSP FIXED FEMALE;recht;JIC;3/4-16;binnen;BSPP;1/4-19;binnen;;1/2;
2228-10-04;10TT4MXS;2228;Pressure gauge connector;ADAPTER JIC FIXED FEMALE X BSP FIXED FEMALE;recht;JIC;7/8-14;binnen;BSPP;1/4-19;binnen;;5/8;
2228-12-04;12TT4XS;2228;Pressure gauge connector;ADAPTER JIC FIXED FEMALE X BSP FIXED FEMALE;recht;JIC;1 1/16-12;binnen;BSPP;1/4-19;binnen;;3/4;
2228-16-04;16TT4XS;2228;Pressure gauge connector;ADAPTER JIC FIXED FEMALE X BSP FIXED FEMALE;recht;JIC;1 5/16-12;binnen;BSPP;1/4-19;binnen;;1;
2228-20-04;20TT4XS;2228;Pressure gauge connector;ADAPTER JIC FIXED FEMALE X BSP FIXED FEMALE;recht;JIC;1 5/8-12;binnen;BSPP;1/4-19;binnen;;1 1/4;
2228-24-04;24TT4XS;2228;Pressure gauge connector;ADAPTER JIC FIXED FEMALE X BSP FIXED FEMALE;recht;JIC;1 7/8-12;binnen;BSPP;1/4-19;binnen;;1 1/2;
20F3MK4S;20F3MK4S;2241;Adapter;ADAPTER BSP MALE X BSPT MALE;recht;BSPP;1 1/4-11;buiten;BSPT;1 1/4-11;buiten;;;
2241-02-02;;2241;Adapter;ADAPTER BSP MALE X BSPT MALE;recht;BSPP;1/8-28;buiten;BSPT;1/8-28;buiten;;;
2241-02-04;;2241;Adapter;ADAPTER BSP MALE X BSPT MALE;recht;BSPP;1/8-28;buiten;BSPT;1/4-19;buiten;;;
2241-04-02;;2241;Adapter;ADAPTER BSP MALE X BSPT MALE;recht;BSPP;1/4-19;buiten;BSPT;1/8-28;buiten;;;
2241-04-04;;2241;Adapter;ADAPTER BSP MALE X BSPT MALE;recht;BSPP;1/4-19;buiten;BSPT;1/4-19;buiten;;;
2241-04-06;;2241;Adapter;ADAPTER BSP MALE X BSPT MALE;recht;BSPP;1/4-19;buiten;BSPT;3/8-19;buiten;;;
2241-04-08;;2241;Adapter;ADAPTER BSP MALE X BSPT MALE;recht;BSPP;1/4-19;buiten;BSPT;1/2-14;buiten;;;
2241-04-12;;2241;Adapter;ADAPTER BSP MALE X BSPT MALE;recht;BSPP;1/4-19;buiten;BSPT;3/4-14;buiten;;;
2241-06-02;;2241;Adapter;ADAPTER BSP MALE X BSPT MALE;recht;BSPP;3/8-19;buiten;BSPT;1/8-28;buiten;;;
2241-06-04;;2241;Adapter;ADAPTER BSP MALE X BSPT MALE;recht;BSPP;3/8-19;buiten;BSPT;1/4-19;buiten;;;
2241-06-06;;2241;Adapter;ADAPTER BSP MALE X BSPT MALE;recht;BSPP;3/8-19;buiten;BSPT;3/8-19;buiten;;;
2241-06-08;;2241;Adapter;ADAPTER BSP MALE X BSPT MALE;recht;BSPP;3/8-19;buiten;BSPT;1/2-14;buiten;;;
2241-06-12;;2241;Adapter;ADAPTER BSP MALE X BSPT MALE;recht;BSPP;3/8-19;buiten;BSPT;3/4-14;buiten;;;
2241-08-04;;2241;Adapter;ADAPTER BSP MALE X BSPT MALE;recht;BSPP;1/2-14;buiten;BSPT;1/4-19;buiten;;;
2241-08-06;;2241;Adapter;ADAPTER BSP MALE X BSPT MALE;recht;BSPP;1/2-14;buiten;BSPT;3/8-19;buiten;;;
2241-08-08;;2241;Adapter;ADAPTER BSP MALE X BSPT MALE;recht;BSPP;1/2-14;buiten;BSPT;1/2-14;buiten;;;
2241-08-10;;2241;Adapter;ADAPTER BSP MALE X BSPT MALE;recht;BSPP;1/2-14;buiten;BSPT;5/8-14;buiten;;;
2241-08-12;;2241;Adapter;ADAPTER BSP MALE X BSPT MALE;recht;BSPP;1/2-14;buiten;BSPT;3/4-14;buiten;;;
2241-08-16;;2241;Adapter;ADAPTER BSP MALE X BSPT MALE;recht;BSPP;1/2-14;buiten;BSPT;1-11;buiten;;;
2241-10-06;;2241;Adapter;ADAPTER BSP MALE X BSPT MALE;recht;BSPP;5/8-14;buiten;BSPT;3/8-19;buiten;;;
2241-10-08;;2241;Adapter;ADAPTER BSP MALE X BSPT MALE;recht;BSPP;5/8-14;buiten;BSPT;1/2-14;buiten;;;
2241-10-12;;2241;Adapter;ADAPTER BSP MALE X BSPT MALE;recht;BSPP;5/8-14;buiten;BSPT;3/4-14;buiten;;;
2241-12-06;;2241;Adapter;ADAPTER BSP MALE X BSPT MALE;recht;BSPP;3/4-14;buiten;BSPT;3/8-19;buiten;;;
2241-12-08;;2241;Adapter;ADAPTER BSP MALE X BSPT MALE;recht;BSPP;3/4-14;buiten;BSPT;1/2-14;buiten;;;
2241-12-12;;2241;Adapter;ADAPTER BSP MALE X BSPT MALE;recht;BSPP;3/4-14;buiten;BSPT;3/4-14;buiten;;;
2241-12-16;;2241;Adapter;ADAPTER BSP MALE X BSPT MALE;recht;BSPP;3/4-14;buiten;BSPT;1-11;buiten;;;
2241-16-08;;2241;Adapter;ADAPTER BSP MALE X BSPT MALE;recht;BSPP;1-11;buiten;BSPT;1/2-14;buiten;;;
2241-16-12;;2241;Adapter;ADAPTER BSP MALE X BSPT MALE;recht;BSPP;1-11;buiten;BSPT;3/4-14;buiten;;;
2241-16-16;;2241;Adapter;ADAPTER BSP MALE X BSPT MALE;recht;BSPP;1-11;buiten;BSPT;1-11;buiten;;;
2241-16-24;;2241;Adapter;ADAPTER BSP MALE X BSPT MALE;recht;BSPP;1-11;buiten;BSPT;1 1/2-11;buiten;;;
2241-20-12;;2241;Adapter;ADAPTER BSP MALE X BSPT MALE;recht;BSPP;1 1/4-11;buiten;BSPT;3/4-14;buiten;;;
2241-20-16;;2241;Adapter;ADAPTER BSP MALE X BSPT MALE;recht;BSPP;1 1/4-11;buiten;BSPT;1-11;buiten;;;
2241-20-20;;2241;Adapter;ADAPTER BSP MALE X BSPT MALE;recht;BSPP;1 1/4-11;buiten;BSPT;1 1/4-11;buiten;;;
2241-20-24;;2241;Adapter;ADAPTER BSP MALE X BSPT MALE;recht;BSPP;1 1/4-11;buiten;BSPT;1 1/2-11;buiten;;;
2241-20-32;;2241;Adapter;ADAPTER BSP MALE X BSPT MALE;recht;BSPP;1 1/4-11;buiten;BSPT;2-11;buiten;;;
2241-24-16;;2241;Adapter;ADAPTER BSP MALE X BSPT MALE;recht;BSPP;1 1/2-11;buiten;BSPT;1-11;buiten;;;
2241-24-20;;2241;Adapter;ADAPTER BSP MALE X BSPT MALE;recht;BSPP;1 1/2-11;buiten;BSPT;1 1/4-11;buiten;;;
2241-24-24;;2241;Adapter;ADAPTER BSP MALE X BSPT MALE;recht;BSPP;1 1/2-11;buiten;BSPT;1 1/2-11;buiten;;;
2241-24-32;;2241;Adapter;ADAPTER BSP MALE X BSPT MALE;recht;BSPP;1 1/2-11;buiten;BSPT;2-11;buiten;;;
2241-32-20;;2241;Adapter;ADAPTER BSP MALE X BSPT MALE;recht;BSPP;2-11;buiten;BSPT;1 1/4-11;buiten;;;
2241-32-24;;2241;Adapter;ADAPTER BSP MALE X BSPT MALE;recht;BSPP;2-11;buiten;BSPT;1 1/2-11;buiten;;;
2241-32-32;;2241;Adapter;ADAPTER BSP MALE X BSPT MALE;recht;BSPP;2-11;buiten;BSPT;2-11;buiten;;;
2241-40-40;;2241;Adapter;ADAPTER BSP MALE X BSPT MALE;recht;BSPP;2 1/2-11;buiten;BSPT;2 1/2-11;buiten;;;
2241-48-48;;2241;Adapter;ADAPTER BSP MALE X BSPT MALE;recht;BSPP;3-11;buiten;BSPT;3-11;buiten;;;
32F3MK4S;32F3MK4S;2241;Adapter;ADAPTER BSP MALE X BSPT MALE;recht;BSPP;2-11;buiten;BSPT;2-11;buiten;;;
8-8F3MK4S;8-8F3MK4S;2241;Adapter;ADAPTER BSP MALE X BSPT MALE;recht;BSPT;1/2-14;buiten;BSPT;1/2-14;buiten;;;
2242-02-02;1/8FF33MS;2242;Male nipple;Male BSPT thread;recht;BSPT;1/8-28;buiten;BSPT;1/8-28;buiten;;;10
2242-02-04;1/4X1/8FF33MS;2242;Male nipple;Male BSPT thread;recht;BSPT;1/4-19;buiten;BSPT;1/8-28;buiten;;;10
2242-02-06;;2242;Male nipple;Male BSPT thread;recht;BSPT;1/8-28;buiten;BSPT;3/8-19;buiten;;;10
2242-02-08;;2242;Male nipple;Male BSPT thread;recht;BSPT;1/8-28;buiten;BSPT;1/2-14;buiten;;;10
2242-04-04;1/4FF33MS;2242;Male nipple;Male BSPT thread;recht;BSPT;1/4-19;buiten;BSPT;1/4-19;buiten;;;10
2242-04-06;3/8X1/4FF33MS;2242;Male nipple;Male BSPT thread;recht;BSPT;3/8-19;buiten;BSPT;1/4-19;buiten;;;10
2242-04-08;1/2X1/4FF33MS;2242;Male nipple;Male BSPT thread;recht;BSPT;1/4-19;buiten;BSPT;1/2-14;buiten;;;10
2242-04-12;;2242;Male nipple;Male BSPT thread;recht;BSPT;1/4-19;buiten;BSPT;3/4-14;buiten;;;10
2242-06-06;3/8FF33MS;2242;Male nipple;Male BSPT thread;recht;BSPT;3/8-19;buiten;BSPT;3/8-19;buiten;;;10
2242-06-08;3/8X1/2FF33MS;2242;Male nipple;Male BSPT thread;recht;BSPT;1/2-14;buiten;BSPT;3/8-19;buiten;;;10
2242-06-12;;2242;Male nipple;Male BSPT thread;recht;BSPT;3/8-19;buiten;BSPT;3/4-14;buiten;;;10
2242-06-16;;2242;Male nipple;Male BSPT thread;recht;BSPT;3/8-19;buiten;BSPT;1-11;buiten;;;10
2242-08-08;1/2FF33MS;2242;Male nipple;Male BSPT thread;recht;BSPT;1/2-14;buiten;BSPT;1/2-14;buiten;;;10
2242-08-12;3/4X1/2FF33MS;2242;Male nipple;Male BSPT thread;recht;BSPT;1/2-14;buiten;BSPT;3/4-14;buiten;;;10
2242-08-16;;2242;Male nipple;Male BSPT thread;recht;BSPT;1/2-14;buiten;BSPT;1-11;buiten;;;10
2242-10-10;;2242;Male nipple;Male BSPT thread;recht;BSPT;5/8-14;buiten;BSPT;5/8-14;buiten;;;10
2242-12-12;3/4FF33MS;2242;Male nipple;Male BSPT thread;recht;BSPT;3/4-14;buiten;BSPT;3/4-14;buiten;;;10
2242-12-16;1X3/4FF33MS;2242;Male nipple;Male BSPT thread;recht;BSPT;1-11;buiten;BSPT;3/4-14;buiten;;;10
2242-12-24;;2242;Male nipple;Male BSPT thread;recht;BSPT;3/4-14;buiten;BSPT;1 1/2-11;buiten;;;10
2242-16-16;1FF33MS;2242;Male nipple;Male BSPT thread;recht;BSPT;1-11;buiten;BSPT;1-11;buiten;;;10
2242-16-20;-;2242;Male nipple;Male BSPT thread;recht;BSPT;1-11;buiten;BSPT;1 1/4-11;buiten;;;10
2242-16-24;-;2242;Male nipple;Male BSPT thread;recht;BSPT;1-11;buiten;BSPT;1 1/2-11;buiten;;;10
2242-16-32;-;2242;Male nipple;Male BSPT thread;recht;BSPT;1-11;buiten;BSPT;2-11;buiten;;;10
2242-20-20;-;2242;Male nipple;Male BSPT thread;recht;BSPT;1 1/4-11;buiten;BSPT;1 1/4-11;buiten;;;10
2242-20-24;-;2242;Male nipple;Male BSPT thread;recht;BSPT;1 1/4-11;buiten;BSPT;1 1/2-11;buiten;;;10
2242-24-24;-;2242;Male nipple;Male BSPT thread;recht;BSPT;1 1/2-11;buiten;BSPT;1 1/2-11;buiten;;;10
2242-24-32;-;2242;Male nipple;Male BSPT thread;recht;BSPT;1 1/2-11;buiten;BSPT;2-11;buiten;;;10
2242-32-32;-;2242;Male nipple;Male BSPT thread;recht;BSPT;2-11;buiten;BSPT;2-11;buiten;;;10
2442-04-08;1/2X1/4FF33MS;2242;Male nipple;Male BSPT thread;recht;BSPT;1/2-14;buiten;BSPT;1/4-19;buiten;;;10
2442-08-12;3/4X1/2FF33MS;2242;Male nipple;Male BSPT thread;recht;BSPT;3/4-14;buiten;BSPT;1/2-14;buiten;;;10
2243-02-02;-;2243;Swivel male stud;BSPP 60° cone end / BSPP 60° Female swivel end;recht;BSPP;1/8-28;buiten;BSPP;1/8-28;wartelend;;;11
2243-02-04;-;2243;Swivel male stud;BSPP 60° cone end / BSPP 60° Female swivel end;recht;BSPP;1/8-28;buiten;BSPP;1/4-19;wartelend;;;11
2243-04-02;-;2243;Swivel male stud;BSPP 60° cone end / BSPP 60° Female swivel end;recht;BSPP;1/4-19;buiten;BSPP;1/8-28;wartelend;;;11
2243-04-04;4-4F6MK4S;2243;Swivel male stud;BSPP 60° cone end / BSPP 60° Female swivel end;recht;BSPP;1/4-19;buiten;BSPP;1/4-19;wartelend;;;11
2243-04-06;6-4F6MK4S;2243;Swivel male stud;BSPP 60° cone end / BSPP 60° Female swivel end;recht;BSPP;1/4-19;buiten;BSPP;3/8-19;wartelend;;;11
2243-04-08;4-8F6MK4S;2243;Swivel male stud;BSPP 60° cone end / BSPP 60° Female swivel end;recht;BSPP;1/4-19;buiten;BSPP;1/2-14;wartelend;;;11
2243-06-02;-;2243;Swivel male stud;BSPP 60° cone end / BSPP 60° Female swivel end;recht;BSPP;3/8-19;buiten;BSPP;1/8-28;wartelend;;;11
2243-06-04;4-6F6MK4S;2243;Swivel male stud;BSPP 60° cone end / BSPP 60° Female swivel end;recht;BSPP;3/8-19;buiten;BSPP;1/4-19;wartelend;;;11
2243-06-06;6-6F6MK4S;2243;Swivel male stud;BSPP 60° cone end / BSPP 60° Female swivel end;recht;BSPP;3/8-19;buiten;BSPP;3/8-19;wartelend;;;11
2243-06-08;8-6F6MK4S;2243;Swivel male stud;BSPP 60° cone end / BSPP 60° Female swivel end;recht;BSPP;3/8-19;buiten;BSPP;1/2-14;wartelend;;;11
2243-06-12;;2243;Swivel male stud;BSPP 60° cone end / BSPP 60° Female swivel end;recht;BSPP;3/8-19;buiten;BSPP;3/4-14;wartelend;;;11
2243-08-04;4-8F6MK4S;2243;Swivel male stud;BSPP 60° cone end / BSPP 60° Female swivel end;recht;BSPP;1/2-14;buiten;BSPP;1/4-19;wartelend;;;11
2243-08-06;6-8F6MK4S;2243;Swivel male stud;BSPP 60° cone end / BSPP 60° Female swivel end;recht;BSPP;1/2-14;buiten;BSPP;3/8-19;wartelend;;;11
2243-08-06VL;;2243;Swivel male stud;BSPP 60° cone end / BSPP 60° Female swivel end;recht;BSPP;1/2-14;buiten;BSPP;3/8-19;wartelend;;;11
2243-08-08;8-8F6MK4S;2243;Swivel male stud;BSPP 60° cone end / BSPP 60° Female swivel end;recht;BSPP;1/2-14;buiten;BSPP;1/2-14;wartelend;;;11
2243-08-08VL;;2243;Swivel male stud;BSPP 60° cone end / BSPP 60° Female swivel end;recht;BSPP;1/2-14;buiten;BSPP;1/2-14;wartelend;;;11
2243-08-10;-;2243;Swivel male stud;BSPP 60° cone end / BSPP 60° Female swivel end;recht;BSPP;1/2-14;buiten;BSPP;5/8-14;wartelend;;;11
2243-08-12;12-8F6MK4S;2243;Swivel male stud;BSPP 60° cone end / BSPP 60° Female swivel end;recht;BSPP;1/2-14;buiten;BSPP;3/4-14;wartelend;;;11
2243-08-16;-;2243;Swivel male stud;BSPP 60° cone end / BSPP 60° Female swivel end;recht;BSPP;1/2-14;buiten;BSPP;1-11;wartelend;;;11
2243-10-08;-;2243;Swivel male stud;BSPP 60° cone end / BSPP 60° Female swivel end;recht;BSPP;5/8-14;buiten;BSPP;1/2-14;wartelend;;;11
2243-10-10;-;2243;Swivel male stud;BSPP 60° cone end / BSPP 60° Female swivel end;recht;BSPP;5/8-14;buiten;BSPP;5/8-14;wartelend;;;11
2243-10-12;-;2243;Swivel male stud;BSPP 60° cone end / BSPP 60° Female swivel end;recht;BSPP;5/8-14;buiten;BSPP;3/4-14;wartelend;;;11
2243-12-06;;2243;Swivel male stud;BSPP 60° cone end / BSPP 60° Female swivel end;recht;BSPP;3/4-14;buiten;BSPP;3/8-19;wartelend;;;11
2243-12-08;8-12F6MK4S;2243;Swivel male stud;BSPP 60° cone end / BSPP 60° Female swivel end;recht;BSPP;3/4-14;buiten;BSPP;1/2-14;wartelend;;;11
2243-12-10;-;2243;Swivel male stud;BSPP 60° cone end / BSPP 60° Female swivel end;recht;BSPP;3/4-14;buiten;BSPP;5/8-14;wartelend;;;11
2243-12-12;12-12F6MK4S;2243;Swivel male stud;BSPP 60° cone end / BSPP 60° Female swivel end;recht;BSPP;3/4-14;buiten;BSPP;3/4-14;wartelend;;;11
2243-12-12-02;;2243;Swivel male stud;BSPP 60° cone end / BSPP 60° Female swivel end;recht;BSPP;3/4-14;buiten;BSPP;3/4-14;wartelend;;;11
2243-12-12VL;;2243;Swivel male stud;BSPP 60° cone end / BSPP 60° Female swivel end;recht;BSPP;3/4-14;buiten;BSPP;3/4-14;wartelend;;;11
2243-12-16;16-12F6MK4S;2243;Swivel male stud;BSPP 60° cone end / BSPP 60° Female swivel end;recht;BSPP;3/4-14;buiten;BSPP;1-11;wartelend;;;11
2243-12-20;-;2243;Swivel male stud;BSPP 60° cone end / BSPP 60° Female swivel end;recht;BSPP;3/4-14;buiten;BSPP;1 1/4-11;wartelend;;;11
2243-16-08;;2243;Swivel male stud;BSPP 60° cone end / BSPP 60° Female swivel end;recht;BSPP;1-11;buiten;BSPP;1/2-14;wartelend;;;11
2243-16-10;-;2243;Swivel male stud;BSPP 60° cone end / BSPP 60° Female swivel end;recht;BSPP;1-11;buiten;BSPP;5/8-14;wartelend;;;11
2243-16-12;12-16F6MK4S;2243;Swivel male stud;BSPP 60° cone end / BSPP 60° Female swivel end;recht;BSPP;1-11;buiten;BSPP;3/4-14;wartelend;;;11
2243-16-16;16-16F6MK4S;2243;Swivel male stud;BSPP 60° cone end / BSPP 60° Female swivel end;recht;BSPP;1-11;buiten;BSPP;1-11;wartelend;;;11
2243-16-20;-;2243;Swivel male stud;BSPP 60° cone end / BSPP 60° Female swivel end;recht;BSPP;1-11;buiten;BSPP;1 1/4-11;wartelend;;;11
2243-20-12;-;2243;Swivel male stud;BSPP 60° cone end / BSPP 60° Female swivel end;recht;BSPP;1 1/4-11;buiten;BSPP;3/4-14;wartelend;;;11
2243-20-16;-;2243;Swivel male stud;BSPP 60° cone end / BSPP 60° Female swivel end;recht;BSPP;1 1/4-11;buiten;BSPP;1-11;wartelend;;;11
2243-20-20;20-20F6MK4S;2243;Swivel male stud;BSPP 60° cone end / BSPP 60° Female swivel end;recht;BSPP;1 1/4-11;buiten;BSPP;1 1/4-11;wartelend;;;11
2243-20-24;-;2243;Swivel male stud;BSPP 60° cone end / BSPP 60° Female swivel end;recht;BSPP;1 1/4-11;buiten;BSPP;1 1/2-11;wartelend;;;11
2243-24-16;;2243;Swivel male stud;BSPP 60° cone end / BSPP 60° Female swivel end;recht;BSPP;1 1/2-11;buiten;BSPP;1-11;wartelend;;;11
2243-24-20;;2243;Swivel male stud;BSPP 60° cone end / BSPP 60° Female swivel end;recht;BSPP;1 1/2-11;buiten;BSPP;1 1/4-11;wartelend;;;11
2243-24-24;-;2243;Swivel male stud;BSPP 60° cone end / BSPP 60° Female swivel end;recht;BSPP;1 1/2-11;buiten;BSPP;1 1/2-11;wartelend;;;11
2243-24-32;-;2243;Swivel male stud;BSPP 60° cone end / BSPP 60° Female swivel end;recht;BSPP;1 1/2-11;buiten;BSPP;2-11;wartelend;;;11
2243-32-24;-;2243;Swivel male stud;BSPP 60° cone end / BSPP 60° Female swivel end;recht;BSPP;2-11;buiten;BSPP;1 1/2-11;wartelend;;;11
2243-32-32;-;2243;Swivel male stud;BSPP 60° cone end / BSPP 60° Female swivel end;recht;BSPP;2-11;buiten;BSPP;2-11;wartelend;;;11
2244-02-02;2HMK4S;2244;Union;BSPP 60° Cone end;recht;BSPP;1/8-28;buiten;BSPP;1/8-28;buiten;;;1
2244-02-04;4-2HMK4S;2244;Union;BSPP 60° Cone end;recht;BSPP;1/4-19;buiten;BSPP;1/8-28;buiten;;;1
2244-02-06;;2244;Union;BSPP 60° Cone end;recht;BSPP;1/8-28;buiten;BSPP;3/8-19;buiten;;;1
2244-02-08;;2244;Union;BSPP 60° Cone end;recht;BSPP;1/8-28;buiten;BSPP;1/2-14;buiten;;;1
2244-04-04;4HMK4S;2244;Union;BSPP 60° Cone end;recht;BSPP;1/4-19;buiten;BSPP;1/4-19;buiten;;;1
2244-04-06;6-4HMK4S;2244;Union;BSPP 60° Cone end;recht;BSPP;3/8-19;buiten;BSPP;1/4-19;buiten;;;1
2244-04-08;8-4HMK4S;2244;Union;BSPP 60° Cone end;recht;BSPP;1/2-14;buiten;BSPP;1/4-19;buiten;;;1
2244-04-10;;2244;Union;BSPP 60° Cone end;recht;BSPP;1/4-19;buiten;BSPP;5/8-14;buiten;;;1
2244-04-12;12-4HMK4S;2244;Union;BSPP 60° Cone end;recht;BSPP;3/4-14;buiten;BSPP;1/4-19;buiten;;;1
2244-04-16;;2244;Union;BSPP 60° Cone end;recht;BSPP;1/4-19;buiten;BSPP;1-11;buiten;;;1
2244-06-06;6HMK4S;2244;Union;BSPP 60° Cone end;recht;BSPP;3/8-19;buiten;BSPP;3/8-19;buiten;;;1
2244-06-08;8-6HMK4S;2244;Union;BSPP 60° Cone end;recht;BSPP;1/2-14;buiten;BSPP;3/8-19;buiten;;;1
2244-06-10;;2244;Union;BSPP 60° Cone end;recht;BSPP;3/8-19;buiten;BSPP;5/8-14;buiten;;;1
2244-06-12;12-6HMK4S;2244;Union;BSPP 60° Cone end;recht;BSPP;3/4-14;buiten;BSPP;3/8-19;buiten;;;1
2244-06-16;;2244;Union;BSPP 60° Cone end;recht;BSPP;3/8-19;buiten;BSPP;1-11;buiten;;;1
2244-06ED-06;6HMK4S;2244;Union;BSPP 60° Cone end;recht;BSPP;3/8-19;buiten;BSPP;3/8-19;buiten;;;1
2244-08-08;8HMK4S;2244;Union;BSPP 60° Cone end;recht;BSPP;1/2-14;buiten;BSPP;1/2-14;buiten;;;1
2244-08-10;10-8HMK4S;2244;Union;BSPP 60° Cone end;recht;BSPP;5/8-14;buiten;BSPP;1/2-14;buiten;;;1
2244-08-12;12-8HMK4S;2244;Union;BSPP 60° Cone end;recht;BSPP;3/4-14;buiten;BSPP;1/2-14;buiten;;;1
2244-08-16;16-8HMK4S;2244;Union;BSPP 60° Cone end;recht;BSPP;1-11;buiten;BSPP;1/2-14;buiten;;;1
2244-08-20;;2244;Union;BSPP 60° Cone end;recht;BSPP;1/2-14;buiten;BSPP;1 1/4-11;buiten;;;1
2244-08-24;;2244;Union;BSPP 60° Cone end;recht;BSPP;1/2-14;buiten;BSPP;1 1/2-11;buiten;;;1
2244-10-10;10HMK4S;2244;Union;BSPP 60° Cone end;recht;BSPP;5/8-14;buiten;BSPP;5/8-14;buiten;;;1
2244-10-12;12-10HMK4S;2244;Union;BSPP 60° Cone end;recht;BSPP;3/4-14;buiten;BSPP;5/8-14;buiten;;;1
2244-10-16;16-10HMK4S;2244;Union;BSPP 60° Cone end;recht;BSPP;1-11;buiten;BSPP;5/8-14;buiten;;;1
2244-10-20;;2244;Union;BSPP 60° Cone end;recht;BSPP;5/8-14;buiten;BSPP;1 1/4-11;buiten;;;1
2244-12-12;12HMK4S;2244;Union;BSPP 60° Cone end;recht;BSPP;3/4-14;buiten;BSPP;3/4-14;buiten;;;1
2244-12-16;16-12HMK4S;2244;Union;BSPP 60° Cone end;recht;BSPP;1-11;buiten;BSPP;3/4-14;buiten;;;1
2244-12-20;20-12HMK4S;2244;Union;BSPP 60° Cone end;recht;BSPP;1 1/4-11;buiten;BSPP;3/4-14;buiten;;;1
2244-12-24;24-12HMK4S;2244;Union;BSPP 60° Cone end;recht;BSPP;1 1/2-11;buiten;BSPP;3/4-14;buiten;;;1
2244-12-32;;2244;Union;BSPP 60° Cone end;recht;BSPP;3/4-14;buiten;BSPP;2-11;buiten;;;1
2244-16-16;16HMK4S;2244;Union;BSPP 60° Cone end;recht;BSPP;1-11;buiten;BSPP;1-11;buiten;;;1
2244-16-20;20-16HMK4S;2244;Union;BSPP 60° Cone end;recht;BSPP;1 1/4-11;buiten;BSPP;1-11;buiten;;;1
2244-16-24;24-16HMK4S;2244;Union;BSPP 60° Cone end;recht;BSPP;1 1/2-11;buiten;BSPP;1-11;buiten;;;1
2244-16-32;;2244;Union;BSPP 60° Cone end;recht;BSPP;1-11;buiten;BSPP;2-11;buiten;;;1
2244-20-20;20HMK4S;2244;Union;BSPP 60° Cone end;recht;BSPP;1 1/4-11;buiten;BSPP;1 1/4-11;buiten;;;1
2244-20-24;24-20HMK4S;2244;Union;BSPP 60° Cone end;recht;BSPP;1 1/2-11;buiten;BSPP;1 1/4-11;buiten;;;1
2244-20-32;;2244;Union;BSPP 60° Cone end;recht;BSPP;1 1/4-11;buiten;BSPP;2-11;buiten;;;1
2244-24-24;24HMK4S;2244;Union;BSPP 60° Cone end;recht;BSPP;1 1/2-11;buiten;BSPP;1 1/2-11;buiten;;;1
2244-24-32;32-24HMK4S;2244;Union;BSPP 60° Cone end;recht;BSPP;2-11;buiten;BSPP;1 1/2-11;buiten;;;1
2244-24-40;;2244;Union;BSPP 60° Cone end;recht;BSPP;1 1/2-11;buiten;BSPP;2 1/2-11;buiten;;;1
2244-32-32;32HMK4S;2244;Union;BSPP 60° Cone end;recht;BSPP;2-11;buiten;BSPP;2-11;buiten;;;1
2244-32-40;-;2244;Union;BSPP 60° Cone end;recht;BSPP;2-11;buiten;BSPP;2 1/2-11;buiten;;;1
2244-32-48;-;2244;Union;BSPP 60° Cone end;recht;BSPP;2-11;buiten;BSPP;3-11;buiten;;;1
2244-40-40;-;2244;Union;BSPP 60° Cone end;recht;BSPP;2 1/2-11;buiten;BSPP;2 1/2-11;buiten;;;1
2244-40-48;-;2244;Union;BSPP 60° Cone end;recht;BSPP;2 1/2-11;buiten;BSPP;3-11;buiten;;;1
2244-48-48;-;2244;Union;BSPP 60° Cone end;recht;BSPP;3-11;buiten;BSPP;3-11;buiten;;;1
2244-48-64;;2244;Union;BSPP 60° Cone end;recht;BSPP;3-11;buiten;BSPP;4-11;buiten;;;1
2245-02-02;2FMK4S;2245;Male stud connector;BSPP 60° Cone end / Male NPTF thread;recht;BSPP;1/8-28;buiten;NPT/NPTF;1/8-27;buiten;;;20
2245-02-04;2-4FMK4S;2245;Male stud connector;BSPP 60° Cone end / Male NPTF thread;recht;BSPP;1/8-28;buiten;NPT/NPTF;1/4-18;buiten;;;20
2245-02-06;-;2245;Male stud connector;BSPP 60° Cone end / Male NPTF thread;recht;BSPP;1/8-28;buiten;NPT/NPTF;3/8-18;buiten;;;20
2245-02-08;-;2245;Male stud connector;BSPP 60° Cone end / Male NPTF thread;recht;BSPP;1/8-28;buiten;NPT/NPTF;1/2-14;buiten;;;20
2245-04-02;4FMK4S;2245;Male stud connector;BSPP 60° Cone end / Male NPTF thread;recht;BSPP;1/4-19;buiten;NPT/NPTF;1/8-27;buiten;;;20
2245-04-04;4-4FMK4S;2245;Male stud connector;BSPP 60° Cone end / Male NPTF thread;recht;BSPP;1/4-19;buiten;NPT/NPTF;1/4-18;buiten;;;20
2245-04-06;4-6FMK4S;2245;Male stud connector;BSPP 60° Cone end / Male NPTF thread;recht;BSPP;1/4-19;buiten;NPT/NPTF;3/8-18;buiten;;;20
2245-04-08;4-8FMK4S;2245;Male stud connector;BSPP 60° Cone end / Male NPTF thread;recht;BSPP;1/4-19;buiten;NPT/NPTF;1/2-14;buiten;;;20
2245-04-12;-;2245;Male stud connector;BSPP 60° Cone end / Male NPTF thread;recht;BSPP;1/4-19;buiten;NPT/NPTF;3/4-14;buiten;;;20
2245-06-02;-;2245;Male stud connector;BSPP 60° Cone end / Male NPTF thread;recht;BSPP;3/8-19;buiten;NPT/NPTF;1/8-27;buiten;;;20
2245-06-04;6FMK4S;2245;Male stud connector;BSPP 60° Cone end / Male NPTF thread;recht;BSPP;3/8-19;buiten;NPT/NPTF;1/4-18;buiten;;;20
2245-06-06;6-6FMK4S;2245;Male stud connector;BSPP 60° Cone end / Male NPTF thread;recht;BSPP;3/8-19;buiten;NPT/NPTF;3/8-18;buiten;;;20
2245-06-08;6-8FMK4S;2245;Male stud connector;BSPP 60° Cone end / Male NPTF thread;recht;BSPP;3/8-19;buiten;NPT/NPTF;1/2-14;buiten;;;20
2245-06-12;-;2245;Male stud connector;BSPP 60° Cone end / Male NPTF thread;recht;BSPP;3/8-19;buiten;NPT/NPTF;3/4-14;buiten;;;20
2245-08-02;-;2245;Male stud connector;BSPP 60° Cone end / Male NPTF thread;recht;BSPP;1/2-14;buiten;NPT/NPTF;1/8-27;buiten;;;20
2245-08-04;-;2245;Male stud connector;BSPP 60° Cone end / Male NPTF thread;recht;BSPP;1/2-14;buiten;NPT/NPTF;1/4-18;buiten;;;20
2245-08-06;8FMK4S;2245;Male stud connector;BSPP 60° Cone end / Male NPTF thread;recht;BSPP;1/2-14;buiten;NPT/NPTF;3/8-18;buiten;;;20
2245-08-08;8-8FMK4S;2245;Male stud connector;BSPP 60° Cone end / Male NPTF thread;recht;BSPP;1/2-14;buiten;NPT/NPTF;1/2-14;buiten;;;20
2245-08-12;8-12FMK4S;2245;Male stud connector;BSPP 60° Cone end / Male NPTF thread;recht;BSPP;1/2-14;buiten;NPT/NPTF;3/4-14;buiten;;;20
2245-08-16;-;2245;Male stud connector;BSPP 60° Cone end / Male NPTF thread;recht;BSPP;1/2-14;buiten;NPT/NPTF;1-11.5;buiten;;;20
2245-10-08;;2245;Male stud connector;BSPP 60° Cone end / Male NPTF thread;recht;BSPP;5/8-14;buiten;NPT/NPTF;1/2-14;buiten;;;20
2245-10-12;;2245;Male stud connector;BSPP 60° Cone end / Male NPTF thread;recht;BSPP;5/8-14;buiten;NPT/NPTF;3/4-14;buiten;;;20
2245-12-04;-;2245;Male stud connector;BSPP 60° Cone end / Male NPTF thread;recht;BSPP;3/4-14;buiten;NPT/NPTF;1/4-18;buiten;;;20
2245-12-06;-;2245;Male stud connector;BSPP 60° Cone end / Male NPTF thread;recht;BSPP;3/4-14;buiten;NPT/NPTF;3/8-18;buiten;;;20
2245-12-08;12-8FMK4S;2245;Male stud connector;BSPP 60° Cone end / Male NPTF thread;recht;BSPP;3/4-14;buiten;NPT/NPTF;1/2-14;buiten;;;20
2245-12-12;12FMK4S;2245;Male stud connector;BSPP 60° Cone end / Male NPTF thread;recht;BSPP;3/4-14;buiten;NPT/NPTF;3/4-14;buiten;;;20
2245-12-16;12-16FMK4S;2245;Male stud connector;BSPP 60° Cone end / Male NPTF thread;recht;BSPP;3/4-14;buiten;NPT/NPTF;1-11.5;buiten;;;20
2245-12-20;-;2245;Male stud connector;BSPP 60° Cone end / Male NPTF thread;recht;BSPP;3/4-14;buiten;NPT/NPTF;1 1/4-11.5;buiten;;;20
2245-16-06;-;2245;Male stud connector;BSPP 60° Cone end / Male NPTF thread;recht;BSPP;1-11;buiten;NPT/NPTF;3/8-18;buiten;;;20
2245-16-08;-;2245;Male stud connector;BSPP 60° Cone end / Male NPTF thread;recht;BSPP;1-11;buiten;NPT/NPTF;1/2-14;buiten;;;20
2245-16-12;16-12FMK4S;2245;Male stud connector;BSPP 60° Cone end / Male NPTF thread;recht;BSPP;1-11;buiten;NPT/NPTF;3/4-14;buiten;;;20
2245-16-16;16FMK4S;2245;Male stud connector;BSPP 60° Cone end / Male NPTF thread;recht;BSPP;1-11;buiten;NPT/NPTF;1-11.5;buiten;;;20
2245-16-20;-;2245;Male stud connector;BSPP 60° Cone end / Male NPTF thread;recht;BSPP;1-11;buiten;NPT/NPTF;1 1/4-11.5;buiten;;;20
2245-16-24;-;2245;Male stud connector;BSPP 60° Cone end / Male NPTF thread;recht;BSPP;1-11;buiten;NPT/NPTF;1 1/2-11.5;buiten;;;20
2245-16-32;-;2245;Male stud connector;BSPP 60° Cone end / Male NPTF thread;recht;BSPP;1-11;buiten;NPT/NPTF;2-11.5;buiten;;;20
2245-20-12;-;2245;Male stud connector;BSPP 60° Cone end / Male NPTF thread;recht;BSPP;1 1/4-11;buiten;NPT/NPTF;3/4-14;buiten;;;20
2245-20-16;-;2245;Male stud connector;BSPP 60° Cone end / Male NPTF thread;recht;BSPP;1 1/4-11;buiten;NPT/NPTF;1-11.5;buiten;;;20
2245-20-20;20FMK4S;2245;Male stud connector;BSPP 60° Cone end / Male NPTF thread;recht;BSPP;1 1/4-11;buiten;NPT/NPTF;1 1/4-11.5;buiten;;;20
2245-20-24;-;2245;Male stud connector;BSPP 60° Cone end / Male NPTF thread;recht;BSPP;1 1/4-11;buiten;NPT/NPTF;1 1/2-11.5;buiten;;;20
2245-20-32;-;2245;Male stud connector;BSPP 60° Cone end / Male NPTF thread;recht;BSPP;1 1/4-11;buiten;NPT/NPTF;2-11.5;buiten;;;20
2245-24-16;-;2245;Male stud connector;BSPP 60° Cone end / Male NPTF thread;recht;BSPP;1 1/2-11;buiten;NPT/NPTF;1-11.5;buiten;;;20
2245-24-20;-;2245;Male stud connector;BSPP 60° Cone end / Male NPTF thread;recht;BSPP;1 1/2-11;buiten;NPT/NPTF;1 1/4-11.5;buiten;;;20
2245-24-24;24FMK4S;2245;Male stud connector;BSPP 60° Cone end / Male NPTF thread;recht;BSPP;1 1/2-11;buiten;NPT/NPTF;1 1/2-11.5;buiten;;;20
2245-24-32;-;2245;Male stud connector;BSPP 60° Cone end / Male NPTF thread;recht;BSPP;1 1/2-11;buiten;NPT/NPTF;2-11.5;buiten;;;20
2245-32-16;-;2245;Male stud connector;BSPP 60° Cone end / Male NPTF thread;recht;BSPP;2-11;buiten;NPT/NPTF;1-11.5;buiten;;;20
2245-32-20;-;2245;Male stud connector;BSPP 60° Cone end / Male NPTF thread;recht;BSPP;2-11;buiten;NPT/NPTF;1 1/4-11.5;buiten;;;20
2245-32-24;-;2245;Male stud connector;BSPP 60° Cone end / Male NPTF thread;recht;BSPP;2-11;buiten;NPT/NPTF;1 1/2-11.5;buiten;;;20
2245-32-32;-;2245;Male stud connector;BSPP 60° Cone end / Male NPTF thread;recht;BSPP;2-11;buiten;NPT/NPTF;2-11.5;buiten;;;20
2245-32-48;;2245;Male stud connector;BSPP 60° Cone end / Male NPTF thread;recht;BSPP;2-11;buiten;NPT/NPTF;3-8;buiten;;;20
2245-40-40;-;2245;Male stud connector;BSPP 60° Cone end / Male NPTF thread;recht;BSPP;2 1/2-11;buiten;NPT/NPTF;2 1/2-8;buiten;;;20
2245-48-48;-;2245;Male stud connector;BSPP 60° Cone end / Male NPTF thread;recht;BSPP;3-11;buiten;NPT/NPTF;3-8;buiten;;;20
2245-48-56;;2245;Male stud connector;BSPP 60° Cone end / Male NPTF thread;recht;BSPP;3-11;buiten;NPT/NPTF;3 1/2-8;buiten;;;20
2246-04-04;;2246;Male union;JIS BSPP 60° cone;recht;JIS;1/4-19;buiten;JIS;1/4-19;buiten;;;40
2246-06-06;;2246;Male union;JIS BSPP 60° cone;recht;JIS;3/8-19;buiten;JIS;3/8-19;buiten;;;40
2246-08-08;;2246;Male union;JIS BSPP 60° cone;recht;JIS;1/2-14;buiten;JIS;1/2-14;buiten;;;40
2246-12-12;;2246;Male union;JIS BSPP 60° cone;recht;JIS;3/4-14;buiten;JIS;3/4-14;buiten;;;40
2246-16-16;;2246;Male union;JIS BSPP 60° cone;recht;JIS;1-11;buiten;JIS;1-11;buiten;;;40
2247-04-04;;2247;Adapter;ADAPTER NPT MALE X BSP FEMALE SWIVEL;recht;NPT/NPTF;1/4-18;buiten;BSPP;1/4-19;wartelend;;;
2247-08-08;;2247;Adapter;ADAPTER NPT MALE X BSP FEMALE SWIVEL;recht;NPT/NPTF;1/2-14;buiten;BSPP;1/2-14;wartelend;;;
2249-04-04;;2249;Adapter;ADAPTER JIS MALE X BSP MALE;recht;JIS;1/4-19;buiten;BSPP;1/4-19;BSPP;;;
2249-06-06;;2249;Adapter;ADAPTER JIS MALE X BSP MALE;recht;JIS;3/8-19;buiten;BSPP;3/8-19;BSPP;;;
2249-06-08;;2249;Adapter;ADAPTER JIS MALE X BSP MALE;recht;JIS;3/8-19;buiten;BSPP;1/2-14;BSPP;;;
2249-08-08;;2249;Adapter;ADAPTER JIS MALE X BSP MALE;recht;JIS;1/2-14;buiten;BSPP;1/2-14;BSPP;;;
2249-12-12;;2249;Adapter;ADAPTER JIS MALE X BSP MALE;recht;JIS;3/4-14;buiten;BSPP;3/4-14;BSPP;;;
2249-16-16;;2249;Adapter;ADAPTER JIS MALE X BSP MALE;recht;JIS;1-11;buiten;BSPP;1-11;BSPP;;;
2257-02-02;0107-2-2;2257;Swivel male stud;Male NPTF thread / NPSM Female swivel end;recht;NPT/NPTF;1/8-27;buiten;NPSM;1/8-27;wartelend;;;32
2257-02-04;0107-2-4;2257;Swivel male stud;Male NPTF thread / NPSM Female swivel end;recht;NPT/NPTF;1/8-27;buiten;NPSM;1/4-18;wartelend;;;32
2257-04-04;0107-4-4;2257;Swivel male stud;Male NPTF thread / NPSM Female swivel end;recht;NPT/NPTF;1/4-18;buiten;NPSM;1/4-18;wartelend;;;32
2257-04-06;0107-4-6;2257;Swivel male stud;Male NPTF thread / NPSM Female swivel end;recht;NPT/NPTF;1/4-18;buiten;NPSM;3/8-18;wartelend;;;32
2257-04-08;0107-4-8;2257;Swivel male stud;Male NPTF thread / NPSM Female swivel end;recht;NPT/NPTF;1/4-18;buiten;NPSM;1/2-14;wartelend;;;32
2257-06-04;0107-6-4;2257;Swivel male stud;Male NPTF thread / NPSM Female swivel end;recht;NPT/NPTF;3/8-18;buiten;NPSM;1/4-18;wartelend;;;32
2257-06-06;0107-6-6;2257;Swivel male stud;Male NPTF thread / NPSM Female swivel end;recht;NPT/NPTF;3/8-18;buiten;NPSM;3/8-18;wartelend;;;32
2257-06-08;0107-6-8;2257;Swivel male stud;Male NPTF thread / NPSM Female swivel end;recht;NPT/NPTF;3/8-18;buiten;NPSM;1/2-14;wartelend;;;32
2257-08-06;0107-8-6;2257;Swivel male stud;Male NPTF thread / NPSM Female swivel end;recht;NPT/NPTF;1/2-14;buiten;NPSM;3/8-18;wartelend;;;32
2257-08-08;0107-8-8;2257;Swivel male stud;Male NPTF thread / NPSM Female swivel end;recht;NPT/NPTF;1/2-14;buiten;NPSM;1/2-14;wartelend;;;32
2257-08-12;0107-8-12;2257;Swivel male stud;Male NPTF thread / NPSM Female swivel end;recht;NPT/NPTF;1/2-14;buiten;NPSM;3/4-14;wartelend;;;32
2257-12-08;0107-12-8;2257;Swivel male stud;Male NPTF thread / NPSM Female swivel end;recht;NPT/NPTF;3/4-14;buiten;NPSM;1/2-14;wartelend;;;32
2257-12-12;0107-12-12;2257;Swivel male stud;Male NPTF thread / NPSM Female swivel end;recht;NPT/NPTF;3/4-14;buiten;NPSM;3/4-14;wartelend;;;32
2257-12-16;0107-12-16;2257;Swivel male stud;Male NPTF thread / NPSM Female swivel end;recht;NPT/NPTF;3/4-14;buiten;NPSM;1-11.5;wartelend;;;32
2257-16-12;0107-16-12;2257;Swivel male stud;Male NPTF thread / NPSM Female swivel end;recht;NPT/NPTF;1-11.5;buiten;NPSM;3/4-14;wartelend;;;32
2257-16-16;0107-16-16;2257;Swivel male stud;Male NPTF thread / NPSM Female swivel end;recht;NPT/NPTF;1-11.5;buiten;NPSM;1-11.5;wartelend;;;32
2257-16-20;0107-16-20;2257;Swivel male stud;Male NPTF thread / NPSM Female swivel end;recht;NPT/NPTF;1-11.5;buiten;NPSM;1 1/4-11.5;wartelend;;;32
2257-20-16;0107-20-16;2257;Swivel male stud;Male NPTF thread / NPSM Female swivel end;recht;NPT/NPTF;1 1/4-11.5;buiten;NPSM;1-11.5;wartelend;;;32
2257-20-20;0107-20-20;2257;Swivel male stud;Male NPTF thread / NPSM Female swivel end;recht;NPT/NPTF;1 1/4-11.5;buiten;NPSM;1 1/4-11.5;wartelend;;;32
2257-24-24;0107-24-24;2257;Swivel male stud;Male NPTF thread / NPSM Female swivel end;recht;NPT/NPTF;1 1/2-11.5;buiten;NPSM;1 1/2-11.5;wartelend;;;32
2257-32-32;0107-32-32;2257;Swivel male stud;Male NPTF thread / NPSM Female swivel end;recht;NPT/NPTF;2-11.5;buiten;NPSM;2-11.5;wartelend;;;32
2277-02-02;0207-2-2;2277;Female connector;Female NPTF thread / NPSM Female swivel end;recht;NPT/NPTF;1/8-27;binnen;NPSM;1/8-27;wartelend;;;35
2277-04-04;0207-4-4;2277;Female connector;Female NPTF thread / NPSM Female swivel end;recht;NPT/NPTF;1/4-18;binnen;NPSM;1/4-18;wartelend;;;35
2277-06-04;0207-6-4;2277;Female connector;Female NPTF thread / NPSM Female swivel end;recht;NPT/NPTF;3/8-18;binnen;NPSM;1/4-18;wartelend;;;35
2277-06-06;0207-6-6;2277;Female connector;Female NPTF thread / NPSM Female swivel end;recht;NPT/NPTF;3/8-18;binnen;NPSM;3/8-18;wartelend;;;35
2277-08-06;0207-8-6;2277;Female connector;Female NPTF thread / NPSM Female swivel end;recht;NPT/NPTF;1/2-14;binnen;NPSM;3/8-18;wartelend;;;35
2277-08-08;0207-8-8;2277;Female connector;Female NPTF thread / NPSM Female swivel end;recht;NPT/NPTF;1/2-14;binnen;NPSM;1/2-14;wartelend;;;35
2277-12-12;0207-12-12;2277;Female connector;Female NPTF thread / NPSM Female swivel end;recht;NPT/NPTF;3/4-14;binnen;NPSM;3/4-14;wartelend;;;35
2277-16-16;0207-16-16;2277;Female connector;Female NPTF thread / NPSM Female swivel end;recht;NPT/NPTF;1-11.5;binnen;NPSM;1-11.5;wartelend;;;35
2277-20-20;0207-20-20;2277;Female connector;Female NPTF thread / NPSM Female swivel end;recht;NPT/NPTF;1 1/4-11.5;binnen;NPSM;1 1/4-11.5;wartelend;;;35
2277-24-24;0207-24-24;2277;Female connector;Female NPTF thread / NPSM Female swivel end;recht;NPT/NPTF;1 1/2-11.5;binnen;NPSM;1 1/2-11.5;wartelend;;;35
2277-32-32;0207-32-32;2277;Female connector;Female NPTF thread / NPSM Female swivel end;recht;NPT/NPTF;2-11.5;binnen;NPSM;2-11.5;wartelend;;;35
2280-10-12;;2280;Banjo connector;ADAPTER BANJO X METRIC MALE 24º;haaks;;;;Metric;M 12×1.5;buiten;6;;
2280-12-14;;2280;Banjo connector;ADAPTER BANJO X METRIC MALE 24º;haaks;;;;Metric;M 14×1.5;buiten;8;;
2280-13-10;;2280;Banjo connector;ADAPTER BANJO X METRIC MALE 24º;haaks;;;;;;;10;;
2280-14-14;;2280;Banjo connector;ADAPTER BANJO X METRIC MALE 24º;haaks;;;;Metric;M 14×1.5;buiten;8;;
2280-17-12;;2280;Banjo connector;ADAPTER BANJO X METRIC MALE 24º;haaks;;;;;;;12;;
2280-21-12;;2280;Banjo connector;ADAPTER BANJO X METRIC MALE 24º;haaks;;;;;;;12;;
2280-21-15;;2280;Banjo connector;ADAPTER BANJO X METRIC MALE 24º;haaks;;;;;;;15;;
2281-10-12;;2281;Banjo connector;ADAPTER BANJO X METRIC MALE 60º;haaks;;;;Metric;M 12×1.5;buiten;;;
2281-13-04;;2281;Banjo connector;ADAPTER BANJO X METRIC MALE 60º;haaks;;;;BSPP;1/4-19;buiten;;;
2281-14-12;;2281;Banjo connector;ADAPTER BANJO X METRIC MALE 60º;haaks;;;;Metric;M 12×1.5;buiten;;;
2281-14-14;;2281;Banjo connector;ADAPTER BANJO X METRIC MALE 60º;haaks;;;;Metric;M 14×1.5;buiten;;;
2281-16-16;;2281;Banjo connector;ADAPTER BANJO X METRIC MALE 60º;haaks;;;;Metric;M 16×1.5;buiten;;;
2281-17-06;;2281;Banjo connector;ADAPTER BANJO X METRIC MALE 60º;haaks;;;;BSPP;3/8-19;buiten;;;
2281-21-08;;2281;Banjo connector;ADAPTER BANJO X METRIC MALE 60º;haaks;;;;BSPP;1/2-14;buiten;;;
2281-22-18;;2281;Banjo connector;ADAPTER BANJO X METRIC MALE 60º;haaks;;;;Metric;M 18×1.5;buiten;;;
2281-22-22;;2281;Banjo connector;ADAPTER BANJO X METRIC MALE 60º;haaks;;;;Metric;M 22×1.5;buiten;;;
2281-27-08;;2281;Banjo connector;ADAPTER BANJO X METRIC MALE 60º;haaks;;;;BSPP;1/2-14;buiten;;;
2282-14-12;;2282;Banjo connector;ADAPTER BANJO X METRIC FEMALE;haaks;;;;Metric;M 12×1.5;binnen;;;
2282-14-14;;2282;Banjo connector;ADAPTER BANJO X METRIC FEMALE;haaks;;;;Metric;M 14×1.5;binnen;;;
2284-10-02;;2284;Adapter;ADAPTER METRIC MALE X BSP MALE;recht;Metric;M 10×1.0;buiten;BSPP;1/8-28;buiten;;;
2284-10-04;;2284;Adapter;ADAPTER METRIC MALE X BSP MALE;recht;Metric;M 10×1.0;buiten;BSPP;1/4-19;buiten;;;
2284-10-06;;2284;Adapter;ADAPTER METRIC MALE X BSP MALE;recht;Metric;M 10×1.0;buiten;BSPP;3/8-19;buiten;;;
2284-10X1.25-06;;2284;Adapter;ADAPTER METRIC MALE X BSP MALE;recht;Metric;M 10×1.25;buiten;BSPP;3/8-19;buiten;;;
2284-10X1.5-06;;2284;Adapter;ADAPTER METRIC MALE X BSP MALE;recht;Metric;M 10×1.5;buiten;BSPP;3/8-19;buiten;;;
2284-12-02;;2284;Adapter;ADAPTER METRIC MALE X BSP MALE;recht;Metric;M 12×1.5;buiten;BSPP;1/8-28;buiten;;;
2284-12-04;;2284;Adapter;ADAPTER METRIC MALE X BSP MALE;recht;Metric;M 12×1.5;buiten;BSPP;1/4-19;buiten;;;
2284-12-06;;2284;Adapter;ADAPTER METRIC MALE X BSP MALE;recht;Metric;M 12×1.5;buiten;BSPP;3/8-19;buiten;;;
2284-12-08;;2284;Adapter;ADAPTER METRIC MALE X BSP MALE;recht;Metric;M 12×1.5;buiten;BSPP;1/2-14;buiten;;;
2284-12X1-02;;2284;Adapter;ADAPTER METRIC MALE X BSP MALE;recht;Metric;M 12×1.0;buiten;BSPP;1/8-28;buiten;;;
2284-12X1-04;;2284;Adapter;ADAPTER METRIC MALE X BSP MALE;recht;Metric;M 12×1.0;buiten;BSPP;1/4-19;buiten;;;
2284-14-04;;2284;Adapter;ADAPTER METRIC MALE X BSP MALE;recht;Metric;M 14×1.5;buiten;BSPP;1/4-19;buiten;;;
2284-14-06;;2284;Adapter;ADAPTER METRIC MALE X BSP MALE;recht;Metric;M 14×1.5;buiten;BSPP;3/8-19;buiten;;;
2284-14-08;;2284;Adapter;ADAPTER METRIC MALE X BSP MALE;recht;Metric;M 14×1.5;buiten;BSPP;1/2-14;buiten;;;
2284-16-04;;2284;Adapter;ADAPTER METRIC MALE X BSP MALE;recht;Metric;M 16×1.5;buiten;BSPP;1/4-19;buiten;;;
2284-16-06;;2284;Adapter;ADAPTER METRIC MALE X BSP MALE;recht;Metric;M 16×1.5;buiten;BSPP;3/8-19;buiten;;;
2284-16-08;;2284;Adapter;ADAPTER METRIC MALE X BSP MALE;recht;Metric;M 16×1.5;buiten;BSPP;1/2-14;buiten;;;
2284-18-04;;2284;Adapter;ADAPTER METRIC MALE X BSP MALE;recht;Metric;M 18×1.5;buiten;BSPP;1/4-19;buiten;;;
2284-18-06;;2284;Adapter;ADAPTER METRIC MALE X BSP MALE;recht;Metric;M 18×1.5;buiten;BSPP;3/8-19;buiten;;;
2284-18-08;;2284;Adapter;ADAPTER METRIC MALE X BSP MALE;recht;Metric;M 18×1.5;buiten;BSPP;1/2-14;buiten;;;
2284-18-10;;2284;Adapter;ADAPTER METRIC MALE X BSP MALE;recht;Metric;M 18×1.5;buiten;BSPP;5/8-14;buiten;;;
2284-18-12;;2284;Adapter;ADAPTER METRIC MALE X BSP MALE;recht;Metric;M 18×1.5;buiten;BSPP;3/4-14;buiten;;;
2284-20-06;;2284;Adapter;ADAPTER METRIC MALE X BSP MALE;recht;Metric;M 20×1.5;buiten;BSPP;3/8-19;buiten;;;
2284-20-08;;2284;Adapter;ADAPTER METRIC MALE X BSP MALE;recht;Metric;M 20×1.5;buiten;BSPP;1/2-14;buiten;;;
2284-20-12;;2284;Adapter;ADAPTER METRIC MALE X BSP MALE;recht;Metric;M 20×1.5;buiten;BSPP;3/4-14;buiten;;;
2284-22-04;;2284;Adapter;ADAPTER METRIC MALE X BSP MALE;recht;Metric;M 22×1.5;buiten;BSPP;1/4-19;buiten;;;
2284-22-06;;2284;Adapter;ADAPTER METRIC MALE X BSP MALE;recht;Metric;M 22×1.5;buiten;BSPP;3/8-19;buiten;;;
2284-22-08;;2284;Adapter;ADAPTER METRIC MALE X BSP MALE;recht;Metric;M 22×1.5;buiten;BSPP;1/2-14;buiten;;;
2284-22-10;;2284;Adapter;ADAPTER METRIC MALE X BSP MALE;recht;Metric;M 22×1.5;buiten;BSPP;5/8-14;buiten;;;
2284-22-12;;2284;Adapter;ADAPTER METRIC MALE X BSP MALE;recht;Metric;M 22×1.5;buiten;BSPP;3/4-14;buiten;;;
2284-22-16;;2284;Adapter;ADAPTER METRIC MALE X BSP MALE;recht;Metric;M 22×1.5;buiten;BSPP;1-11;buiten;;;
2284-24-06;;2284;Adapter;ADAPTER METRIC MALE X BSP MALE;recht;Metric;M 24×1.5;buiten;BSPP;3/8-19;buiten;;;
2284-24-08;;2284;Adapter;ADAPTER METRIC MALE X BSP MALE;recht;Metric;M 24×1.5;buiten;BSPP;1/2-14;buiten;;;
2284-24-12;;2284;Adapter;ADAPTER METRIC MALE X BSP MALE;recht;Metric;M 24×1.5;buiten;BSPP;3/4-14;buiten;;;
2284-26-08;;2284;Adapter;ADAPTER METRIC MALE X BSP MALE;recht;Metric;M 26×1.5;buiten;BSPP;1/2-14;buiten;;;
2284-26-10;;2284;Adapter;ADAPTER METRIC MALE X BSP MALE;recht;Metric;M 26×1.5;buiten;BSPP;5/8-14;buiten;;;
2284-26-12;;2284;Adapter;ADAPTER METRIC MALE X BSP MALE;recht;Metric;M 26×1.5;buiten;BSPP;3/4-14;buiten;;;
2284-26-16;;2284;Adapter;ADAPTER METRIC MALE X BSP MALE;recht;Metric;M 26×1.5;buiten;BSPP;1-11;buiten;;;
2284-27-08;;2284;Adapter;ADAPTER METRIC MALE X BSP MALE;recht;Metric;M 27×2.0;buiten;BSPP;1/2-14;buiten;;;
2284-27-12;;2284;Adapter;ADAPTER METRIC MALE X BSP MALE;recht;Metric;M 27×2.0;buiten;BSPP;3/4-14;buiten;;;
2284-30-12;;2284;Adapter;ADAPTER METRIC MALE X BSP MALE;recht;Metric;M 30×1.5;buiten;BSPP;3/4-14;buiten;;;
2284-30-16;;2284;Adapter;ADAPTER METRIC MALE X BSP MALE;recht;Metric;M 30×1.5;buiten;BSPP;1-11;buiten;;;
2284-30X2-16;;2284;Adapter;ADAPTER METRIC MALE X BSP MALE;recht;Metric;M 30×2.0;buiten;BSPP;1-11;buiten;;;
2284-33-16;;2284;Adapter;ADAPTER METRIC MALE X BSP MALE;recht;Metric;M 33×2.0;buiten;BSPP;1-11;buiten;;;
2284-38-16;;2284;Adapter;ADAPTER METRIC MALE X BSP MALE;recht;Metric;M 38×1.5;buiten;BSPP;1-11;buiten;;;
2284-38-20;;2284;Adapter;ADAPTER METRIC MALE X BSP MALE;recht;Metric;M 38×1.5;buiten;BSPP;1 1/4-11;buiten;;;
2284-45-24;;2284;Adapter;ADAPTER METRIC MALE X BSP MALE;recht;Metric;M 45×1.5;buiten;BSPP;1 1/2-11;buiten;;;
2284-68-24;;2284;Adapter;ADAPTER METRIC MALE X BSP MALE;recht;Metric;M 68*6.0;buiten;BSPP;1 1/2-11;buiten;;;
2284-68-32;;2284;Adapter;ADAPTER METRIC MALE X BSP MALE;recht;Metric;M 68*6.0;buiten;BSPP;2-11;buiten;;;
2284-82-32;;2284;Adapter;ADAPTER METRIC MALE X BSP MALE;recht;Metric;;buiten;Metric;;buiten;;;
2284-82-48;;2284;Adapter;ADAPTER METRIC MALE X BSP MALE;recht;Metric;;buiten;Metric;M 48×2.0;buiten;;;
2288-10-10;;2288;Adapter;ADAPTER METRIC MALE X METRIC MALE;recht;Metric;M 10×1.0;buiten;Metric;M 10×1.0;buiten;;;
2288-12-10;;2288;Adapter;ADAPTER METRIC MALE X METRIC MALE;recht;Metric;M 12×1.5;buiten;Metric;M 10×1.0;buiten;;;
2288-12-12;;2288;Adapter;ADAPTER METRIC MALE X METRIC MALE;recht;Metric;M 12×1.5;buiten;Metric;M 12×1.5;buiten;;;
2288-14-12;;2288;Adapter;ADAPTER METRIC MALE X METRIC MALE;recht;Metric;M 14×1.5;buiten;Metric;M 12×1.5;buiten;;;
2288-14-14;;2288;Adapter;ADAPTER METRIC MALE X METRIC MALE;recht;Metric;M 14×1.5;buiten;Metric;M 14×1.5;buiten;;;
2288-16-12;;2288;Adapter;ADAPTER METRIC MALE X METRIC MALE;recht;Metric;M 16×1.5;buiten;Metric;M 12×1.5;buiten;;;
2288-16-14;;2288;Adapter;ADAPTER METRIC MALE X METRIC MALE;recht;Metric;M 16×1.5;buiten;Metric;M 14×1.5;buiten;;;
2288-16-16;;2288;Adapter;ADAPTER METRIC MALE X METRIC MALE;recht;Metric;M 16×1.5;buiten;Metric;M 16×1.5;buiten;;;
2288-18-14;;2288;Adapter;ADAPTER METRIC MALE X METRIC MALE;recht;Metric;M 18×1.5;buiten;Metric;M 14×1.5;buiten;;;
2288-18-16;;2288;Adapter;ADAPTER METRIC MALE X METRIC MALE;recht;Metric;M 18×1.5;buiten;Metric;M 16×1.5;buiten;;;
2288-18-18;;2288;Adapter;ADAPTER METRIC MALE X METRIC MALE;recht;Metric;M 18×1.5;buiten;Metric;M 18×1.5;buiten;;;
2288-20-16;;2288;Adapter;ADAPTER METRIC MALE X METRIC MALE;recht;Metric;M 20×1.5;buiten;Metric;M 16×1.5;buiten;;;
2288-20-18;;2288;Adapter;ADAPTER METRIC MALE X METRIC MALE;recht;Metric;M 20×1.5;buiten;Metric;M 18×1.5;buiten;;;
2288-20-20;;2288;Adapter;ADAPTER METRIC MALE X METRIC MALE;recht;Metric;M 20×1.5;buiten;Metric;M 20×1.5;buiten;;;
2288-22-16;;2288;Adapter;ADAPTER METRIC MALE X METRIC MALE;recht;Metric;M 22×1.5;buiten;Metric;M 16×1.5;buiten;;;
2288-22-18;;2288;Adapter;ADAPTER METRIC MALE X METRIC MALE;recht;Metric;M 22×1.5;buiten;Metric;M 18×1.5;buiten;;;
2288-22-20;;2288;Adapter;ADAPTER METRIC MALE X METRIC MALE;recht;Metric;M 22×1.5;buiten;Metric;M 20×1.5;buiten;;;
2288-22-22;;2288;Adapter;ADAPTER METRIC MALE X METRIC MALE;recht;Metric;M 22×1.5;buiten;Metric;M 22×1.5;buiten;;;
2288-24-24;;2288;Adapter;ADAPTER METRIC MALE X METRIC MALE;recht;Metric;M 24×1.5;buiten;Metric;M 24×1.5;buiten;;;
2288-26-22;;2288;Adapter;ADAPTER METRIC MALE X METRIC MALE;recht;Metric;M 26×1.5;buiten;Metric;M 22×1.5;buiten;;;
2288-26-26;;2288;Adapter;ADAPTER METRIC MALE X METRIC MALE;recht;Metric;M 26×1.5;buiten;Metric;M 26×1.5;buiten;;;
2288-30-26;;2288;Adapter;ADAPTER METRIC MALE X METRIC MALE;recht;Metric;M 30×1.5;buiten;Metric;M 26×1.5;buiten;;;
2288-30-30;;2288;Adapter;ADAPTER METRIC MALE X METRIC MALE;recht;Metric;M 30×1.5;buiten;Metric;M 30×1.5;buiten;;;
2288-38-38;;2288;Adapter;ADAPTER METRIC MALE X METRIC MALE;recht;Metric;M 38×1.5;buiten;Metric;M 38×1.5;buiten;;;
2288-45-45;;2288;Adapter;ADAPTER METRIC MALE X METRIC MALE;recht;Metric;M 45×1.5;buiten;Metric;M 45×1.5;buiten;;;
2288-52-52;;2288;Adapter;ADAPTER METRIC MALE X METRIC MALE;recht;Metric;M 52×1.5;buiten;Metric;M 52×1.5;buiten;;;
2288-65-65;;2288;Adapter;ADAPTER METRIC MALE X METRIC MALE;recht;Metric;M 65*6.0;buiten;Metric;M 65*6.0;buiten;;;
2288-68-68;;2288;Adapter;ADAPTER METRIC MALE X METRIC MALE;recht;Metric;M 68*6.0;buiten;Metric;M 68*6.0;buiten;;;
2293-21-04;;2293;Adapter;DIBO FEMALE SWIVEL X 1/4 BSP MALE;recht;;;wartelend;BSPP;1/4-19;buiten;;;
2293-21-06;;2293;Adapter;DIBO FEMALE SWIVEL X 3/8 BSP MALE;recht;;;wartelend;BSPP;3/8-19;buiten;;;
2293-21-08;;2293;Adapter;DIBO FEMALE SWIVEL X 1/2 BSP MALE;recht;;;wartelend;BSPP;1/2-14;buiten;;;
2293-22-04;;2293;Adapter;KARCHER FEMALE SWIVEL X 1/4 BSP MALE;recht;;;wartelend;BSPP;1/4-19;buiten;;;
2293-22-06;;2293;Adapter;KARCHER FEMALE SWIVEL X 3/8 BSP MALE;recht;;;wartelend;BSPP;3/8-19;buiten;;;
2293-22-08;;2293;Adapter;KARCHER FEMALE SWIVEL X 1/2 BSP MALE;recht;;;wartelend;BSPP;1/2-14;buiten;;;
2294-21-04;;2294;Adapter;DIBO FEMALE SWIVEL X 1/4 BSP FEMALE;recht;;;wartelend;BSPP;1/4-19;binnen;;;
2294-21-06;;2294;Adapter;DIBO FEMALE SWIVEL X 3/8 BSP FEMALE;recht;;;wartelend;BSPP;3/8-19;binnen;;;
2294-21-08;;2294;Adapter;DIBO FEMALE SWIVEL X 1/2 BSP FEMALE;recht;;;wartelend;BSPP;1/2-14;binnen;;;
2294-22-02;;2294;Adapter;KARCHER FEMALE SWIVEL X 1/8 BSP FEMALE;recht;;;wartelend;BSPP;1/8-28;binnen;;;
2294-22-04;;2294;Adapter;KARCHER FEMALE SWIVEL X 1/4 BSP FEMALE;recht;;;wartelend;BSPP;1/4-19;binnen;;;
2294-22-06;;2294;Adapter;KARCHER FEMALE SWIVEL X 3/8 BSP FEMALE;recht;;;wartelend;BSPP;3/8-19;binnen;;;
2294-22-08;;2294;Adapter;KARCHER FEMALE SWIVEL X 1/2 BSP FEMALE;recht;;;wartelend;BSPP;1/2-14;binnen;;;
2294-24-06;;2294;Adapter;RM FEMALE SWIVEL X 3/8 BSP FEMALE;recht;;;wartelend;BSPP;3/8-19;binnen;;;
2295-21-06;;2295;Adapter;DIBO MALE X 3/8 MALE;recht;;;buiten;BSPP;3/8-19;buiten;;;
2295-22-04;;2295;Adapter;KARCHER MALE X 1/4 MALE;recht;;;buiten;BSPP;1/4-19;buiten;;;
2295-22-06;;2295;Adapter;KARCHER MALE X 3/8 MALE;recht;;;buiten;BSPP;3/8-19;buiten;;;
2295-22-08;;2295;Adapter;KARCHER MALE X 1/2 MALE;recht;;;buiten;BSPP;1/2-14;buiten;;;
2296-21-04;;2296;Adapter;DIBO MALE X 1/4 FEMALE;recht;;;buiten;BSPP;1/4-19;binnen;;;
2296-21-06;;2296;Adapter;DIBO MALE X 3/8 FEMALE;recht;;;buiten;BSPP;3/8-19;binnen;;;
2296-21-08;;2296;Adapter;DIBO MALE X 1/2 FEMALE;recht;;;buiten;BSPP;1/2-14;binnen;;;
2296-22-04;;2296;Adapter;KARCHER MALE X 1/4 FEMALE;recht;;;buiten;BSPP;1/4-19;binnen;;;
2296-22-06;;2296;Adapter;KARCHER MALE X 3/8 FEMALE;recht;;;buiten;BSPP;3/8-19;binnen;;;
2296-22-08;;2296;Adapter;KARCHER MALE X 1/2 FEMALE;recht;;;buiten;BSPP;1/2-14;binnen;;;
2297-22-06;;2297;Adapter;KARCHER ROTARY SWIVEL X 3/8 FEMALE;recht;;;wartelend;BSPP;3/8-19;binnen;;;
2297-22-08;;2297;Adapter;KARCHER ROTARY SWIVEL X 1/2 FEMALE;recht;;;wartelend;BSPP;1/2-14;binnen;;;
2297-22-22;;2297;Adapter;KARCHER ROTARY SWIVEL;recht;;;wartelend;;;;;;
2419-04-04;4V3T4S;2419;Male elbow 45°;JIS BSPP 60° Flare end / Male BSPT thread;45°;JIS;1/4-19;buiten;BSPT;1/4-19;buiten;;;41
2419-06-06;6V3T4S;2419;Male elbow 45°;JIS BSPP 60° Flare end / Male BSPT thread;45°;JIS;3/8-19;buiten;BSPT;3/8-19;buiten;;;41
2419-08-08;8V3T4S;2419;Male elbow 45°;JIS BSPP 60° Flare end / Male BSPT thread;45°;JIS;1/2-14;buiten;BSPT;1/2-14;buiten;;;41
2419-12-12;12V3T4S;2419;Male elbow 45°;JIS BSPP 60° Flare end / Male BSPT thread;45°;JIS;3/4-14;buiten;BSPT;3/4-14;buiten;;;41
2419-16-16;16V3T4S;2419;Male elbow 45°;JIS BSPP 60° Flare end / Male BSPT thread;45°;JIS;1-11;buiten;BSPT;1-11;buiten;;;41
2424-04-02;4V4OMXS;2424;Male stud elbow 45°;Triple-Lok® 37° Flare end / Male BSPP thread O-ring + retaining ring;45°;JIC;7/16-20;buiten;BSPP;1/8-28;buiten;6;1/4;72
2424-04-04;4-4V4OMXS;2424;Male stud elbow 45°;Triple-Lok® 37° Flare end / Male BSPP thread O-ring + retaining ring;45°;JIC;7/16-20;buiten;BSPP;1/4-19;buiten;6;1/4;72
2424-05-02;5V4OMXS;2424;Male stud elbow 45°;Triple-Lok® 37° Flare end / Male BSPP thread O-ring + retaining ring;45°;JIC;1/2-20;buiten;BSPP;1/8-28;buiten;8;5/16;72
2424-05-04;5-4V4OMXS;2424;Male stud elbow 45°;Triple-Lok® 37° Flare end / Male BSPP thread O-ring + retaining ring;45°;JIC;1/2-20;buiten;BSPP;1/4-19;buiten;8;5/16;72
2424-06-04;6V4OMXS;2424;Male stud elbow 45°;Triple-Lok® 37° Flare end / Male BSPP thread O-ring + retaining ring;45°;JIC;9/16-18;buiten;BSPP;1/4-19;buiten;10;3/8;72
2424-06-06;6-6V4OMXS;2424;Male stud elbow 45°;Triple-Lok® 37° Flare end / Male BSPP thread O-ring + retaining ring;45°;JIC;9/16-18;buiten;BSPP;3/8-19;buiten;10;3/8;72
2424-06-08;6-8V4OMXS;2424;Male stud elbow 45°;Triple-Lok® 37° Flare end / Male BSPP thread O-ring + retaining ring;45°;JIC;9/16-18;buiten;BSPP;1/2-14;buiten;10;3/8;72
2424-08-06;8V4OMXS;2424;Male stud elbow 45°;Triple-Lok® 37° Flare end / Male BSPP thread O-ring + retaining ring;45°;JIC;3/4-16;buiten;BSPP;3/8-19;buiten;12;1/2;72
2424-08-08;8-8V4OMXS;2424;Male stud elbow 45°;Triple-Lok® 37° Flare end / Male BSPP thread O-ring + retaining ring;45°;JIC;3/4-16;buiten;BSPP;1/2-14;buiten;12;1/2;72
2424-10-08;10V4OMXS;2424;Male stud elbow 45°;Triple-Lok® 37° Flare end / Male BSPP thread O-ring + retaining ring;45°;JIC;7/8-14;buiten;BSPP;1/2-14;buiten;14, 15,16;5/8;72
2424-10-12;10-12V4OMXS;2424;Male stud elbow 45°;Triple-Lok® 37° Flare end / Male BSPP thread O-ring + retaining ring;45°;JIC;7/8-14;buiten;BSPP;3/4-14;buiten;14, 15,16;5/8;72
2424-12-08;;2424;Male stud elbow 45°;Triple-Lok® 37° Flare end / Male BSPP thread O-ring + retaining ring;45°;JIC;1 1/16-12;buiten;BSPP;1/2-14;buiten;18, 20;3/4;72
2424-12-12;12V4OMXS;2424;Male stud elbow 45°;Triple-Lok® 37° Flare end / Male BSPP thread O-ring + retaining ring;45°;JIC;1 1/16-12;buiten;BSPP;3/4-14;buiten;18, 20;3/4;72
2424-12-16;;2424;Male stud elbow 45°;Triple-Lok® 37° Flare end / Male BSPP thread O-ring + retaining ring;45°;JIC;1 1/16-12;buiten;BSPP;1-11;buiten;18, 20;3/4;72
2424-16-12;;2424;Male stud elbow 45°;Triple-Lok® 37° Flare end / Male BSPP thread O-ring + retaining ring;45°;JIC;1 5/16-12;buiten;BSPP;3/4-14;buiten;25;1;72
2424-16-16;16V4OMXS;2424;Male stud elbow 45°;Triple-Lok® 37° Flare end / Male BSPP thread O-ring + retaining ring;45°;JIC;1 5/16-12;buiten;BSPP;1-11;buiten;25;1;72
2424-20-20;20V4OMXS;2424;Male stud elbow 45°;Triple-Lok® 37° Flare end / Male BSPP thread O-ring + retaining ring;45°;JIC;1 5/8-12;buiten;BSPP;1 1/4-11;buiten;28, 30, 32;1 1/4;72
2424-24-24;24V4OMXS;2424;Male stud elbow 45°;Triple-Lok® 37° Flare end / Male BSPP thread O-ring + retaining ring;45°;JIC;1 7/8-12;buiten;BSPP;1 1/2-11;buiten;35, 38;1 1/2;72
2425-02-04;4 VTX-S;2425;Male stud elbow 45°;Triple-Lok® 37° Flare end / Male NPTF thread;45°;NPT/NPTF;1/8-27;buiten;JIC;7/16-20;buiten;6;1/4;73
2425-02-05;5 VTX-S;2425;Male stud elbow 45°;Triple-Lok® 37° Flare end / Male NPTF thread;45°;NPT/NPTF;1/8-27;buiten;JIC;1/2-20;buiten;8;5/16;73
2425-02-06;6-2 VTX-S;2425;Male stud elbow 45°;Triple-Lok® 37° Flare end / Male NPTF thread;45°;NPT/NPTF;1/8-27;buiten;JIC;9/16-18;buiten;10;3/8;73
2425-04-04;4-4 VTX-S;2425;Male stud elbow 45°;Triple-Lok® 37° Flare end / Male NPTF thread;45°;NPT/NPTF;1/4-18;buiten;JIC;7/16-20;buiten;6;1/4;73
2425-04-05;5-4 VTX-S;2425;Male stud elbow 45°;Triple-Lok® 37° Flare end / Male NPTF thread;45°;NPT/NPTF;1/4-18;buiten;JIC;1/2-20;buiten;8;5/16;73
2425-04-06;6 VTX-S;2425;Male stud elbow 45°;Triple-Lok® 37° Flare end / Male NPTF thread;45°;NPT/NPTF;1/4-18;buiten;JIC;9/16-18;buiten;10;3/8;73
2425-04-08;8-4 VTX-S;2425;Male stud elbow 45°;Triple-Lok® 37° Flare end / Male NPTF thread;45°;NPT/NPTF;1/4-18;buiten;JIC;3/4-16;buiten;12;1/2;73
2425-06-06;4-6 VTX-S;2425;Male stud elbow 45°;Triple-Lok® 37° Flare end / Male NPTF thread;45°;NPT/NPTF;3/8-18;buiten;JIC;9/16-18;buiten;6;1/4;73
2425-06-06;6-6 VTX-S;2425;Male stud elbow 45°;Triple-Lok® 37° Flare end / Male NPTF thread;45°;NPT/NPTF;3/8-18;buiten;JIC;9/16-18;buiten;10;3/8;73
2425-06-08;8 VTX-S;2425;Male stud elbow 45°;Triple-Lok® 37° Flare end / Male NPTF thread;45°;NPT/NPTF;3/8-18;buiten;JIC;3/4-16;buiten;12;1/2;73
2425-06-10;10-6 VTX-S;2425;Male stud elbow 45°;Triple-Lok® 37° Flare end / Male NPTF thread;45°;NPT/NPTF;3/8-18;buiten;JIC;7/8-14;buiten;14, 15,16;5/8;73
2425-08-06;6-8 VTXS;2425;Male stud elbow 45°;Triple-Lok® 37° Flare end / Male NPTF thread;45°;NPT/NPTF;1/2-14;buiten;JIC;9/16-18;buiten;10;3/8;73
2425-08-08;8-8 VTX-S;2425;Male stud elbow 45°;Triple-Lok® 37° Flare end / Male NPTF thread;45°;NPT/NPTF;1/2-14;buiten;JIC;3/4-16;buiten;12;1/2;73
2425-08-10;10 VTX-S;2425;Male stud elbow 45°;Triple-Lok® 37° Flare end / Male NPTF thread;45°;NPT/NPTF;1/2-14;buiten;JIC;7/8-14;buiten;14, 15,16;5/8;73
2425-08-12;12-8 VTX-S;2425;Male stud elbow 45°;Triple-Lok® 37° Flare end / Male NPTF thread;45°;NPT/NPTF;1/2-14;buiten;JIC;1 1/16-12;buiten;18, 20;3/4;73
2425-12-08;8-12 VTX-S;2425;Male stud elbow 45°;Triple-Lok® 37° Flare end / Male NPTF thread;45°;NPT/NPTF;3/4-14;buiten;JIC;3/4-16;buiten;12;1/2;73
2425-12-10;10-12 VTX-S;2425;Male stud elbow 45°;Triple-Lok® 37° Flare end / Male NPTF thread;45°;NPT/NPTF;3/4-14;buiten;JIC;7/8-14;buiten;14, 15,16;5/8;73
2425-12-12;12 VTX-S;2425;Male stud elbow 45°;Triple-Lok® 37° Flare end / Male NPTF thread;45°;NPT/NPTF;3/4-14;buiten;JIC;1 1/16-12;buiten;18, 20;3/4;73
2425-12-16;16-12 VTX-S;2425;Male stud elbow 45°;Triple-Lok® 37° Flare end / Male NPTF thread;45°;NPT/NPTF;3/4-14;buiten;JIC;1 5/16-12;buiten;25;1;73
2425-16-12;12-16 VTX-S;2425;Male stud elbow 45°;Triple-Lok® 37° Flare end / Male NPTF thread;45°;NPT/NPTF;1-11.5;buiten;JIC;1 1/16-12;buiten;18, 20;3/4;73
2425-16-16;16 VTX-S;2425;Male stud elbow 45°;Triple-Lok® 37° Flare end / Male NPTF thread;45°;NPT/NPTF;1-11.5;buiten;JIC;1 5/16-12;buiten;25;1;73
2425-16-20;;2425;Male stud elbow 45°;Triple-Lok® 37° Flare end / Male NPTF thread;45°;NPT/NPTF;1 5/8-12;buiten;JIC;1-11.5;buiten;28, 30, 32;1 1/4;73
2425-20-20;20 VTX-S;2425;Male stud elbow 45°;Triple-Lok® 37° Flare end / Male NPTF thread;45°;NPT/NPTF;1 1/4-11.5;buiten;JIC;1 5/8-12;buiten;28, 30, 32;1 1/4;73
2425-24-24;24 VTX-S;2425;Male stud elbow 45°;Triple-Lok® 37° Flare end / Male NPTF thread;45°;NPT/NPTF;1 1/2-11.5;buiten;JIC;1 7/8-12;buiten;35, 38;1 1/2;73
2425-32-32;32 VTX-S;2425;Male stud elbow 45°;Triple-Lok® 37° Flare end / Male NPTF thread;45°;NPT/NPTF;2-11.5;buiten;JIC;2 1/2-12;buiten;;2;73
2426-04-10;4M10V8OMXS;2426;Male stud elbow 45°;Triple-Lok® 37° Flare end / Male Metric thread – O-ring + retaining ring;45°;JIC;7/16-20;buiten;Metric;M 10×1.0;buiten;6;1/4;74
2426-04-12;4M12V8OMXS;2426;Male stud elbow 45°;Triple-Lok® 37° Flare end / Male Metric thread – O-ring + retaining ring;45°;JIC;7/16-20;buiten;Metric;M 12×1.5;buiten;6;1/4;74
2426-05-12;5M12V8OMXS;2426;Male stud elbow 45°;Triple-Lok® 37° Flare end / Male Metric thread – O-ring + retaining ring;45°;JIC;1/2-20;buiten;Metric;M 12×1.5;buiten;8;5/16;74
2426-06-14;6M14V8OMXS;2426;Male stud elbow 45°;Triple-Lok® 37° Flare end / Male Metric thread – O-ring + retaining ring;45°;JIC;9/16-18;buiten;Metric;M 14×1.5;buiten;10;3/8;74
2426-08-16;8M16V8OMXS;2426;Male stud elbow 45°;Triple-Lok® 37° Flare end / Male Metric thread – O-ring + retaining ring;45°;JIC;3/4-16;buiten;Metric;M 16×1.5;buiten;12;1/2;74
2426-08-18;8M18V8OMXS;2426;Male stud elbow 45°;Triple-Lok® 37° Flare end / Male Metric thread – O-ring + retaining ring;45°;JIC;3/4-16;buiten;Metric;M 18×1.5;buiten;12;1/2;74
2426-10-22;10M22V8OMXS;2426;Male stud elbow 45°;Triple-Lok® 37° Flare end / Male Metric thread – O-ring + retaining ring;45°;JIC;7/8-14;buiten;Metric;M 22×1.5;buiten;14, 15,16;5/8;74
2426-12-27;12M27V8OMXS;2426;Male stud elbow 45°;Triple-Lok® 37° Flare end / Male Metric thread – O-ring + retaining ring;45°;JIC;1 1/16-12;buiten;Metric;M 27×2.0;buiten;18, 20;3/4;74
2426-16-33;16M33V8OMXS;2426;Male stud elbow 45°;Triple-Lok® 37° Flare end / Male Metric thread – O-ring + retaining ring;45°;JIC;1 5/16-12;buiten;Metric;M 33×2.0;buiten;25;1;74
2441-06-06;;2441;Elbow 45°;ELBOW 45° BSP MALE X BSPT MALE;45°;BSPP;3/8-19;buiten;BSPT;3/8-19;buiten;;;
2441-08-08;;2441;Elbow 45°;ELBOW 45° BSP MALE X BSPT MALE;45°;BSPP;1/2-14;buiten;BSPT;1/2-14;buiten;;;
2443-02-02;;2443;Swivel nut elbow 45°;BSPP 60° cone end / BSPP 60° Female swivel end;45°;BSPP;1/8-28;buiten;BSPP;1/8-28;wartelend;;;13
2443-04-04;;2443;Swivel nut elbow 45°;BSPP 60° cone end / BSPP 60° Female swivel end;45°;BSPP;1/4-19;buiten;BSPP;1/4-19;wartelend;;;13
2443-06-06;;2443;Swivel nut elbow 45°;BSPP 60° cone end / BSPP 60° Female swivel end;45°;BSPP;3/8-19;buiten;BSPP;3/8-19;wartelend;;;13
2443-08-08;;2443;Swivel nut elbow 45°;BSPP 60° cone end / BSPP 60° Female swivel end;45°;BSPP;1/2-14;buiten;BSPP;1/2-14;wartelend;;;13
2443-10-10;;2443;Swivel nut elbow 45°;BSPP 60° cone end / BSPP 60° Female swivel end;45°;BSPP;5/8-14;buiten;BSPP;5/8-14;wartelend;;;13
2443-12-12;;2443;Swivel nut elbow 45°;BSPP 60° cone end / BSPP 60° Female swivel end;45°;BSPP;3/4-14;buiten;BSPP;3/4-14;wartelend;;;13
2443-16-16;;2443;Swivel nut elbow 45°;BSPP 60° cone end / BSPP 60° Female swivel end;45°;BSPP;1-11;buiten;BSPP;1-11;wartelend;;;13
2443-20-20;;2443;Swivel nut elbow 45°;BSPP 60° cone end / BSPP 60° Female swivel end;45°;BSPP;1 1/4-11;buiten;BSPP;1 1/4-11;wartelend;;;13
2443-24-24;;2443;Swivel nut elbow 45°;BSPP 60° cone end / BSPP 60° Female swivel end;45°;BSPP;1 1/2-11;buiten;BSPP;1 1/2-11;wartelend;;;13
2443-32-32;;2443;Swivel nut elbow 45°;BSPP 60° cone end / BSPP 60° Female swivel end;45°;BSPP;2-11;buiten;BSPP;2-11;wartelend;;;13
2444-04-04;;2444;Elbow 45°;ELBOW 45° BSP X BSP;45°;BSPP;1/4-19;buiten;BSPP;1/4-19;buiten;;;
2444-06-06;;2444;Elbow 45°;ELBOW 45° BSP X BSP;45°;BSPP;3/8-19;buiten;BSPP;3/8-19;buiten;;;
2444-08-08;;2444;Elbow 45°;ELBOW 45° BSP X BSP;45°;BSPP;1/2-14;buiten;BSPP;1/2-14;buiten;;;
2444-12-12;;2444;Elbow 45°;ELBOW 45° BSP X BSP;45°;BSPP;3/4-14;buiten;BSPP;3/4-14;buiten;;;
2448-04-04;;2448;Adjustable elbow 45°;BSP male x BSP Adjustable Male;45°;BSPP;1/4-19;buiten;BSPP;1/4-19;buiten;;;3
2448-06-06;;2448;Adjustable elbow 45°;BSP male x BSP Adjustable Male;45°;BSPP;3/8-19;buiten;BSPP;3/8-19;buiten;;;3
2448-08-08;;2448;Adjustable elbow 45°;BSP male x BSP Adjustable Male;45°;BSPP;1/2-14;buiten;BSPP;1/2-14;buiten;;;3
2448-12-12;;2448;Adjustable elbow 45°;BSP male x BSP Adjustable Male;45°;BSPP;3/4-14;buiten;BSPP;3/4-14;buiten;;;3
2448-16-16;;2448;Adjustable elbow 45°;BSP male x BSP Adjustable Male;45°;BSPP;1-11;buiten;BSPP;1-11;buiten;;;3
2448-20-20;;2448;Adjustable elbow 45°;BSP male x BSP Adjustable Male;45°;BSPP;1 1/4-11;buiten;BSPP;1 1/4-11;buiten;;;3
2449-04-04;;2449;Elbow 45°;ELBOW 45° JIS MALE X BSPT MALE;45°;JIS;1/4-19;buiten;BSPT;1/4-19;buiten;;;
2449-06-06;;2449;Elbow 45°;ELBOW 45° JIS MALE X BSPT MALE;45°;JIS;3/8-19;buiten;BSPT;3/8-19;buiten;;;
2449-08-08;;2449;Elbow 45°;ELBOW 45° JIS MALE X BSPT MALE;45°;JIS;1/2-14;buiten;BSPT;1/2-14;buiten;;;
2449-12-12;;2449;Elbow 45°;ELBOW 45° JIS MALE X BSPT MALE;45°;JIS;3/4-14;buiten;BSPT;3/4-14;buiten;;;
2449-16-16;;2449;Elbow 45°;ELBOW 45° JIS MALE X BSPT MALE;45°;JIS;1-11;buiten;BSPT;1-11;buiten;;;
2457-02-02;3107-2-2;2457;Swivel male 45° elbow;Male NPTF thread / NPSM Female swivel end;45°;NPT/NPTF;1/8-27;buiten;NPSM;1/8-27;wartelend;;;33
2457-04-04;3107-4-4;2457;Swivel male 45° elbow;Male NPTF thread / NPSM Female swivel end;45°;NPT/NPTF;1/4-18;buiten;NPSM;1/4-18;wartelend;;;33
2457-06-06;3107-6-6;2457;Swivel male 45° elbow;Male NPTF thread / NPSM Female swivel end;45°;NPT/NPTF;3/8-18;buiten;NPSM;3/8-18;wartelend;;;33
2457-06-08;3107-8-6;2457;Swivel male 45° elbow;Male NPTF thread / NPSM Female swivel end;45°;NPT/NPTF;3/8-18;buiten;NPSM;1/2-14;wartelend;;;33
2457-08-06;3107-8-6;2457;Swivel male 45° elbow;Male NPTF thread / NPSM Female swivel end;45°;NPT/NPTF;1/2-14;buiten;NPSM;3/8-18;wartelend;;;33
2457-08-08;3107-8-8;2457;Swivel male 45° elbow;Male NPTF thread / NPSM Female swivel end;45°;NPT/NPTF;1/2-14;buiten;NPSM;1/2-14;wartelend;;;33
2457-08-12;3107-8-12;2457;Swivel male 45° elbow;Male NPTF thread / NPSM Female swivel end;45°;NPT/NPTF;1/2-14;buiten;NPSM;3/4-14;wartelend;;;33
2457-12-08;3107-12-8;2457;Swivel male 45° elbow;Male NPTF thread / NPSM Female swivel end;45°;NPT/NPTF;3/4-14;buiten;NPSM;1/2-14;wartelend;;;33
2457-12-12;3107-12-12;2457;Swivel male 45° elbow;Male NPTF thread / NPSM Female swivel end;45°;NPT/NPTF;3/4-14;buiten;NPSM;3/4-14;wartelend;;;33
2457-12-16;3107-16-12;2457;Swivel male 45° elbow;Male NPTF thread / NPSM Female swivel end;45°;NPT/NPTF;3/4-14;buiten;NPSM;1-11.5;wartelend;;;33
2457-16-12;3107-16-12;2457;Swivel male 45° elbow;Male NPTF thread / NPSM Female swivel end;45°;NPT/NPTF;1-11.5;buiten;NPSM;3/4-14;wartelend;;;33
2457-16-16;3107-16-16;2457;Swivel male 45° elbow;Male NPTF thread / NPSM Female swivel end;45°;NPT/NPTF;1-11.5;buiten;NPSM;1-11.5;wartelend;;;33
2457-20-20;3107-20-20;2457;Swivel male 45° elbow;Male NPTF thread / NPSM Female swivel end;45°;NPT/NPTF;1 1/4-11.5;buiten;NPSM;1 1/4-11.5;wartelend;;;33
2457-24-24;3107-24-24;2457;Swivel male 45° elbow;Male NPTF thread / NPSM Female swivel end;45°;NPT/NPTF;1 1/2-11.5;buiten;NPSM;1 1/2-11.5;wartelend;;;33
2457-32-32;3107-32-32;2457;Swivel male 45° elbow;Male NPTF thread / NPSM Female swivel end;45°;NPT/NPTF;2-11.5;buiten;NPSM;2-11.5;wartelend;;;33
2513-04-04;4 JX6-S;2513;Swivel nut union tee;Triple-Lok® 37° Flare female swivel ends;T-stuk;JIC;7/16-20;wartelend;JIC;7/16-20;wartelend;6;1/4;57
2513-06-06;6 JX6-S;2513;Swivel nut union tee;Triple-Lok® 37° Flare female swivel ends;T-stuk;JIC;9/16-18;wartelend;JIC;9/16-18;wartelend;8, 10;5/16, 3/8;57
2513-08-08;8 JX6-S;2513;Swivel nut union tee;Triple-Lok® 37° Flare female swivel ends;T-stuk;JIC;3/4-16;wartelend;JIC;3/4-16;wartelend;12;1/2;57
2513-10-10;10 JX6-S;2513;Swivel nut union tee;Triple-Lok® 37° Flare female swivel ends;T-stuk;JIC;7/8-14;wartelend;JIC;7/8-14;wartelend;14, 15,16;5/8;57
2513-12-12;12 JX6-S;2513;Swivel nut union tee;Triple-Lok® 37° Flare female swivel ends;T-stuk;JIC;1 1/16-12;wartelend;JIC;1 1/16-12;wartelend;18, 20;3/4;57
2513-16-16;16 JX6-S;2513;Swivel nut union tee;Triple-Lok® 37° Flare female swivel ends;T-stuk;JIC;1 5/16-12;wartelend;JIC;1 5/16-12;wartelend;25;1;57
2519-04-04;;2519;Nut;SWIVEL NUT RUN TEE JIS;T-stuk;JIS;1/4-19;wartelend;JIS;1/4-19;buiten;;;
2519-06-06;;2519;Nut;SWIVEL NUT RUN TEE JIS;T-stuk;JIS;3/8-19;wartelend;JIS;3/8-19;buiten;;;
2519-08-08;;2519;Nut;SWIVEL NUT RUN TEE JIS;T-stuk;JIS;1/2-14;wartelend;JIS;1/2-14;buiten;;;
2519-12-12;;2519;Nut;SWIVEL NUT RUN TEE JIS;T-stuk;JIS;3/4-14;wartelend;JIS;3/4-14;buiten;;;
2519-16-16;;2519;Nut;SWIVEL NUT RUN TEE JIS;T-stuk;JIS;1-11;wartelend;JIS;1-11;buiten;;;
2520-04-04;4 S6X-S;2520;Swivel nut branch tee;Triple-Lok® 37° Flare ends / Triple-Lok® 37° Flare female swivel end;T-stuk;UN/UNF;7/16-20;wartelend;JIC;7/16-20;buiten;6;1/4;55
2520-05-05;5S6MXS;2520;Swivel nut branch tee;Triple-Lok® 37° Flare ends / Triple-Lok® 37° Flare female swivel end;T-stuk;UN/UNF;1/2-20;wartelend;JIC;1/2-20;buiten;8;5/16;55
2520-06-06;6S6MXS;2520;Swivel nut branch tee;Triple-Lok® 37° Flare ends / Triple-Lok® 37° Flare female swivel end;T-stuk;UN/UNF;9/16-18;wartelend;JIC;9/16-18;buiten;10;3/8;55
2520-08-08;8S6MXS;2520;Swivel nut branch tee;Triple-Lok® 37° Flare ends / Triple-Lok® 37° Flare female swivel end;T-stuk;UN/UNF;3/4-16;wartelend;JIC;3/4-16;buiten;12;1/2;55
2520-10-10;10S6MXS;2520;Swivel nut branch tee;Triple-Lok® 37° Flare ends / Triple-Lok® 37° Flare female swivel end;T-stuk;UN/UNF;7/8-14;wartelend;JIC;7/8-14;buiten;14, 15,16;5/8;55
2520-12-12;12S6MXS;2520;Swivel nut branch tee;Triple-Lok® 37° Flare ends / Triple-Lok® 37° Flare female swivel end;T-stuk;UN/UNF;1 1/16-12;wartelend;JIC;1 1/16-12;buiten;18, 20;3/4;55
2520-16-16;16S6MXS;2520;Swivel nut branch tee;Triple-Lok® 37° Flare ends / Triple-Lok® 37° Flare female swivel end;T-stuk;UN/UNF;1 5/16-12;wartelend;JIC;1 5/16-12;buiten;25;1;55
2520-20-20;20 S6X-S;2520;Swivel nut branch tee;Triple-Lok® 37° Flare ends / Triple-Lok® 37° Flare female swivel end;T-stuk;UN/UNF;1 5/8-12;wartelend;JIC;1 5/8-12;buiten;28, 30, 32;1 1/4;55
2520-24-24;24 S6X-S;2520;Swivel nut branch tee;Triple-Lok® 37° Flare ends / Triple-Lok® 37° Flare female swivel end;T-stuk;UN/UNF;1 7/8-12;wartelend;JIC;1 7/8-12;buiten;35, 38;1 1/2;55
2522-04-04;4 R5OX-S;2522;Male stud run tee;Triple-Lok® 37° Flare ends / Male UNF thread O-ring;T-stuk;JIC;7/16-20;buiten;UN/UNF;7/16-20;buiten;6;1/4;76
2522-05-05;5 R5OX-S;2522;Male stud run tee;Triple-Lok® 37° Flare ends / Male UNF thread O-ring;T-stuk;JIC;1/2-20;buiten;UN/UNF;1/2-20;buiten;8;5/16;76
2522-06-06;6 R5OX-S;2522;Male stud run tee;Triple-Lok® 37° Flare ends / Male UNF thread O-ring;T-stuk;JIC;9/16-18;buiten;UN/UNF;9/16-18;buiten;10;3/8;76
2522-08-08;8 R5OX-S;2522;Male stud run tee;Triple-Lok® 37° Flare ends / Male UNF thread O-ring;T-stuk;JIC;3/4-16;buiten;UN/UNF;3/4-16;buiten;12;1/2;76
2522-10-10;10 R5OX-S;2522;Male stud run tee;Triple-Lok® 37° Flare ends / Male UNF thread O-ring;T-stuk;JIC;7/8-14;buiten;UN/UNF;7/8-14;buiten;14, 15,16;5/8;76
2522-12-12;12 R5OX-S;2522;Male stud run tee;Triple-Lok® 37° Flare ends / Male UNF thread O-ring;T-stuk;JIC;1 1/16-12;buiten;UN/UNF;1 1/16-12;buiten;18, 20;3/4;76
2522-16-16;16 R5OX-S;2522;Male stud run tee;Triple-Lok® 37° Flare ends / Male UNF thread O-ring;T-stuk;JIC;1 5/16-12;buiten;UN/UNF;1 5/16-12;buiten;25;1;76
2522-20-20;20 R5OX-S;2522;Male stud run tee;Triple-Lok® 37° Flare ends / Male UNF thread O-ring;T-stuk;JIC;1 5/8-12;buiten;UN/UNF;1 5/8-12;buiten;28, 30, 32;1 1/4;76
2522-24-24;24 R5OX-S;2522;Male stud run tee;Triple-Lok® 37° Flare ends / Male UNF thread O-ring;T-stuk;JIC;1 7/8-12;buiten;UN/UNF;1 7/8-12;buiten;35, 38;1 1/2;76
2522-32-32;32 R5OX-S;2522;Male stud run tee;Triple-Lok® 37° Flare ends / Male UNF thread O-ring;T-stuk;JIC;2 1/2-12;buiten;UN/UNF;2 1/2-12;buiten;;2;76
2523-04-04;4 S5OX-S;2523;Male stud branch tee;Triple-Lok® 37° Flare ends / Male UNF thread O-ring;T-stuk;JIC;7/16-20;buiten;UN/UNF;7/16-20;buiten;6;1/4;74
2523-05-05;5 S5OX-S;2523;Male stud branch tee;Triple-Lok® 37° Flare ends / Male UNF thread O-ring;T-stuk;JIC;1/2-20;buiten;UN/UNF;1/2-20;buiten;8;5/16;74
2523-06-06;6 S5OX-S;2523;Male stud branch tee;Triple-Lok® 37° Flare ends / Male UNF thread O-ring;T-stuk;JIC;9/16-18;buiten;UN/UNF;9/16-18;buiten;10;3/8;74
2523-08-08;8S5OMXS;2523;Male stud branch tee;Triple-Lok® 37° Flare ends / Male UNF thread O-ring;T-stuk;JIC;3/4-16;buiten;UN/UNF;3/4-16;buiten;12;1/2;74
2523-10-10;10S5OMXS;2523;Male stud branch tee;Triple-Lok® 37° Flare ends / Male UNF thread O-ring;T-stuk;JIC;7/8-14;buiten;UN/UNF;7/8-14;buiten;14, 15,16;5/8;74
2523-12-12;12 S5OX-S;2523;Male stud branch tee;Triple-Lok® 37° Flare ends / Male UNF thread O-ring;T-stuk;JIC;1 1/16-12;buiten;UN/UNF;1 1/16-12;buiten;18, 20;3/4;74
2523-16-16;16 S5OX-S;2523;Male stud branch tee;Triple-Lok® 37° Flare ends / Male UNF thread O-ring;T-stuk;JIC;1 5/16-12;buiten;UN/UNF;1 5/16-12;buiten;25;1;74
2523-20-20;20 S5OX-S;2523;Male stud branch tee;Triple-Lok® 37° Flare ends / Male UNF thread O-ring;T-stuk;JIC;1 5/8-12;buiten;UN/UNF;1 5/8-12;buiten;28, 30, 32;1 1/4;74
2523-24-24;24 S5OX-S;2523;Male stud branch tee;Triple-Lok® 37° Flare ends / Male UNF thread O-ring;T-stuk;JIC;1 7/8-12;buiten;UN/UNF;1 7/8-12;buiten;35, 38;1 1/2;74
2523-32-32;32 S5OX-S;2523;Male stud branch tee;Triple-Lok® 37° Flare ends / Male UNF thread O-ring;T-stuk;JIC;2 1/2-12;buiten;UN/UNF;2 1/2-12;buiten;;2;74
2524-04-02;4S4OMXS;2524;Male stud branch tee;Triple-Lok® 37° Flare end / Adjustable BSPP thread O-ring + retaining ring;T-stuk;JIC;7/16-20;buiten;BSPP;1/8-28;buiten;6;1/4;75
2524-04-04;;2524;Male stud branch tee;Triple-Lok® 37° Flare end / Adjustable BSPP thread O-ring + retaining ring;T-stuk;JIC;7/16-20;buiten;JIC;7/16-20;buiten;6;1/4;75
2524-05-02;5S4OMXS;2524;Male stud branch tee;Triple-Lok® 37° Flare end / Adjustable BSPP thread O-ring + retaining ring;T-stuk;JIC;1/2-20;buiten;JIC;5/16-24;buiten;8;5/16;75
2524-05-04;;2524;Male stud branch tee;Triple-Lok® 37° Flare end / Adjustable BSPP thread O-ring + retaining ring;T-stuk;JIC;1/2-20;buiten;JIC;7/16-20;buiten;8;5/16;75
2524-06-04;6S4OMXS;2524;Male stud branch tee;Triple-Lok® 37° Flare end / Adjustable BSPP thread O-ring + retaining ring;T-stuk;JIC;9/16-18;buiten;BSPP;1/4-19;buiten;10;3/8;75
2524-06-06;;2524;Male stud branch tee;Triple-Lok® 37° Flare end / Adjustable BSPP thread O-ring + retaining ring;T-stuk;JIC;9/16-18;buiten;JIC;9/16-18;buiten;10;3/8;75
2524-08-06;8S4OMXS;2524;Male stud branch tee;Triple-Lok® 37° Flare end / Adjustable BSPP thread O-ring + retaining ring;T-stuk;JIC;3/4-16;buiten;BSPP;3/8-19;buiten;12;1/2;75
2524-08-08;8-8-8S4OMXS;2524;Male stud branch tee;Triple-Lok® 37° Flare end / Adjustable BSPP thread O-ring + retaining ring;T-stuk;JIC;3/4-16;buiten;BSPP;1/2-14;buiten;12;1/2;75
2524-10-08;10S4OMXS;2524;Male stud branch tee;Triple-Lok® 37° Flare end / Adjustable BSPP thread O-ring + retaining ring;T-stuk;JIC;7/8-14;buiten;BSPP;1/2-14;buiten;14, 15,16;5/8;75
2524-12-12;12S4OMXS;2524;Male stud branch tee;Triple-Lok® 37° Flare end / Adjustable BSPP thread O-ring + retaining ring;T-stuk;JIC;1 1/16-12;buiten;BSPP;3/4-14;buiten;18, 20;3/4;75
2524-16-16;16S4OMXS;2524;Male stud branch tee;Triple-Lok® 37° Flare end / Adjustable BSPP thread O-ring + retaining ring;T-stuk;JIC;1 5/16-12;buiten;BSPP;1-11;buiten;25;1;75
2524-20-20;20S4OMXS;2524;Male stud branch tee;Triple-Lok® 37° Flare end / Adjustable BSPP thread O-ring + retaining ring;T-stuk;JIC;1 5/8-12;buiten;BSPP;1 1/4-11;buiten;28, 30, 32;1 1/4;75
2525-04-02;4R4OMXS;2525;Male stud run tee;Triple-Lok® 37° Flare end / Adjustable BSPP thread O-ring + retaining ring;T-stuk;JIC;7/16-20;buiten;BSPP;1/8-28;buiten;6;1/4;76
2525-04-04;;2525;Male stud run tee;Triple-Lok® 37° Flare end / Adjustable BSPP thread O-ring + retaining ring;T-stuk;JIC;7/16-20;buiten;JIC;7/16-20;buiten;6;1/4;76
2525-05-02;;2525;Male stud run tee;Triple-Lok® 37° Flare end / Adjustable BSPP thread O-ring + retaining ring;T-stuk;JIC;1/2-20;buiten;JIC;5/16-24;buiten;8;5/16;76
2525-06-04;6R4OMXS;2525;Male stud run tee;Triple-Lok® 37° Flare end / Adjustable BSPP thread O-ring + retaining ring;T-stuk;JIC;9/16-18;buiten;BSPP;1/4-19;buiten;10;3/8;76
2525-06-06;;2525;Male stud run tee;Triple-Lok® 37° Flare end / Adjustable BSPP thread O-ring + retaining ring;T-stuk;JIC;9/16-18;buiten;JIC;9/16-18;buiten;10;3/8;76
2525-08-06;8R4OMXS;2525;Male stud run tee;Triple-Lok® 37° Flare end / Adjustable BSPP thread O-ring + retaining ring;T-stuk;JIC;3/4-16;buiten;BSPP;3/8-19;buiten;12;1/2;76
2525-08-08;;2525;Male stud run tee;Triple-Lok® 37° Flare end / Adjustable BSPP thread O-ring + retaining ring;T-stuk;JIC;3/4-16;buiten;JIC;3/4-16;buiten;12;1/2;76
2525-10-08;10R4OMXS;2525;Male stud run tee;Triple-Lok® 37° Flare end / Adjustable BSPP thread O-ring + retaining ring;T-stuk;JIC;7/8-14;buiten;BSPP;1/2-14;buiten;14, 15,16;5/8;76
2525-12-12;12R4OMXS;2525;Male stud run tee;Triple-Lok® 37° Flare end / Adjustable BSPP thread O-ring + retaining ring;T-stuk;JIC;1 1/16-12;buiten;BSPP;3/4-14;buiten;18, 20;3/4;76
2525-12-16;;2525;Male stud run tee;Triple-Lok® 37° Flare end / Adjustable BSPP thread O-ring + retaining ring;T-stuk;JIC;1 1/16-12;buiten;JIC;1 5/16-12;buiten;18, 20;3/4;76
2525-16-16;16R4OMXS;2525;Male stud run tee;Triple-Lok® 37° Flare end / Adjustable BSPP thread O-ring + retaining ring;T-stuk;JIC;1 5/16-12;buiten;BSPP;1-11;buiten;25;1;76
2525-20-20;20R4OMXS;2525;Male stud run tee;Triple-Lok® 37° Flare end / Adjustable BSPP thread O-ring + retaining ring;T-stuk;JIC;1 5/8-12;buiten;BSPP;1 1/4-11;buiten;28, 30, 32;1 1/4;76
2530-03-02;3 STX-S;2530;Male stud branch tee;Triple-Lok® 37° Flare ends / Male NPTF thread;T-stuk;NPT/NPTF;1/8-27;buiten;JIC;3/8-24;buiten;;3/16;75
2530-04-02;4 STX-S;2530;Male stud branch tee;Triple-Lok® 37° Flare ends / Male NPTF thread;T-stuk;NPT/NPTF;1/8-27;buiten;JIC;7/16-20;buiten;6;1/4;75
2530-04-04;4-4-4 STX-S;2530;Male stud branch tee;Triple-Lok® 37° Flare ends / Male NPTF thread;T-stuk;NPT/NPTF;1/4-18;buiten;JIC;7/16-20;buiten;6;1/4;75
2530-05-02;5 STX-S;2530;Male stud branch tee;Triple-Lok® 37° Flare ends / Male NPTF thread;T-stuk;NPT/NPTF;1/8-27;buiten;JIC;1/2-20;buiten;8;5/16;75
2530-06-04;6 STX-S;2530;Male stud branch tee;Triple-Lok® 37° Flare ends / Male NPTF thread;T-stuk;NPT/NPTF;1/4-18;buiten;JIC;9/16-18;buiten;10;3/8;75
2530-06-06;6-6-6 STX-S;2530;Male stud branch tee;Triple-Lok® 37° Flare ends / Male NPTF thread;T-stuk;NPT/NPTF;3/8-18;buiten;JIC;9/16-18;buiten;10;3/8;75
2530-08-06;8 STX-S;2530;Male stud branch tee;Triple-Lok® 37° Flare ends / Male NPTF thread;T-stuk;NPT/NPTF;3/8-18;buiten;JIC;3/4-16;buiten;12;1/2;75
2530-08-08;8-8-8 STX-S;2530;Male stud branch tee;Triple-Lok® 37° Flare ends / Male NPTF thread;T-stuk;NPT/NPTF;1/2-14;buiten;JIC;3/4-16;buiten;12;1/2;75
2530-10-08;10 STX-S;2530;Male stud branch tee;Triple-Lok® 37° Flare ends / Male NPTF thread;T-stuk;NPT/NPTF;1/2-14;buiten;JIC;7/8-14;buiten;14, 15,16;5/8;75
2530-12-12;12 STX-S;2530;Male stud branch tee;Triple-Lok® 37° Flare ends / Male NPTF thread;T-stuk;NPT/NPTF;3/4-14;buiten;JIC;1 1/16-12;buiten;18, 20;3/4;75
2530-14-12;14 STX-S;2530;Male stud branch tee;Triple-Lok® 37° Flare ends / Male NPTF thread;T-stuk;NPT/NPTF;3/4-14;buiten;JIC;1 3/16-12;buiten;22;7/8;75
2530-16-16;16 STX-S;2530;Male stud branch tee;Triple-Lok® 37° Flare ends / Male NPTF thread;T-stuk;NPT/NPTF;1-11.5;buiten;JIC;1 5/16-12;buiten;25;1;75
2530-20-20;20 STX-S;2530;Male stud branch tee;Triple-Lok® 37° Flare ends / Male NPTF thread;T-stuk;NPT/NPTF;1 1/4-11.5;buiten;JIC;1 5/8-12;buiten;28, 30, 32;1 1/4;75
2530-24-24;24 STX-S;2530;Male stud branch tee;Triple-Lok® 37° Flare ends / Male NPTF thread;T-stuk;NPT/NPTF;1 1/2-11.5;buiten;JIC;1 7/8-12;buiten;;2;75
2531-02-04;4 RTX-S;2531;Male stud run tee;Triple-Lok® 37° Flare ends / Male NPTF thread;T-stuk;NPT/NPTF;1/8-27;buiten;JIC;7/16-20;buiten;6;1/4;77
2531-02-05;5 RTX-S;2531;Male stud run tee;Triple-Lok® 37° Flare ends / Male NPTF thread;T-stuk;NPT/NPTF;1/8-27;buiten;JIC;1/2-20;buiten;8;5/16;77
2531-03-02;3 RTX-S;2531;Male stud run tee;Triple-Lok® 37° Flare ends / Male NPTF thread;T-stuk;NPT/NPTF;1/8-27;buiten;JIC;3/8-24;buiten;;3/16;77
2531-04-04;4-4-4 RTX-S;2531;Male stud run tee;Triple-Lok® 37° Flare ends / Male NPTF thread;T-stuk;NPT/NPTF;1/4-18;buiten;JIC;7/16-20;buiten;6;1/4;77
2531-04-06;6 RTX-S;2531;Male stud run tee;Triple-Lok® 37° Flare ends / Male NPTF thread;T-stuk;NPT/NPTF;1/4-18;buiten;JIC;9/16-18;buiten;10;3/8;77
2531-06-06;6-6-6 RTX-S;2531;Male stud run tee;Triple-Lok® 37° Flare ends / Male NPTF thread;T-stuk;NPT/NPTF;3/8-18;buiten;JIC;9/16-18;buiten;10;3/8;77
2531-06-08;8 RTX-S;2531;Male stud run tee;Triple-Lok® 37° Flare ends / Male NPTF thread;T-stuk;NPT/NPTF;3/8-18;buiten;JIC;3/4-16;buiten;12;1/2;77
2531-08-08;8-8-8 RTX-S;2531;Male stud run tee;Triple-Lok® 37° Flare ends / Male NPTF thread;T-stuk;NPT/NPTF;1/2-14;buiten;JIC;3/4-16;buiten;12;1/2;77
2531-08-10;10 RTX-S;2531;Male stud run tee;Triple-Lok® 37° Flare ends / Male NPTF thread;T-stuk;NPT/NPTF;1/2-14;buiten;JIC;7/8-14;buiten;14, 15,16;5/8;77
2531-10-08;10 RTX-S;2531;Male stud run tee;Triple-Lok® 37° Flare ends / Male NPTF thread;T-stuk;JIC;7/8-14;buiten;NPT/NPTF;1/2-14;buiten;;5/8;77
2531-12-12;12 RTX-S;2531;Male stud run tee;Triple-Lok® 37° Flare ends / Male NPTF thread;T-stuk;NPT/NPTF;3/4-14;buiten;JIC;1 1/16-12;buiten;18, 20;3/4;77
2531-12-14;14 RTX-S;2531;Male stud run tee;Triple-Lok® 37° Flare ends / Male NPTF thread;T-stuk;NPT/NPTF;3/4-14;buiten;JIC;1 3/16-12;buiten;22;7/8;77
2531-16-16;16 RTX-S;2531;Male stud run tee;Triple-Lok® 37° Flare ends / Male NPTF thread;T-stuk;NPT/NPTF;1-11.5;buiten;JIC;1 5/16-12;buiten;25;1;77
2531-20-20;20 RTX-S;2531;Male stud run tee;Triple-Lok® 37° Flare ends / Male NPTF thread;T-stuk;NPT/NPTF;1 1/4-11.5;buiten;JIC;1 5/8-12;buiten;28, 30, 32;1 1/4;77
2531-24-24;24 RTX-S;2531;Male stud run tee;Triple-Lok® 37° Flare ends / Male NPTF thread;T-stuk;NPT/NPTF;1 1/2-11.5;buiten;JIC;1 7/8-12;buiten;35, 38;1 1/2;77
2540-04-04;4R6MXS;2540;Swivel nut run tee;Triple-Lok® 37° Flare ends / Triple-Lok® 37° Flare female swivel end;T-stuk;UN/UNF;7/16-20;wartelend;JIC;7/16-20;buiten;6;1/4;55
2540-05-05;5R6MXS;2540;Swivel nut run tee;Triple-Lok® 37° Flare ends / Triple-Lok® 37° Flare female swivel end;T-stuk;UN/UNF;1/2-20;wartelend;JIC;1/2-20;buiten;8;5/16;55
2540-06-06;6R6MXS;2540;Swivel nut run tee;Triple-Lok® 37° Flare ends / Triple-Lok® 37° Flare female swivel end;T-stuk;UN/UNF;9/16-18;wartelend;JIC;9/16-18;buiten;10;3/8;55
2540-08-08;8R6MXS;2540;Swivel nut run tee;Triple-Lok® 37° Flare ends / Triple-Lok® 37° Flare female swivel end;T-stuk;UN/UNF;3/4-16;wartelend;JIC;3/4-16;buiten;12;1/2;55
2540-10-10;10R6MXS;2540;Swivel nut run tee;Triple-Lok® 37° Flare ends / Triple-Lok® 37° Flare female swivel end;T-stuk;UN/UNF;7/8-14;wartelend;JIC;7/8-14;buiten;14, 15,16;5/8;55
2540-12-12;12R6MXS;2540;Swivel nut run tee;Triple-Lok® 37° Flare ends / Triple-Lok® 37° Flare female swivel end;T-stuk;UN/UNF;1 1/16-12;wartelend;JIC;1 1/16-12;buiten;18, 20;3/4;55
2540-14-14;14 R6X-S;2540;Swivel nut run tee;Triple-Lok® 37° Flare ends / Triple-Lok® 37° Flare female swivel end;T-stuk;UN/UNF;1 3/16-12;wartelend;JIC;1 3/16-12;buiten;22;7/8;55
2540-16-16;16R6MXS;2540;Swivel nut run tee;Triple-Lok® 37° Flare ends / Triple-Lok® 37° Flare female swivel end;T-stuk;UN/UNF;1 5/16-12;wartelend;JIC;1 5/16-12;buiten;25;1;55
2540-20-20;20 R6X-S;2540;Swivel nut run tee;Triple-Lok® 37° Flare ends / Triple-Lok® 37° Flare female swivel end;T-stuk;UN/UNF;1 5/8-12;wartelend;JIC;1 5/8-12;buiten;28, 30, 32;1 1/4;55
2540-24-24;24 R6X-S;2540;Swivel nut run tee;Triple-Lok® 37° Flare ends / Triple-Lok® 37° Flare female swivel end;T-stuk;UN/UNF;1 7/8-12;wartelend;JIC;1 7/8-12;buiten;35, 38;1 1/2;55
2612-06-06;;2612;Adapter;DRAAIBARE ADAPTER BSP;;;;;;;;;;
2612-08-08;;2612;Adapter;DRAAIBARE ADAPTER BSP;;;;;;;;;;
12E6MK4S;12E6MK4S;2613;Elbow 90°;ELBOW 90° BSP FEMALE SWIVEL X BSP FEMALE SWIVEL;haaks;BSPP;3/4-14;wartelend;BSPP;3/4-14;wartelend;;;
16E6MK4S;16E6MK4S;2613;Elbow 90°;ELBOW 90° BSP FEMALE SWIVEL X BSP FEMALE SWIVEL;haaks;BSPP;1-11;wartelend;BSPP;1-11;wartelend;;;
24E6MK4S;24E6MK4S;2613;Elbow 90°;ELBOW 90° BSP FEMALE SWIVEL X BSP FEMALE SWIVEL;haaks;BSPP;1 1/2-11;wartelend;BSPP;1 1/2-11;wartelend;;;
2613-04-04;;2613;Elbow 90°;ELBOW 90° BSP FEMALE SWIVEL X BSP FEMALE SWIVEL;haaks;BSPP;1/4-19;wartelend;BSPP;1/4-19;wartelend;;;
2613-06-06;;2613;Elbow 90°;ELBOW 90° BSP FEMALE SWIVEL X BSP FEMALE SWIVEL;haaks;BSPP;3/8-19;wartelend;BSPP;3/8-19;wartelend;;;
2613-08-08;;2613;Elbow 90°;ELBOW 90° BSP FEMALE SWIVEL X BSP FEMALE SWIVEL;haaks;BSPP;1/2-14;wartelend;BSPP;1/2-14;wartelend;;;
2613-12-12;;2613;Elbow 90°;ELBOW 90° BSP FEMALE SWIVEL X BSP FEMALE SWIVEL;haaks;BSPP;3/4-14;wartelend;BSPP;3/4-14;wartelend;;;
2613-16-16;;2613;Elbow 90°;ELBOW 90° BSP FEMALE SWIVEL X BSP FEMALE SWIVEL;haaks;BSPP;1-11;wartelend;BSPP;1-11;wartelend;;;
2613-20-20;;2613;Elbow 90°;ELBOW 90° BSP FEMALE SWIVEL X BSP FEMALE SWIVEL;haaks;BSPP;1 1/4-11;wartelend;BSPP;1 1/4-11;wartelend;;;
2613-24-24;;2613;Elbow 90°;ELBOW 90° BSP FEMALE SWIVEL X BSP FEMALE SWIVEL;haaks;BSPP;1 1/2-11;wartelend;BSPP;1 1/2-11;wartelend;;;
4E6MK4S;4E6MK4S;2613;Elbow 90°;ELBOW 90° BSP FEMALE SWIVEL X BSP FEMALE SWIVEL;haaks;BSPP;1/4-19;wartelend;BSPP;1/4-19;wartelend;;;
6E6MK4S;6E6MK4S;2613;Elbow 90°;ELBOW 90° BSP FEMALE SWIVEL X BSP FEMALE SWIVEL;haaks;BSPP;3/8-19;wartelend;BSPP;3/8-19;wartelend;;;
8E6MK4S;8E6MK4S;2613;Elbow 90°;ELBOW 90° BSP FEMALE SWIVEL X BSP FEMALE SWIVEL;haaks;BSPP;1/2-14;wartelend;BSPP;1/2-14;wartelend;;;
2615-08-08;;2615;Elbow 90°;ELBOW 90° JIC FEMALE SWIVEL X JIC FEMALE SWIVEL;haaks;JIC;3/4-16;wartelend;JIC;3/4-16;wartelend;;;
2615-12-12;;2615;Elbow 90°;ELBOW 90° JIC FEMALE SWIVEL X JIC FEMALE SWIVEL;haaks;JIC;1 1/16-12;wartelend;JIC;1 1/16-12;wartelend;;;
2619-04-04;4C3T4S;2619;Male elbow 90°;JIS BSPP 60° cone adapters / Male BSPT thread;haaks;JIS;1/4-19;buiten;BSPT;1/4-19;buiten;;;41
2619-06-06;6C3T4S;2619;Male elbow 90°;JIS BSPP 60° cone adapters / Male BSPT thread;haaks;JIS;3/8-19;buiten;BSPT;3/8-19;buiten;;;41
2619-08-08;8C3T4S;2619;Male elbow 90°;JIS BSPP 60° cone adapters / Male BSPT thread;haaks;JIS;1/2-14;buiten;BSPT;1/2-14;buiten;;;41
2619-12-12;12C3T4S;2619;Male elbow 90°;JIS BSPP 60° cone adapters / Male BSPT thread;haaks;JIS;3/4-14;buiten;BSPT;3/4-14;buiten;;;41
2619-16-16;16C3T4S;2619;Male elbow 90°;JIS BSPP 60° cone adapters / Male BSPT thread;haaks;JIS;1-11;buiten;BSPT;1-11;buiten;;;41
2622-02-02;2 ETX-S;2622;Union elbow;Triple-Lok® 37° Flare ends;haaks;JIC;5/16-24;buiten;JIC;5/16-24;buiten;;1/8;48
2622-03-03;3 ETX-S;2622;Union elbow;Triple-Lok® 37° Flare ends;haaks;JIC;3/8-24;buiten;JIC;3/8-24;buiten;;3/16;48
2622-04-04;4EMTXS;2622;Union elbow;Triple-Lok® 37° Flare ends;haaks;JIC;7/16-20;buiten;JIC;7/16-20;buiten;6;1/4;48
2622-04-06;6-4 ETX-S;2622;Union elbow;Triple-Lok® 37° Flare ends;haaks;JIC;9/16-18;buiten;JIC;7/16-20;buiten;10;3/8;48
2622-05-05;5EMTXS;2622;Union elbow;Triple-Lok® 37° Flare ends;haaks;JIC;1/2-20;buiten;JIC;1/2-20;buiten;8;5/16;48
2622-06-06;6EMTXS;2622;Union elbow;Triple-Lok® 37° Flare ends;haaks;JIC;9/16-18;buiten;JIC;9/16-18;buiten;10;3/8;48
2622-06-08;8-6 ETX-S;2622;Union elbow;Triple-Lok® 37° Flare ends;haaks;JIC;3/4-16;buiten;JIC;3/8-24;buiten;12;1/2;48
2622-08-08;8EMTXS;2622;Union elbow;Triple-Lok® 37° Flare ends;haaks;JIC;3/4-16;buiten;JIC;3/4-16;buiten;12;1/2;48
2622-08-10;10-8 ETX-S;2622;Union elbow;Triple-Lok® 37° Flare ends;haaks;JIC;7/8-14;buiten;JIC;3/4-16;buiten;14, 15,16;5/8;48
2622-08-12;12-8 ETX-S;2622;Union elbow;Triple-Lok® 37° Flare ends;haaks;JIC;1 1/16-12;buiten;JIC;3/4-16;buiten;18, 20;3/4;48
2622-10-10;10EMTXS;2622;Union elbow;Triple-Lok® 37° Flare ends;haaks;JIC;7/8-14;buiten;JIC;7/8-14;buiten;14, 15,16;5/8;48
2622-10-12;12-10 ETX-S;2622;Union elbow;Triple-Lok® 37° Flare ends;haaks;JIC;1 1/16-12;buiten;JIC;7/8-14;buiten;18, 20;3/4;48
2622-12-12;12EMTXS;2622;Union elbow;Triple-Lok® 37° Flare ends;haaks;JIC;1 1/16-12;buiten;JIC;1 1/16-12;buiten;18, 20;3/4;48
2622-12-16;16-12 ETX-S;2622;Union elbow;Triple-Lok® 37° Flare ends;haaks;JIC;1 5/16-12;buiten;JIC;1 1/16-12;buiten;22, 25;1;48
2622-14-14;14 ETX-S;2622;Union elbow;Triple-Lok® 37° Flare ends;haaks;JIC;1 3/16-12;buiten;JIC;1 3/16-12;buiten;22;7/8;48
2622-16-16;16EMTXS;2622;Union elbow;Triple-Lok® 37° Flare ends;haaks;JIC;1 5/16-12;buiten;JIC;1 5/16-12;buiten;22, 25;1;48
2622-20-20;20EMTXS;2622;Union elbow;Triple-Lok® 37° Flare ends;haaks;JIC;1 5/8-12;buiten;JIC;1 5/8-12;buiten;28, 30, 32;1 1/4;48
2622-24-24;24EMTXS;2622;Union elbow;Triple-Lok® 37° Flare ends;haaks;JIC;1 7/8-12;buiten;JIC;1 7/8-12;buiten;35, 38;1 1/2;48
2622-28-28;28 ETX-S;2622;Union elbow;Triple-Lok® 37° Flare ends;haaks;JIC;2 1/4-12;buiten;JIC;2 1/4-12;buiten;42;1 3/4;48
2622-32-32;32 ETX-S;2622;Union elbow;Triple-Lok® 37° Flare ends;haaks;JIC;2 1/2-12;buiten;JIC;2 1/2-12;buiten;;2;48
2624-04-02;4C4OMXS;2624;Male stud elbow;Triple-Lok® 37° Flare end / Adjustable BSPP thread O-ring + retaining ring;haaks;JIC;7/16-20;buiten;BSPP;1/8-28;buiten;6;1/4;68
2624-04-04;4-4C4OMXS;2624;Male stud elbow;Triple-Lok® 37° Flare end / Adjustable BSPP thread O-ring + retaining ring;haaks;JIC;7/16-20;buiten;BSPP;1/4-19;buiten;6;1/4;68
2624-04-06;4-6C4OMXS;2624;Male stud elbow;Triple-Lok® 37° Flare end / Adjustable BSPP thread O-ring + retaining ring;haaks;JIC;7/16-20;buiten;BSPP;3/8-19;buiten;6;1/4;68
2624-04-08;4-8C4MX1S;2624;Male stud elbow;Triple-Lok® 37° Flare end / Adjustable BSPP thread O-ring + retaining ring;haaks;JIC;7/16-20;buiten;BSPP;1/2-14;buiten;6;1/4;68
2624-05-02;5C4OMXS;2624;Male stud elbow;Triple-Lok® 37° Flare end / Adjustable BSPP thread O-ring + retaining ring;haaks;JIC;1/2-20;buiten;BSPP;1/8-28;buiten;8;5/16;68
2624-05-04;5-4C4OMXS;2624;Male stud elbow;Triple-Lok® 37° Flare end / Adjustable BSPP thread O-ring + retaining ring;haaks;JIC;1/2-20;buiten;BSPP;1/4-19;buiten;8;5/16;68
2624-05-06;5-6C4OMXS;2624;Male stud elbow;Triple-Lok® 37° Flare end / Adjustable BSPP thread O-ring + retaining ring;haaks;JIC;1/2-20;buiten;BSPP;3/8-19;buiten;8;5/16;68
2624-06-02;6-2C4OMXS;2624;Male stud elbow;Triple-Lok® 37° Flare end / Adjustable BSPP thread O-ring + retaining ring;haaks;JIC;9/16-18;buiten;BSPP;1/8-28;buiten;10;3/8;68
2624-06-04;6C4OMXS;2624;Male stud elbow;Triple-Lok® 37° Flare end / Adjustable BSPP thread O-ring + retaining ring;haaks;JIC;9/16-18;buiten;BSPP;1/4-19;buiten;10;3/8;68
2624-06-06;6-6C4OMXS;2624;Male stud elbow;Triple-Lok® 37° Flare end / Adjustable BSPP thread O-ring + retaining ring;haaks;JIC;9/16-18;buiten;BSPP;3/8-19;buiten;10;3/8;68
2624-06-08;6-8C4OMXS;2624;Male stud elbow;Triple-Lok® 37° Flare end / Adjustable BSPP thread O-ring + retaining ring;haaks;JIC;9/16-18;buiten;BSPP;1/2-14;buiten;10;3/8;68
2624-08-04;8-4C4OMXS;2624;Male stud elbow;Triple-Lok® 37° Flare end / Adjustable BSPP thread O-ring + retaining ring;haaks;JIC;3/4-16;buiten;BSPP;1/4-19;buiten;12;1/2;68
2624-08-06;8C4OMXS;2624;Male stud elbow;Triple-Lok® 37° Flare end / Adjustable BSPP thread O-ring + retaining ring;haaks;JIC;3/4-16;buiten;BSPP;3/8-19;buiten;12;1/2;68
2624-08-08;8-8C4OMXS;2624;Male stud elbow;Triple-Lok® 37° Flare end / Adjustable BSPP thread O-ring + retaining ring;haaks;JIC;3/4-16;buiten;BSPP;1/2-14;buiten;12;1/2;68
2624-08-12;8-12C4OMXS;2624;Male stud elbow;Triple-Lok® 37° Flare end / Adjustable BSPP thread O-ring + retaining ring;haaks;JIC;3/4-16;buiten;BSPP;3/4-14;buiten;12;1/2;68
2624-10-06;10-6C4OMXS;2624;Male stud elbow;Triple-Lok® 37° Flare end / Adjustable BSPP thread O-ring + retaining ring;haaks;JIC;7/8-14;buiten;BSPP;3/8-19;buiten;14, 15,16;5/8;68
2624-10-08;10C4OMXS;2624;Male stud elbow;Triple-Lok® 37° Flare end / Adjustable BSPP thread O-ring + retaining ring;haaks;JIC;7/8-14;buiten;BSPP;1/2-14;buiten;14, 15,16;5/8;68
2624-10-10;;2624;Male stud elbow;Triple-Lok® 37° Flare end / Adjustable BSPP thread O-ring + retaining ring;haaks;JIC;7/8-14;buiten;BSPP;5/8-14;buiten;;5/8;68
2624-10-12;10-12C4OMXS;2624;Male stud elbow;Triple-Lok® 37° Flare end / Adjustable BSPP thread O-ring + retaining ring;haaks;JIC;7/8-14;buiten;BSPP;3/4-14;buiten;14, 15,16;5/8;68
2624-12-08;12-8C4OMXS;2624;Male stud elbow;Triple-Lok® 37° Flare end / Adjustable BSPP thread O-ring + retaining ring;haaks;JIC;1 1/16-12;buiten;BSPP;1/2-14;buiten;18, 20;3/4;68
2624-12-10;10-12C4OMXS;2624;Male stud elbow;Triple-Lok® 37° Flare end / Adjustable BSPP thread O-ring + retaining ring;haaks;JIC;1 1/16-12;buiten;BSPP;5/8-14;buiten;18, 20;3/4;68
2624-12-12;12C4OMXS;2624;Male stud elbow;Triple-Lok® 37° Flare end / Adjustable BSPP thread O-ring + retaining ring;haaks;JIC;1 1/16-12;buiten;BSPP;3/4-14;buiten;18, 20;3/4;68
2624-12-16;12-16C4OMXS;2624;Male stud elbow;Triple-Lok® 37° Flare end / Adjustable BSPP thread O-ring + retaining ring;haaks;JIC;1 1/16-12;buiten;BSPP;1-11;buiten;18, 20;3/4;68
2624-16-12;16-12C4OMXS;2624;Male stud elbow;Triple-Lok® 37° Flare end / Adjustable BSPP thread O-ring + retaining ring;haaks;JIC;1 5/16-12;buiten;BSPP;3/4-14;buiten;25;1;68
2624-16-16;16C4OMXS;2624;Male stud elbow;Triple-Lok® 37° Flare end / Adjustable BSPP thread O-ring + retaining ring;haaks;JIC;1 5/16-12;buiten;BSPP;1-11;buiten;25;1;68
2624-16-20;16-20;2624;Male stud elbow;Triple-Lok® 37° Flare end / Adjustable BSPP thread O-ring + retaining ring;haaks;JIC;1 5/16-12;buiten;BSPP;1 1/4-11;buiten;25;1;68
2624-20-16;20-16C4OMXS;2624;Male stud elbow;Triple-Lok® 37° Flare end / Adjustable BSPP thread O-ring + retaining ring;haaks;JIC;1 5/8-12;buiten;BSPP;1-11;buiten;28, 30, 32;1 1/4;68
2624-20-20;20C4OMXS;2624;Male stud elbow;Triple-Lok® 37° Flare end / Adjustable BSPP thread O-ring + retaining ring;haaks;JIC;1 5/8-12;buiten;BSPP;1 1/4-11;buiten;28, 30, 32;1 1/4;68
2624-24-20;24-20C4OMXS;2624;Male stud elbow;Triple-Lok® 37° Flare end / Adjustable BSPP thread O-ring + retaining ring;haaks;JIC;1 7/8-12;buiten;BSPP;1 1/4-11;buiten;35, 38;1 1/2;68
2624-24-24;24C4OMXS;2624;Male stud elbow;Triple-Lok® 37° Flare end / Adjustable BSPP thread O-ring + retaining ring;haaks;JIC;1 7/8-12;buiten;BSPP;1 1/2-11;buiten;35, 38;1 1/2;68
16CMTXS;16CMTXS;2625;Male stud elbow;Triple-Lok® 37° Flare end / Male NPTF thread;haaks;NPT/NPTF;1-11.5;buiten;JIC;1 5/16-12;buiten;;1;
2625-02-02;2 CTX-S;2625;Male stud elbow;Triple-Lok® 37° Flare end / Male NPTF thread;haaks;NPT/NPTF;1/8-27;buiten;JIC;5/16-24;buiten;;1/8;70
2625-02-03;3 CTX-S;2625;Male stud elbow;Triple-Lok® 37° Flare end / Male NPTF thread;haaks;NPT/NPTF;1/8-27;buiten;JIC;3/8-24;buiten;;3/16;70
2625-02-04;4CMTXS;2625;Male stud elbow;Triple-Lok® 37° Flare end / Male NPTF thread;haaks;NPT/NPTF;1/8-27;buiten;JIC;7/16-20;buiten;6;1/4;70
2625-02-06;6-2 CTX-S;2625;Male stud elbow;Triple-Lok® 37° Flare end / Male NPTF thread;haaks;NPT/NPTF;1/8-27;buiten;JIC;9/16-18;buiten;10;3/8;70
2625-04-02;4CMTXS;2625;Male stud elbow;Triple-Lok® 37° Flare end / Male NPTF thread;haaks;NPT/NPTF;1/4-18;buiten;JIC;5/16-24;buiten;;1/8;70
2625-04-04;4-4 CTX-S;2625;Male stud elbow;Triple-Lok® 37° Flare end / Male NPTF thread;haaks;NPT/NPTF;1/4-18;buiten;JIC;7/16-20;buiten;6;1/4;70
2625-04-08;8-4CMTXS;2625;Male stud elbow;Triple-Lok® 37° Flare end / Male NPTF thread;haaks;NPT/NPTF;1/4-18;buiten;JIC;3/4-16;buiten;12;1/2;70
2625-05-02;5 CTX-S;2625;Male stud elbow;Triple-Lok® 37° Flare end / Male NPTF thread;haaks;NPT/NPTF;1/8-27;buiten;JIC;1/2-20;buiten;8;5/16;70
2625-05-04;5-4 CTX-S;2625;Male stud elbow;Triple-Lok® 37° Flare end / Male NPTF thread;haaks;NPT/NPTF;1/4-18;buiten;JIC;1/2-20;buiten;8;5/16;70
2625-06-04;4-6 CTX-S;2625;Male stud elbow;Triple-Lok® 37° Flare end / Male NPTF thread;haaks;NPT/NPTF;3/8-18;buiten;JIC;7/16-20;buiten;6;1/4;70
2625-06-04;6CMTXS;2625;Male stud elbow;Triple-Lok® 37° Flare end / Male NPTF thread;haaks;NPT/NPTF;1/4-18;buiten;JIC;9/16-18;buiten;10;3/8;70
2625-06-05;5-6 CTX-S;2625;Male stud elbow;Triple-Lok® 37° Flare end / Male NPTF thread;haaks;NPT/NPTF;3/8-18;buiten;JIC;1/2-20;buiten;8;5/16;70
2625-06-06;6-6CMTXS;2625;Male stud elbow;Triple-Lok® 37° Flare end / Male NPTF thread;haaks;NPT/NPTF;3/8-18;buiten;JIC;9/16-18;buiten;10;3/8;70
2625-06-08;8CMTXS;2625;Male stud elbow;Triple-Lok® 37° Flare end / Male NPTF thread;haaks;NPT/NPTF;3/8-18;buiten;JIC;3/4-16;buiten;12;1/2;70
2625-06-10;10-6 CTX-S;2625;Male stud elbow;Triple-Lok® 37° Flare end / Male NPTF thread;haaks;NPT/NPTF;3/8-18;buiten;JIC;7/8-14;buiten;14, 15,16;5/8;70
2625-08-04;4-8 CTX-S;2625;Male stud elbow;Triple-Lok® 37° Flare end / Male NPTF thread;haaks;NPT/NPTF;1/2-14;buiten;JIC;7/16-20;buiten;6;1/4;70
2625-08-06;6-8CMTXS;2625;Male stud elbow;Triple-Lok® 37° Flare end / Male NPTF thread;haaks;NPT/NPTF;1/2-14;buiten;JIC;9/16-18;buiten;10;3/8;70
2625-08-08;8-8CMTXS;2625;Male stud elbow;Triple-Lok® 37° Flare end / Male NPTF thread;haaks;NPT/NPTF;1/2-14;buiten;JIC;3/4-16;buiten;12;1/2;70
2625-08-10;10CMTXS;2625;Male stud elbow;Triple-Lok® 37° Flare end / Male NPTF thread;haaks;NPT/NPTF;1/2-14;buiten;JIC;7/8-14;buiten;14, 15,16;5/8;70
2625-08-12;12-8 CTX-S;2625;Male stud elbow;Triple-Lok® 37° Flare end / Male NPTF thread;haaks;NPT/NPTF;1/2-14;buiten;JIC;1 1/16-12;buiten;18, 20;3/4;70
2625-12-08;8-12 CTX-S;2625;Male stud elbow;Triple-Lok® 37° Flare end / Male NPTF thread;haaks;NPT/NPTF;3/4-14;buiten;JIC;3/4-16;buiten;12;1/2;70
2625-12-10;10-12CMTXS;2625;Male stud elbow;Triple-Lok® 37° Flare end / Male NPTF thread;haaks;NPT/NPTF;3/4-14;buiten;JIC;7/8-14;buiten;14, 15,16;5/8;70
2625-12-12;12 CTX-S;2625;Male stud elbow;Triple-Lok® 37° Flare end / Male NPTF thread;haaks;NPT/NPTF;3/4-14;buiten;JIC;1 1/16-12;buiten;18, 20;3/4;70
2625-12-14;14 CTX-S;2625;Male stud elbow;Triple-Lok® 37° Flare end / Male NPTF thread;haaks;NPT/NPTF;3/4-14;buiten;JIC;1 3/16-12;buiten;22;7/8;70
2625-12-16;16-12 CTX-S;2625;Male stud elbow;Triple-Lok® 37° Flare end / Male NPTF thread;haaks;NPT/NPTF;3/4-14;buiten;JIC;1 5/16-12;buiten;25;1;70
2625-16-12;12-16CMTXS;2625;Male stud elbow;Triple-Lok® 37° Flare end / Male NPTF thread;haaks;NPT/NPTF;1-11.5;buiten;JIC;1 1/16-12;buiten;18, 20;3/4;70
2625-16-16;16 CTX-S;2625;Male stud elbow;Triple-Lok® 37° Flare end / Male NPTF thread;haaks;NPT/NPTF;1-11.5;buiten;JIC;1 5/16-12;buiten;25;1;70
2625-16-20;20-16CMTXS;2625;Male stud elbow;Triple-Lok® 37° Flare end / Male NPTF thread;haaks;NPT/NPTF;1-11.5;buiten;JIC;1 5/8-12;buiten;28, 30, 32;1 1/4;70
2625-20-16;16-20 CTX-S;2625;Male stud elbow;Triple-Lok® 37° Flare end / Male NPTF thread;haaks;NPT/NPTF;1 1/4-11.5;buiten;JIC;1 5/16-12;buiten;25;1;70
2625-20-20;20 CTX-S;2625;Male stud elbow;Triple-Lok® 37° Flare end / Male NPTF thread;haaks;NPT/NPTF;1 1/4-11.5;buiten;JIC;1 5/8-12;buiten;28, 30, 32;1 1/4;70
2625-20-24;24-20 CTX-S;2625;Male stud elbow;Triple-Lok® 37° Flare end / Male NPTF thread;haaks;NPT/NPTF;1 1/4-11.5;buiten;JIC;1 7/8-12;buiten;35, 38;1 1/2;70
2625-24-20;20-24 CTX-S;2625;Male stud elbow;Triple-Lok® 37° Flare end / Male NPTF thread;haaks;NPT/NPTF;1 1/2-11.5;buiten;JIC;1 5/8-12;buiten;28, 30, 32;1 1/4;70
2625-24-24;24 CTX-S;2625;Male stud elbow;Triple-Lok® 37° Flare end / Male NPTF thread;haaks;NPT/NPTF;1 1/2-11.5;buiten;JIC;1 7/8-12;buiten;35, 38;1 1/2;70
2625-24-32;32-24 CTX-S;2625;Male stud elbow;Triple-Lok® 37° Flare end / Male NPTF thread;haaks;NPT/NPTF;1 1/2-11.5;buiten;JIC;2 1/2-12;buiten;;2;70
2625-32-32;32 CTX-S;2625;Male stud elbow;Triple-Lok® 37° Flare end / Male NPTF thread;haaks;NPT/NPTF;2-11.5;buiten;JIC;2 1/2-12;buiten;;2;70
4-4 CCCTX-S;4-4 CCCTX-S;2625;Male stud elbow;Triple-Lok® 37° Flare end / Male NPTF thread;haaks;NPT/NPTF;1/4-18;buiten;JIC;7/16-20;buiten;;1/4;
8 CCTX-S;8 CCTX-S;2625;Male stud elbow;Triple-Lok® 37° Flare end / Male NPTF thread;haaks;NPT/NPTF;1/2-14;buiten;JIC;3/4-16;buiten;;1/2;
8 CTX-S;8 CTX-S;2625;Male stud elbow;Triple-Lok® 37° Flare end / Male NPTF thread;haaks;NPT/NPTF;1/2-14;buiten;JIC;3/4-16;buiten;;1/2;
2626-04-10;4M10C8OMXS;2626;Male stud elbow;Triple-Lok® 37° Flare end / Male metric thread – O-ring + retaining ring;haaks;JIC;7/16-20;buiten;Metric;M 10×1.0;buiten;6;1/4;69
2626-04-12;4M12C8OMXS;2626;Male stud elbow;Triple-Lok® 37° Flare end / Male metric thread – O-ring + retaining ring;haaks;JIC;7/16-20;buiten;Metric;M 12×1.5;buiten;6;1/4;69
2626-05-10;5M10C8OMXS;2626;Male stud elbow;Triple-Lok® 37° Flare end / Male metric thread – O-ring + retaining ring;haaks;JIC;1/2-20;buiten;Metric;M 10×1.0;buiten;8;5/16;69
2626-05-12;5M12C8OMXS;2626;Male stud elbow;Triple-Lok® 37° Flare end / Male metric thread – O-ring + retaining ring;haaks;JIC;1/2-20;buiten;Metric;M 12×1.5;buiten;8;5/16;69
2626-06-12;6M12C8OMXS;2626;Male stud elbow;Triple-Lok® 37° Flare end / Male metric thread – O-ring + retaining ring;haaks;JIC;9/16-18;buiten;Metric;M 12×1.5;buiten;8;5/16;69
2626-06-14;6M14C8OMXS;2626;Male stud elbow;Triple-Lok® 37° Flare end / Male metric thread – O-ring + retaining ring;haaks;JIC;9/16-18;buiten;Metric;M 14×1.5;buiten;10;3/8;69
2626-06-16;6M16C8OMXS;2626;Male stud elbow;Triple-Lok® 37° Flare end / Male metric thread – O-ring + retaining ring;haaks;JIC;9/16-18;buiten;Metric;M 16×1.5;buiten;10;3/8;69
2626-06-18;6M18C8OMXS;2626;Male stud elbow;Triple-Lok® 37° Flare end / Male metric thread – O-ring + retaining ring;haaks;JIC;9/16-18;buiten;Metric;M 18×1.5;buiten;10;3/8;69
2626-08-16;8M16C8OMXS;2626;Male stud elbow;Triple-Lok® 37° Flare end / Male metric thread – O-ring + retaining ring;haaks;JIC;3/4-16;buiten;Metric;M 16×1.5;buiten;12;1/2;69
2626-08-18;8M18C8OMXS;2626;Male stud elbow;Triple-Lok® 37° Flare end / Male metric thread – O-ring + retaining ring;haaks;JIC;3/4-16;buiten;Metric;M 18×1.5;buiten;12;1/2;69
2626-08-22;8M22C8OMXS;2626;Male stud elbow;Triple-Lok® 37° Flare end / Male metric thread – O-ring + retaining ring;haaks;JIC;3/4-16;buiten;Metric;M 22×1.5;buiten;12;1/2;69
2626-10-18;10M18C8OMXS;2626;Male stud elbow;Triple-Lok® 37° Flare end / Male metric thread – O-ring + retaining ring;haaks;JIC;7/8-14;buiten;Metric;M 18×1.5;buiten;14, 15,16;5/8;69
2626-10-20;10M20C8OMXS;2626;Male stud elbow;Triple-Lok® 37° Flare end / Male metric thread – O-ring + retaining ring;haaks;JIC;7/8-14;buiten;Metric;M 20×1.5;buiten;14, 15,16;5/8;69
2626-10-22;10M22C8OMXS;2626;Male stud elbow;Triple-Lok® 37° Flare end / Male metric thread – O-ring + retaining ring;haaks;JIC;7/8-14;buiten;Metric;M 22×1.5;buiten;14, 15,16;5/8;69
2626-10-26;10M26C8OMXS;2626;Male stud elbow;Triple-Lok® 37° Flare end / Male metric thread – O-ring + retaining ring;haaks;JIC;7/8-14;buiten;Metric;M 26×1.5;buiten;14, 15,16;5/8;69
2626-12-22;12M22C8OMXS;2626;Male stud elbow;Triple-Lok® 37° Flare end / Male metric thread – O-ring + retaining ring;haaks;JIC;1 1/16-12;buiten;Metric;M 22×1.5;buiten;18, 20;3/4;69
2626-12-27;12M27C8OMXS;2626;Male stud elbow;Triple-Lok® 37° Flare end / Male metric thread – O-ring + retaining ring;haaks;JIC;1 1/16-12;buiten;Metric;M 27×2.0;buiten;18, 20;3/4;69
2626-16-33;16M33C8OMXS;2626;Male stud elbow;Triple-Lok® 37° Flare end / Male metric thread – O-ring + retaining ring;haaks;JIC;1 5/16-12;buiten;Metric;M 33×2.0;buiten;25;1;69
2626-20-42;20M42C8OMXS;2626;Male stud elbow;Triple-Lok® 37° Flare end / Male metric thread – O-ring + retaining ring;haaks;JIC;1 5/8-12;buiten;Metric;M 42×2.0;buiten;28, 30, 32;1 1/4;69
2626-24-48;24M48C8OMXS;2626;Male stud elbow;Triple-Lok® 37° Flare end / Male metric thread – O-ring + retaining ring;haaks;JIC;1 7/8-12;buiten;Metric;M 48×2.0;buiten;35, 38;1 1/2;69
2641-02-02;;2641;Elbow 90°;ELBOW 90° BSP MALE X BSPT MALE;haaks;BSPP;1/8-28;buiten;BSPT;1/8-28;buiten;;;
2641-04-02;;2641;Elbow 90°;ELBOW 90° BSP MALE X BSPT MALE;haaks;BSPP;1/4-19;buiten;BSPT;1/8-28;buiten;;;
2641-04-04;;2641;Elbow 90°;ELBOW 90° BSP MALE X BSPT MALE;haaks;BSPP;1/4-19;buiten;BSPT;1/4-19;buiten;;;
2641-06-04;;2641;Elbow 90°;ELBOW 90° BSP MALE X BSPT MALE;haaks;BSPP;3/8-19;buiten;BSPT;1/4-19;buiten;;;
2641-06-06;;2641;Elbow 90°;ELBOW 90° BSP MALE X BSPT MALE;haaks;BSPP;3/8-19;buiten;BSPT;3/8-19;buiten;;;
2641-06-08;;2641;Elbow 90°;ELBOW 90° BSP MALE X BSPT MALE;haaks;BSPP;3/8-19;buiten;BSPT;1/2-14;buiten;;;
2641-08-08;;2641;Elbow 90°;ELBOW 90° BSP MALE X BSPT MALE;haaks;BSPP;1/2-14;buiten;BSPT;1/2-14;buiten;;;
2641-12-12;;2641;Elbow 90°;ELBOW 90° BSP MALE X BSPT MALE;haaks;BSPP;3/4-14;buiten;BSPT;3/4-14;buiten;;;
2641-16-16;;2641;Elbow 90°;ELBOW 90° BSP MALE X BSPT MALE;haaks;BSPP;1-11;buiten;BSPT;1-11;buiten;;;
2643-02-02;2C6MK4S;2643;Swivel nut elbow 90°;BSPP 60° cone end / BSPP 60° Female swivel end;haaks;BSPP;1/8-28;buiten;BSPP;1/8-28;wartelend;;;14
2643-04-04;4C6MK4S;2643;Swivel nut elbow 90°;BSPP 60° cone end / BSPP 60° Female swivel end;haaks;BSPP;1/4-19;buiten;BSPP;1/4-19;wartelend;;;14
2643-06-06;6C6MK4S;2643;Swivel nut elbow 90°;BSPP 60° cone end / BSPP 60° Female swivel end;haaks;BSPP;3/8-19;buiten;BSPP;3/8-19;wartelend;;;14
2643-08-08;8C6MK4S;2643;Swivel nut elbow 90°;BSPP 60° cone end / BSPP 60° Female swivel end;haaks;BSPP;1/2-14;buiten;BSPP;1/2-14;wartelend;;;14
2643-08-12;;2643;Swivel nut elbow 90°;BSPP 60° cone end / BSPP 60° Female swivel end;haaks;BSPP;1/2-14;buiten;BSPP;3/4-14;wartelend;;;14
2643-10-10;10C6MK4S;2643;Swivel nut elbow 90°;BSPP 60° cone end / BSPP 60° Female swivel end;haaks;BSPP;5/8-14;buiten;BSPP;5/8-14;wartelend;;;14
2643-12-08;;2643;Swivel nut elbow 90°;BSPP 60° cone end / BSPP 60° Female swivel end;haaks;BSPP;3/4-14;buiten;BSPP;1/2-14;wartelend;;;14
2643-12-12;12C6MK4S;2643;Swivel nut elbow 90°;BSPP 60° cone end / BSPP 60° Female swivel end;haaks;BSPP;3/4-14;buiten;BSPP;3/4-14;wartelend;;;14
2643-12-16;;2643;Swivel nut elbow 90°;BSPP 60° cone end / BSPP 60° Female swivel end;haaks;BSPP;3/4-14;buiten;BSPP;1-11;wartelend;;;14
2643-16-16;16C6MK4S;2643;Swivel nut elbow 90°;BSPP 60° cone end / BSPP 60° Female swivel end;haaks;BSPP;1-11;buiten;BSPP;1-11;wartelend;;;14
2643-20-20;20C6MK4S;2643;Swivel nut elbow 90°;BSPP 60° cone end / BSPP 60° Female swivel end;haaks;BSPP;1 1/4-11;buiten;BSPP;1 1/4-11;wartelend;;;14
2643-24-24;24C6MK4S;2643;Swivel nut elbow 90°;BSPP 60° cone end / BSPP 60° Female swivel end;haaks;BSPP;1 1/2-11;buiten;BSPP;1 1/2-11;wartelend;;;14
2643-32-32;-;2643;Swivel nut elbow 90°;BSPP 60° cone end / BSPP 60° Female swivel end;haaks;BSPP;2-11;buiten;BSPP;2-11;wartelend;;;14
2644-02-02;2EMK4S;2644;Union elbow;BSPP 60° Cone end;haaks;BSPP;1/8-28;buiten;BSPP;1/8-28;buiten;;;2
2644-04-04;4EMK4S;2644;Union elbow;BSPP 60° Cone end;haaks;BSPP;1/4-19;buiten;BSPP;1/4-19;buiten;;;2
2644-04-06;;2644;Union elbow;BSPP 60° Cone end;haaks;BSPP;1/4-19;buiten;BSPP;3/8-19;buiten;;;2
2644-06-06;6EMK4S;2644;Union elbow;BSPP 60° Cone end;haaks;BSPP;3/8-19;buiten;BSPP;3/8-19;buiten;;;2
2644-06-08;;2644;Union elbow;BSPP 60° Cone end;haaks;BSPP;3/8-19;buiten;BSPP;1/2-14;buiten;;;2
2644-08-08;8EMK4S;2644;Union elbow;BSPP 60° Cone end;haaks;BSPP;1/2-14;buiten;BSPP;1/2-14;buiten;;;2
2644-08-12;;2644;Union elbow;BSPP 60° Cone end;haaks;BSPP;1/2-14;buiten;BSPP;3/4-14;buiten;;;2
2644-10-10;10EMK4S;2644;Union elbow;BSPP 60° Cone end;haaks;BSPP;5/8-14;buiten;BSPP;5/8-14;buiten;;;2
2644-12-12;12EMK4S;2644;Union elbow;BSPP 60° Cone end;haaks;BSPP;3/4-14;buiten;BSPP;3/4-14;buiten;;;2
2644-12-16;;2644;Union elbow;BSPP 60° Cone end;haaks;BSPP;3/4-14;buiten;BSPP;1-11;buiten;;;2
2644-16-16;16EMK4S;2644;Union elbow;BSPP 60° Cone end;haaks;BSPP;1-11;buiten;BSPP;1-11;buiten;;;2
2644-20-20;20EMK4S;2644;Union elbow;BSPP 60° Cone end;haaks;BSPP;1 1/4-11;buiten;BSPP;1 1/4-11;buiten;;;2
2644-24-24;24EMK4S;2644;Union elbow;BSPP 60° Cone end;haaks;BSPP;1 1/2-11;buiten;BSPP;1 1/2-11;buiten;;;2
2644-32-32;;2644;Union elbow;BSPP 60° Cone end;haaks;BSPP;2-11;buiten;BSPP;2-11;buiten;;;2
2647-06-06;;2647;Elbow 90°;ELBOW 90° BSP X BSP;haaks;;;;;;;;;
2647-08-08;;2647;Elbow 90°;ELBOW 90° BSP X BSP;haaks;;;;;;;;;
2647-12-12;;2647;Elbow 90°;ELBOW 90° BSP X BSP;haaks;;;;;;;;;
2648-02-02;;2648;Adjustable elbow 90°;BSP male x BSP Adjustable Male;haaks;BSPP;1/8-28;buiten;BSPP;1/8-28;buiten;;;3
2648-02-04;;2648;Adjustable elbow 90°;BSP male x BSP Adjustable Male;haaks;BSPP;1/8-28;buiten;BSPP;1/4-19;buiten;;;3
2648-04-04;;2648;Adjustable elbow 90°;BSP male x BSP Adjustable Male;haaks;BSPP;1/4-19;buiten;BSPP;1/4-19;buiten;;;3
2648-04-06;;2648;Adjustable elbow 90°;BSP male x BSP Adjustable Male;haaks;BSPP;1/4-19;buiten;BSPP;3/8-19;buiten;;;3
2648-06-04;;2648;Adjustable elbow 90°;BSP male x BSP Adjustable Male;haaks;BSPP;3/8-19;buiten;BSPP;1/4-19;buiten;;;3
2648-06-06;;2648;Adjustable elbow 90°;BSP male x BSP Adjustable Male;haaks;BSPP;3/8-19;buiten;BSPP;3/8-19;buiten;;;3
2648-08-08;;2648;Adjustable elbow 90°;BSP male x BSP Adjustable Male;haaks;BSPP;1/2-14;buiten;BSPP;1/2-14;buiten;;;3
2648-10-08;;2648;Adjustable elbow 90°;BSP male x BSP Adjustable Male;haaks;BSPP;5/8-14;buiten;BSPP;1/2-14;buiten;;;3
2648-12-12;;2648;Adjustable elbow 90°;BSP male x BSP Adjustable Male;haaks;BSPP;3/4-14;buiten;BSPP;3/4-14;buiten;;;3
2648-12-16;;2648;Adjustable elbow 90°;BSP male x BSP Adjustable Male;haaks;BSPP;3/4-14;buiten;BSPP;1-11;buiten;;;3
2648-16-16;;2648;Adjustable elbow 90°;BSP male x BSP Adjustable Male;haaks;BSPP;1-11;buiten;BSPP;1-11;buiten;;;3
2648-20-20;;2648;Adjustable elbow 90°;BSP male x BSP Adjustable Male;haaks;BSPP;1 1/4-11;buiten;BSPP;1 1/4-11;buiten;;;3
2648-24-24;;2648;Adjustable elbow 90°;BSP male x BSP Adjustable Male;haaks;BSPP;1 1/2-11;buiten;BSPP;1 1/2-11;buiten;;;3
2648-32-32;;2648;Adjustable elbow 90°;BSP male x BSP Adjustable Male;haaks;BSPP;2-11;buiten;BSPP;2-11;buiten;;;3
2649-04-04;;2649;Elbow 90°;ELBOW 90° JIS KOMATSU MALE X BSP MALE ADJUSTABLE;haaks;JIS;1/4-19;buiten;BSPP;1/4-19;buiten;;;
2649-06-06;;2649;Elbow 90°;ELBOW 90° JIS KOMATSU MALE X BSP MALE ADJUSTABLE;haaks;JIS;3/8-19;buiten;BSPP;3/8-19;buiten;;;
2649-08-08;;2649;Elbow 90°;ELBOW 90° JIS KOMATSU MALE X BSP MALE ADJUSTABLE;haaks;JIS;1/2-14;buiten;BSPP;1/2-14;buiten;;;
2649-22-08;;2649;Elbow 90°;ELBOW 90° JIS KOMATSU MALE X BSP MALE ADJUSTABLE;haaks;JIS;;buiten;BSPP;1/2-14;buiten;;;
2657-02-02;2107-2-2;2657;Swivel male elbow;Male NPTF thread / NPSM Female swivel end;haaks;NPT/NPTF;1/8-27;buiten;NPSM;1/8-27;wartelend;;;34
2657-02-04;;2657;Swivel male elbow;Male NPTF thread / NPSM Female swivel end;haaks;NPT/NPTF;1/8-27;buiten;NPSM;1/4-18;wartelend;;;34
2657-04-04;2107-4-4;2657;Swivel male elbow;Male NPTF thread / NPSM Female swivel end;haaks;NPT/NPTF;1/4-18;buiten;NPSM;1/4-18;wartelend;;;34
2657-04-06;2107-4-6;2657;Swivel male elbow;Male NPTF thread / NPSM Female swivel end;haaks;NPT/NPTF;1/4-18;buiten;NPSM;3/8-18;wartelend;;;34
2657-06-04;2107-6-4;2657;Swivel male elbow;Male NPTF thread / NPSM Female swivel end;haaks;NPT/NPTF;3/8-18;buiten;NPSM;1/4-18;wartelend;;;34
2657-06-06;2107-6-6;2657;Swivel male elbow;Male NPTF thread / NPSM Female swivel end;haaks;NPT/NPTF;3/8-18;buiten;NPSM;3/8-18;wartelend;;;34
2657-06-08;2107-6-8;2657;Swivel male elbow;Male NPTF thread / NPSM Female swivel end;haaks;NPT/NPTF;3/8-18;buiten;NPSM;1/2-14;wartelend;;;34
2657-08-06;2107-8-6;2657;Swivel male elbow;Male NPTF thread / NPSM Female swivel end;haaks;NPT/NPTF;1/2-14;buiten;NPSM;3/8-18;wartelend;;;34
2657-08-08;2107-8-8;2657;Swivel male elbow;Male NPTF thread / NPSM Female swivel end;haaks;NPT/NPTF;1/2-14;buiten;NPSM;1/2-14;wartelend;;;34
2657-08-12;2107-8-12;2657;Swivel male elbow;Male NPTF thread / NPSM Female swivel end;haaks;NPT/NPTF;1/2-14;buiten;NPSM;3/4-14;wartelend;;;34
2657-12-06;2107-12-6;2657;Swivel male elbow;Male NPTF thread / NPSM Female swivel end;haaks;NPT/NPTF;3/4-14;buiten;NPSM;3/8-18;wartelend;;;34
2657-12-08;2107-12-8;2657;Swivel male elbow;Male NPTF thread / NPSM Female swivel end;haaks;NPT/NPTF;3/4-14;buiten;NPSM;1/2-14;wartelend;;;34
2657-12-12;2107-12-12;2657;Swivel male elbow;Male NPTF thread / NPSM Female swivel end;haaks;NPT/NPTF;3/4-14;buiten;NPSM;3/4-14;wartelend;;;34
2657-12-16;2107-16-12;2657;Swivel male elbow;Male NPTF thread / NPSM Female swivel end;haaks;NPT/NPTF;3/4-14;buiten;NPSM;1-11.5;wartelend;;;34
2657-16-12;2107-16-12;2657;Swivel male elbow;Male NPTF thread / NPSM Female swivel end;haaks;NPT/NPTF;1-11.5;buiten;NPSM;3/4-14;wartelend;;;34
2657-16-16;2107-16-16;2657;Swivel male elbow;Male NPTF thread / NPSM Female swivel end;haaks;NPT/NPTF;1-11.5;buiten;NPSM;1-11.5;wartelend;;;34
2657-20-20;2107-20-20;2657;Swivel male elbow;Male NPTF thread / NPSM Female swivel end;haaks;NPT/NPTF;1 1/4-11.5;buiten;NPSM;1 1/4-11.5;wartelend;;;34
2657-20-24;;2657;Swivel male elbow;Male NPTF thread / NPSM Female swivel end;haaks;NPT/NPTF;1 1/4-11.5;buiten;NPSM;1 1/2-11.5;wartelend;;;34
2657-24-24;2107-24-24;2657;Swivel male elbow;Male NPTF thread / NPSM Female swivel end;haaks;NPT/NPTF;1 1/2-11.5;buiten;NPSM;1 1/2-11.5;wartelend;;;34
2657-32-32;2107-32-32;2657;Swivel male elbow;Male NPTF thread / NPSM Female swivel end;haaks;NPT/NPTF;2-11.5;buiten;NPSM;2-11.5;wartelend;;;34
2677-02-02;2207-2-2;2677;Female elbow;Female NPTF thread / NPSM Female swivel end;haaks;NPT/NPTF;1/8-27;binnen;NPSM;1/8-27;wartelend;;;36
2677-04-04;2207-4-4;2677;Female elbow;Female NPTF thread / NPSM Female swivel end;haaks;NPT/NPTF;1/4-18;binnen;NPSM;1/4-18;wartelend;;;36
2677-06-06;2207-6-6;2677;Female elbow;Female NPTF thread / NPSM Female swivel end;haaks;NPT/NPTF;3/8-18;binnen;NPSM;3/8-18;wartelend;;;36
2677-08-08;2207-8-8;2677;Female elbow;Female NPTF thread / NPSM Female swivel end;haaks;NPT/NPTF;1/2-14;binnen;NPSM;1/2-14;wartelend;;;36
2677-12-12;2207-12-12;2677;Female elbow;Female NPTF thread / NPSM Female swivel end;haaks;NPT/NPTF;3/4-14;binnen;NPSM;3/4-14;wartelend;;;36
2677-16-16;2207-16-16;2677;Female elbow;Female NPTF thread / NPSM Female swivel end;haaks;NPT/NPTF;1-11.5;binnen;NPSM;1-11.5;wartelend;;;36
2677-20-20;2207-20-20;2677;Female elbow;Female NPTF thread / NPSM Female swivel end;haaks;NPT/NPTF;1 1/4-11.5;binnen;NPSM;1 1/4-11.5;wartelend;;;36
2677-24-24;2207-24-24;2677;Female elbow;Female NPTF thread / NPSM Female swivel end;haaks;NPT/NPTF;1 1/2-11.5;binnen;NPSM;1 1/2-11.5;wartelend;;;36
2677-32-32;2207-32-32;2677;Female elbow;Female NPTF thread / NPSM Female swivel end;haaks;NPT/NPTF;2-11.5;binnen;NPSM;2-11.5;wartelend;;;36
2713-04-04;4J6MK4S;2713;Swivel nut tee;BSPP 60° Female swivel ends;T-stuk;BSPP;1/4-19;wartelend;BSPP;1/4-19;wartelend;;;15
2713-06-06;6J6MK4S;2713;Swivel nut tee;BSPP 60° Female swivel ends;T-stuk;BSPP;3/8-19;wartelend;BSPP;3/8-19;wartelend;;;15
2713-08-08;8J6MK4S;2713;Swivel nut tee;BSPP 60° Female swivel ends;T-stuk;BSPP;1/2-14;wartelend;BSPP;1/2-14;wartelend;;;15
2713-10-10;10J6MK4S;2713;Swivel nut tee;BSPP 60° Female swivel ends;T-stuk;BSPP;5/8-14;wartelend;BSPP;5/8-14;wartelend;;;15
2713-12-12;12J6MK4S;2713;Swivel nut tee;BSPP 60° Female swivel ends;T-stuk;BSPP;3/4-14;wartelend;BSPP;3/4-14;wartelend;;;15
2713-16-16;16J6MK4S;2713;Swivel nut tee;BSPP 60° Female swivel ends;T-stuk;BSPP;1-11;wartelend;BSPP;1-11;wartelend;;;15
2713-20-20;20J6MK4S;2713;Swivel nut tee;BSPP 60° Female swivel ends;T-stuk;BSPP;1 1/4-11;wartelend;BSPP;1 1/4-11;wartelend;;;15
2713-24-24;-;2713;Swivel nut tee;BSPP 60° Female swivel ends;T-stuk;BSPP;1 1/2-11;wartelend;BSPP;1 1/2-11;wartelend;;;15
2713-32-32;-;2713;Swivel nut tee;BSPP 60° Female swivel ends;T-stuk;BSPP;2-11;wartelend;BSPP;2-11;wartelend;;;15
2713-40-40;-;2713;Swivel nut tee;BSPP 60° Female swivel ends;T-stuk;BSPP;2 1/2-11;wartelend;BSPP;2 1/2-11;wartelend;;;15
2714-02-02;2S6MK4S;2714;Swivel nut branch tee;BSPP 60° Cone ends / BSPP 60° Female swivel end;T-stuk;BSPP;1/8-28;buiten;BSPP;1/8-28;wartelend;;;16
2714-04-04;4S6MK4S;2714;Swivel nut branch tee;BSPP 60° Cone ends / BSPP 60° Female swivel end;T-stuk;BSPP;1/4-19;buiten;BSPP;1/4-19;wartelend;;;16
2714-06-06;6S6MK4S;2714;Swivel nut branch tee;BSPP 60° Cone ends / BSPP 60° Female swivel end;T-stuk;BSPP;3/8-19;buiten;BSPP;3/8-19;wartelend;;;16
2714-08-08;8S6MK4S;2714;Swivel nut branch tee;BSPP 60° Cone ends / BSPP 60° Female swivel end;T-stuk;BSPP;1/2-14;buiten;BSPP;1/2-14;wartelend;;;16
2714-10-10;10S6MK4S;2714;Swivel nut branch tee;BSPP 60° Cone ends / BSPP 60° Female swivel end;T-stuk;BSPP;5/8-14;buiten;BSPP;5/8-14;wartelend;;;16
2714-12-12;12S6MK4S;2714;Swivel nut branch tee;BSPP 60° Cone ends / BSPP 60° Female swivel end;T-stuk;BSPP;3/4-14;buiten;BSPP;3/4-14;wartelend;;;16
2714-16-16;16S6MK4S;2714;Swivel nut branch tee;BSPP 60° Cone ends / BSPP 60° Female swivel end;T-stuk;BSPP;1-11;buiten;BSPP;1-11;wartelend;;;16
2714-20-20;20S6MK4S;2714;Swivel nut branch tee;BSPP 60° Cone ends / BSPP 60° Female swivel end;T-stuk;BSPP;1 1/4-11;buiten;BSPP;1 1/4-11;wartelend;;;16
2714-24-24;-;2714;Swivel nut branch tee;BSPP 60° Cone ends / BSPP 60° Female swivel end;T-stuk;BSPP;1 1/2-11;buiten;BSPP;1 1/2-11;wartelend;;;16
2714-32-32;-;2714;Swivel nut branch tee;BSPP 60° Cone ends / BSPP 60° Female swivel end;T-stuk;BSPP;2-11;buiten;BSPP;2-11;wartelend;;;16
2715-02-02;2R6MK4S;2715;Swivel nut run tee;BSPP 60° Cone ends / BSPP 60° Female swivel end;T-stuk;BSPP;1/8-28;buiten;BSPP;1/8-28;wartelend;;;16
2715-04-04;4R6MK4S;2715;Swivel nut run tee;BSPP 60° Cone ends / BSPP 60° Female swivel end;T-stuk;BSPP;1/4-19;buiten;BSPP;1/4-19;wartelend;;;16
2715-06-06;6R6MK4S;2715;Swivel nut run tee;BSPP 60° Cone ends / BSPP 60° Female swivel end;T-stuk;BSPP;3/8-19;buiten;BSPP;3/8-19;wartelend;;;16
2715-08-08;8R6MK4S;2715;Swivel nut run tee;BSPP 60° Cone ends / BSPP 60° Female swivel end;T-stuk;BSPP;1/2-14;buiten;BSPP;1/2-14;wartelend;;;16
2715-10-10;10R6MK4S;2715;Swivel nut run tee;BSPP 60° Cone ends / BSPP 60° Female swivel end;T-stuk;BSPP;5/8-14;buiten;BSPP;5/8-14;wartelend;;;16
2715-12-12;12R6MK4S;2715;Swivel nut run tee;BSPP 60° Cone ends / BSPP 60° Female swivel end;T-stuk;BSPP;3/4-14;buiten;BSPP;3/4-14;wartelend;;;16
2715-16-16;16R6MK4S;2715;Swivel nut run tee;BSPP 60° Cone ends / BSPP 60° Female swivel end;T-stuk;BSPP;1-11;buiten;BSPP;1-11;wartelend;;;16
2715-20-20;20R6MK4S;2715;Swivel nut run tee;BSPP 60° Cone ends / BSPP 60° Female swivel end;T-stuk;BSPP;1 1/4-11;buiten;BSPP;1 1/4-11;wartelend;;;16
2715-24-24;-;2715;Swivel nut run tee;BSPP 60° Cone ends / BSPP 60° Female swivel end;T-stuk;BSPP;1 1/2-11;buiten;BSPP;1 1/2-11;wartelend;;;16
2715-32-32;-;2715;Swivel nut run tee;BSPP 60° Cone ends / BSPP 60° Female swivel end;T-stuk;BSPP;2-11;buiten;BSPP;2-11;wartelend;;;16
2715-G1/2;;2715;Swivel nut run tee;SWIVEL NUT RUN TEE BSP TEST PONT  CONNECTOR;T-stuk;BSPP;1/2-14;buiten;BSPP;1/2-14;wartelend;;;16
2715-G1/4;;2715;Swivel nut run tee;SWIVEL NUT RUN TEE BSP TEST PONT  CONNECTOR;T-stuk;BSPP;1/4-19;buiten;BSPP;1/4-19;wartelend;;;16
2715-G3/4;;2715;Swivel nut run tee;SWIVEL NUT RUN TEE BSP TEST PONT  CONNECTOR;T-stuk;BSPP;3/4-14;buiten;BSPP;3/4-14;wartelend;;;16
2715-G3/8;;2715;Swivel nut run tee;SWIVEL NUT RUN TEE BSP TEST PONT  CONNECTOR;T-stuk;BSPP;3/8-19;buiten;BSPP;3/8-19;wartelend;;;16
2716-04-04;;2716;Swivel nut tee;TEE BSP MALE X BSP FEMALE SWIVEL X BSP FEMALE SWIVEL;T-stuk;BSPP;1/4-19;buiten;BSPP;1/4-19;wartelend;;;
2716-08-08;;2716;Swivel nut tee;TEE BSP MALE X BSP FEMALE SWIVEL X BSP FEMALE SWIVEL;T-stuk;BSPP;1/2-14;buiten;BSPP;1/2-14;wartelend;;;
2716-12-12;;2716;Swivel nut tee;TEE BSP MALE X BSP FEMALE SWIVEL X BSP FEMALE SWIVEL;T-stuk;BSPP;3/4-14;buiten;BSPP;3/4-14;wartelend;;;
2716-16-16;;2716;Swivel nut tee;TEE BSP MALE X BSP FEMALE SWIVEL X BSP FEMALE SWIVEL;T-stuk;BSPP;1-11;buiten;BSPP;1-11;wartelend;;;
2717-04-04;;2717;Swivel nut tee;TEE BSP MALE X BSP FEMALE SWIVEL X BSP FEMALE SWIVEL;T-stuk;BSPP;1/4-19;buiten;BSPP;1/4-19;wartelend;;;
2717-08-08;;2717;Swivel nut tee;TEE BSP MALE X BSP FEMALE SWIVEL X BSP FEMALE SWIVEL;T-stuk;BSPP;1/2-14;buiten;BSPP;1/2-14;wartelend;;;
2717-12-12;;2717;Swivel nut tee;TEE BSP MALE X BSP FEMALE SWIVEL X BSP FEMALE SWIVEL;T-stuk;BSPP;3/4-14;buiten;BSPP;3/4-14;wartelend;;;
2720-04-04;4 KTX-S;2720;Union cross;Triple-Lok® 37° Flare end (four ends);kruis;JIC;7/16-20;buiten;JIC;7/16-20;buiten;6;1/4;50
2720-05-05;5 KTX-S;2720;Union cross;Triple-Lok® 37° Flare end (four ends);kruis;JIC;1/2-20;buiten;JIC;1/2-20;buiten;8;5/16;50
2720-06-06;6 KTX-S;2720;Union cross;Triple-Lok® 37° Flare end (four ends);kruis;JIC;9/16-18;buiten;JIC;9/16-18;buiten;10;3/8;50
2720-08-08;8 KTX-S;2720;Union cross;Triple-Lok® 37° Flare end (four ends);kruis;JIC;3/4-16;buiten;JIC;3/4-16;buiten;12;1/2;50
2720-10-10;10 KTX-S;2720;Union cross;Triple-Lok® 37° Flare end (four ends);kruis;JIC;7/8-14;buiten;JIC;7/8-14;buiten;14, 15,16;5/8;50
2720-12-12;12 KTX-S;2720;Union cross;Triple-Lok® 37° Flare end (four ends);kruis;JIC;1 1/16-12;buiten;JIC;1 1/16-12;buiten;18, 20;3/4;50
2720-16-16;16 KTX-S;2720;Union cross;Triple-Lok® 37° Flare end (four ends);kruis;JIC;1 5/16-12;buiten;JIC;1 5/16-12;buiten;25;1;50
2720-20-20;20 KTX-S;2720;Union cross;Triple-Lok® 37° Flare end (four ends);kruis;JIC;1 5/8-12;buiten;JIC;1 5/8-12;buiten;28, 30, 32;1 1/4;50
2720-24-24;24 KTX-S;2720;Union cross;Triple-Lok® 37° Flare end (four ends);kruis;JIC;1 7/8-12;buiten;JIC;1 7/8-12;buiten;35, 38;1 1/2;50
2722-02-02;2 JTX-S;2722;Union tee;Triple-Lok® 37° Flare ends;T-stuk;JIC;5/16-24;buiten;JIC;5/16-24;buiten;;1/8;49
2722-03-03;3 JTX-S;2722;Union tee;Triple-Lok® 37° Flare ends;T-stuk;JIC;3/8-24;buiten;JIC;3/8-24;buiten;;3/16;49
2722-04-04;4JMTXS;2722;Union tee;Triple-Lok® 37° Flare ends;T-stuk;JIC;7/16-20;buiten;JIC;7/16-20;buiten;6;1/4;49
2722-05-05;5JMTXS;2722;Union tee;Triple-Lok® 37° Flare ends;T-stuk;JIC;1/2-20;buiten;JIC;1/2-20;buiten;8;5/16;49
2722-06-06;6JMTXS;2722;Union tee;Triple-Lok® 37° Flare ends;T-stuk;JIC;9/16-18;buiten;JIC;9/16-18;buiten;10;3/8;49
2722-08-08;8JMTXS;2722;Union tee;Triple-Lok® 37° Flare ends;T-stuk;JIC;3/4-16;buiten;JIC;3/4-16;buiten;12;1/2;49
2722-10-10;10JMTXS;2722;Union tee;Triple-Lok® 37° Flare ends;T-stuk;JIC;7/8-14;buiten;JIC;7/8-14;buiten;14, 15,16;5/8;49
2722-12-06;;2722;Union tee;Triple-Lok® 37° Flare ends;T-stuk;JIC;1 1/16-12;buiten;JIC;9/16-18;buiten;18, 20;3/4;49
2722-12-12;12JMTXS;2722;Union tee;Triple-Lok® 37° Flare ends;T-stuk;JIC;1 1/16-12;buiten;JIC;1 1/16-12;buiten;18, 20;3/4;49
2722-14-14;14 JTX-S;2722;Union tee;Triple-Lok® 37° Flare ends;T-stuk;JIC;1 3/16-12;buiten;JIC;1 3/16-12;buiten;22;7/8;49
2722-16-16;16JMTXS;2722;Union tee;Triple-Lok® 37° Flare ends;T-stuk;JIC;1 5/16-12;buiten;JIC;1 5/16-12;buiten;25;1;49
2722-20-20;20JMTXS;2722;Union tee;Triple-Lok® 37° Flare ends;T-stuk;JIC;1 5/8-12;buiten;JIC;1 5/8-12;buiten;28, 30, 32;1 1/4;49
2722-24-24;24 JTX-S;2722;Union tee;Triple-Lok® 37° Flare ends;T-stuk;JIC;1 7/8-12;buiten;JIC;1 7/8-12;buiten;35, 38;1 1/2;49
2722-28-28;28 JTX-S;2722;Union tee;Triple-Lok® 37° Flare ends;T-stuk;JIC;2 1/4-12;buiten;JIC;2 1/4-12;buiten;42;1 3/4;49
2722-32-32;32 JTX-S;2722;Union tee;Triple-Lok® 37° Flare ends;T-stuk;JIC;2 1/2-12;buiten;JIC;2 1/2-12;buiten;;2;49
2744-02-02;2JMK4S;2744;Union tee;BSPP 60° Cone end;T-stuk;BSPP;1/8-28;buiten;BSPP;1/8-28;buiten;;;2
2744-04-04;4JMK4S;2744;Union tee;BSPP 60° Cone end;T-stuk;BSPP;1/4-19;buiten;BSPP;1/4-19;buiten;;;2
2744-06-06;6JMK4S;2744;Union tee;BSPP 60° Cone end;T-stuk;BSPP;3/8-19;buiten;BSPP;3/8-19;buiten;;;2
2744-08-08;8JMK4S;2744;Union tee;BSPP 60° Cone end;T-stuk;BSPP;1/2-14;buiten;BSPP;1/2-14;buiten;;;2
2744-10-10;10JMK4S;2744;Union tee;BSPP 60° Cone end;T-stuk;BSPP;5/8-14;buiten;BSPP;5/8-14;buiten;;;2
2744-12-12;12JMK4S;2744;Union tee;BSPP 60° Cone end;T-stuk;BSPP;3/4-14;buiten;BSPP;3/4-14;buiten;;;2
2744-16-16;16JMK4S;2744;Union tee;BSPP 60° Cone end;T-stuk;BSPP;1-11;buiten;BSPP;1-11;buiten;;;2
2744-20-20;20JMK4S;2744;Union tee;BSPP 60° Cone end;T-stuk;BSPP;1 1/4-11;buiten;BSPP;1 1/4-11;buiten;;;2
2744-24-24;24JMK4S;2744;Union tee;BSPP 60° Cone end;T-stuk;BSPP;1 1/2-11;buiten;BSPP;1 1/2-11;buiten;;;2
2813-02-02;;2813;Swivel nut swept elbow 45°;BSPP 60° Female swivel ends;45°;BSPP;1/8-28;wartelend;BSPP;1/8-28;wartelend;;;9
2813-04-04;;2813;Swivel nut swept elbow 45°;BSPP 60° Female swivel ends;45°;BSPP;1/4-19;wartelend;BSPP;1/4-19;wartelend;;;9
2813-06-06;;2813;Swivel nut swept elbow 45°;BSPP 60° Female swivel ends;45°;BSPP;3/8-19;wartelend;BSPP;3/8-19;wartelend;;;9
2813-08-08;;2813;Swivel nut swept elbow 45°;BSPP 60° Female swivel ends;45°;BSPP;1/2-14;wartelend;BSPP;1/2-14;wartelend;;;9
2813-12-12;;2813;Swivel nut swept elbow 45°;BSPP 60° Female swivel ends;45°;BSPP;3/4-14;wartelend;BSPP;3/4-14;wartelend;;;9
2813-16-16;;2813;Swivel nut swept elbow 45°;BSPP 60° Female swivel ends;45°;BSPP;1-11;wartelend;BSPP;1-11;wartelend;;;9
2813-20-20;;2813;Swivel nut swept elbow 45°;BSPP 60° Female swivel ends;45°;BSPP;1 1/4-11;wartelend;BSPP;1 1/4-11;wartelend;;;9
2813-24-24;;2813;Swivel nut swept elbow 45°;BSPP 60° Female swivel ends;45°;BSPP;1 1/2-11;wartelend;BSPP;1 1/2-11;wartelend;;;9
2813-32-32;;2813;Swivel nut swept elbow 45°;BSPP 60° Female swivel ends;45°;BSPP;2-11;wartelend;BSPP;2-11;wartelend;;;9
2843-02-02;;2843;Swivel nut swept elbow 45°;BSPP 60° cone end / BSPP 60° Female swivel end;45°;BSPP;1/8-28;buiten;BSPP;1/8-28;wartelend;;;14
2843-04-04;;2843;Swivel nut swept elbow 45°;BSPP 60° cone end / BSPP 60° Female swivel end;45°;BSPP;1/4-19;buiten;BSPP;1/4-19;wartelend;;;14
2843-06-06;;2843;Swivel nut swept elbow 45°;BSPP 60° cone end / BSPP 60° Female swivel end;45°;BSPP;3/8-19;buiten;BSPP;3/8-19;wartelend;;;14
2843-08-08;;2843;Swivel nut swept elbow 45°;BSPP 60° cone end / BSPP 60° Female swivel end;45°;BSPP;1/2-14;buiten;BSPP;1/2-14;wartelend;;;14
2843-10-10;;2843;Swivel nut swept elbow 45°;BSPP 60° cone end / BSPP 60° Female swivel end;45°;BSPP;5/8-14;buiten;BSPP;5/8-14;wartelend;;;14
2843-12-12;;2843;Swivel nut swept elbow 45°;BSPP 60° cone end / BSPP 60° Female swivel end;45°;BSPP;3/4-14;buiten;BSPP;3/4-14;wartelend;;;14
2843-16-16;;2843;Swivel nut swept elbow 45°;BSPP 60° cone end / BSPP 60° Female swivel end;45°;BSPP;1-11;buiten;BSPP;1-11;wartelend;;;14
2843-20-20;;2843;Swivel nut swept elbow 45°;BSPP 60° cone end / BSPP 60° Female swivel end;45°;BSPP;1 1/4-11;buiten;BSPP;1 1/4-11;wartelend;;;14
2843-24-24;;2843;Swivel nut swept elbow 45°;BSPP 60° cone end / BSPP 60° Female swivel end;45°;BSPP;1 1/2-11;buiten;BSPP;1 1/2-11;wartelend;;;14
2843-32-32;;2843;Swivel nut swept elbow 45°;BSPP 60° cone end / BSPP 60° Female swivel end;45°;BSPP;2-11;buiten;BSPP;2-11;wartelend;;;14
2913-02-02;;2913;Swivel nut swept elbow 90°;BSPP 60° Female swivel ends;haaks;BSPP;1/8-28;wartelend;BSPP;1/8-28;wartelend;;;9
2913-04-04;;2913;Swivel nut swept elbow 90°;BSPP 60° Female swivel ends;haaks;BSPP;1/4-19;wartelend;BSPP;1/4-19;wartelend;;;9
2913-06-06;;2913;Swivel nut swept elbow 90°;BSPP 60° Female swivel ends;haaks;BSPP;3/8-19;wartelend;BSPP;3/8-19;wartelend;;;9
2913-08-08;;2913;Swivel nut swept elbow 90°;BSPP 60° Female swivel ends;haaks;BSPP;1/2-14;wartelend;BSPP;1/2-14;wartelend;;;9
2913-10-10;;2913;Swivel nut swept elbow 90°;BSPP 60° Female swivel ends;haaks;BSPP;5/8-14;wartelend;BSPP;5/8-14;wartelend;;;9
2913-12-12;;2913;Swivel nut swept elbow 90°;BSPP 60° Female swivel ends;haaks;BSPP;3/4-14;wartelend;BSPP;3/4-14;wartelend;;;9
2913-16-16;;2913;Swivel nut swept elbow 90°;BSPP 60° Female swivel ends;haaks;BSPP;1-11;wartelend;BSPP;1-11;wartelend;;;9
2913-20-20;;2913;Swivel nut swept elbow 90°;BSPP 60° Female swivel ends;haaks;BSPP;1 1/4-11;wartelend;BSPP;1 1/4-11;wartelend;;;9
2913-24-24;;2913;Swivel nut swept elbow 90°;BSPP 60° Female swivel ends;haaks;BSPP;1 1/2-11;wartelend;BSPP;1 1/2-11;wartelend;;;9
2913-32-32;;2913;Swivel nut swept elbow 90°;BSPP 60° Female swivel ends;haaks;BSPP;2-11;wartelend;BSPP;2-11;wartelend;;;9
2915-06-06;;2915;Swivel nut swept elbow 90°;ELBOW 90° SWEPT JIC MALE X JIC SWIVEL FEMALE;haaks;JIC;9/16-18;buiten;JIC;9/16-18;wartelend;;;
2915-16-16;;2915;Swivel nut swept elbow 90°;ELBOW 90° SWEPT JIC MALE X JIC SWIVEL FEMALE;haaks;JIC;1 5/16-12;buiten;JIC;1 5/16-12;wartelend;;;
2917-25-12;;2917;Swivel nut swept elbow 90°;ELBOW 90° SWEPT ADAPTER;haaks;;;;;;;;;
2917-25-16;;2917;Swivel nut swept elbow 90°;ELBOW 90° SWEPT ADAPTER;haaks;;;;;;;;;
2917-30-16;;2917;Swivel nut swept elbow 90°;ELBOW 90° SWEPT ADAPTER;haaks;;;;;;;;;
2917-35-20;;2917;Swivel nut swept elbow 90°;ELBOW 90° SWEPT ADAPTER;haaks;;;;;;;;;
2917-38-24;;2917;Swivel nut swept elbow 90°;ELBOW 90° SWEPT ADAPTER;haaks;;;;;;;;;
2918-25-12;;2918;Elbow 90°;ADAPTER 90 GR GEBOGEN;haaks;;;;;;;;;
2918-25-16;;2918;Elbow 90°;ADAPTER 90 GR GEBOGEN;haaks;;;;;;;;;
2918-30-12;2918-30-12;2918;Elbow 90°;ADAPTER 90 GR GEBOGEN - 2918-30-12;haaks;;;;;;;;;
2918-30-16;;2918;Elbow 90°;ADAPTER 90 GR GEBOGEN;haaks;;;;;;;;;
2918-38-20;;2918;Elbow 90°;ADAPTER 90 GR GEBOGEN;haaks;;;;;;;;;
2918-38-24;;2918;Elbow 90°;ADAPTER 90 GR GEBOGEN;haaks;;;;;;;;;
2943-02-02;;2943;Swivel nut swept elbow 90°;BSPP 60° cone end / BSPP 60° Female swivel end;haaks;BSPP;1/8-28;buiten;BSPP;1/8-28;wartelend;;;15
2943-04-04;;2943;Swivel nut swept elbow 90°;BSPP 60° cone end / BSPP 60° Female swivel end;haaks;BSPP;1/4-19;buiten;BSPP;1/4-19;wartelend;;;15
2943-06-06;;2943;Swivel nut swept elbow 90°;BSPP 60° cone end / BSPP 60° Female swivel end;haaks;BSPP;3/8-19;buiten;BSPP;3/8-19;wartelend;;;15
2943-08-08;;2943;Swivel nut swept elbow 90°;BSPP 60° cone end / BSPP 60° Female swivel end;haaks;BSPP;1/2-14;buiten;BSPP;1/2-14;wartelend;;;15
2943-10-10;;2943;Swivel nut swept elbow 90°;BSPP 60° cone end / BSPP 60° Female swivel end;haaks;BSPP;5/8-14;buiten;BSPP;5/8-14;wartelend;;;15
2943-12-12;;2943;Swivel nut swept elbow 90°;BSPP 60° cone end / BSPP 60° Female swivel end;haaks;BSPP;3/4-14;buiten;BSPP;3/4-14;wartelend;;;15
2943-16-16;;2943;Swivel nut swept elbow 90°;BSPP 60° cone end / BSPP 60° Female swivel end;haaks;BSPP;1-11;buiten;BSPP;1-11;wartelend;;;15
2943-20-20;;2943;Swivel nut swept elbow 90°;BSPP 60° cone end / BSPP 60° Female swivel end;haaks;BSPP;1 1/4-11;buiten;BSPP;1 1/4-11;wartelend;;;15
2943-24-24;;2943;Swivel nut swept elbow 90°;BSPP 60° cone end / BSPP 60° Female swivel end;haaks;BSPP;1 1/2-11;buiten;BSPP;1 1/2-11;wartelend;;;15
2943-32-32;;2943;Swivel nut swept elbow 90°;BSPP 60° cone end / BSPP 60° Female swivel end;haaks;BSPP;2-11;buiten;BSPP;2-11;wartelend;;;15
2995-18-06;;2995;Swivel nut swept elbow 90°;ELBOW 90° SWEPT METRIC MALE X METRIC FEMALE SWIVEL;haaks;Metric;M 18×1.5;buiten;Metric;;wartelend;;;
2995-22-08;;2995;Swivel nut swept elbow 90°;ELBOW 90° SWEPT METRIC MALE X METRIC FEMALE SWIVEL;haaks;Metric;M 22×1.5;buiten;Metric;;wartelend;;;
2995-28-16;;2995;Swivel nut swept elbow 90°;ELBOW 90° SWEPT METRIC MALE X METRIC FEMALE SWIVEL;haaks;Metric;;buiten;Metric;M 16×1.5;wartelend;;;
2996-30-10;;2996;Swivel nut swept elbow 90°;ELBOW 90° SWEPT METRIC MALE X METRIC FEMALE SWIVEL;haaks;Metric;;buiten;Metric;M 10×1.0;wartelend;;;
2996-36-12;;2996;Swivel nut swept elbow 90°;ELBOW 90° SWEPT METRIC MALE X METRIC FEMALE SWIVEL;haaks;Metric;;buiten;Metric;M 12×1.5;wartelend;;;
2996-42-16;;2996;Swivel nut swept elbow 90°;ELBOW 90° SWEPT METRIC MALE X METRIC FEMALE SWIVEL;haaks;Metric;M 42×2.0;buiten;Metric;M 16×1.5;wartelend;;;
7115-04;4FNMLS;7115;Cap;O-Lok® ORFS blanking cap;n.v.t.;ORFS;9/16-18;binnen;;;;;;111
7115-06;6FNMLS;7115;Cap;O-Lok® ORFS blanking cap;n.v.t.;ORFS;11/16-16;binnen;;;;;;111
7115-08;8FNMLS;7115;Cap;O-Lok® ORFS blanking cap;n.v.t.;ORFS;13/16-16;binnen;;;;;;111
7115-10;10FNMLS;7115;Cap;O-Lok® ORFS blanking cap;n.v.t.;ORFS;1-14;binnen;;;;;;111
7115-12;12FNMLS;7115;Cap;O-Lok® ORFS blanking cap;n.v.t.;ORFS;1 3/16-12;binnen;;;;;;111
7115-16;16FNMLS;7115;Cap;O-Lok® ORFS blanking cap;n.v.t.;ORFS;1 7/16-12;binnen;;;;;;111
7115-20;20 FNL-S;7115;Cap;O-Lok® ORFS blanking cap;n.v.t.;ORFS;1 11/16-12;binnen;;;;;;111
7115-24;24 FNL-S;7115;Cap;O-Lok® ORFS blanking cap;n.v.t.;ORFS;2-12;binnen;;;;;;111
7115-32;32 FNL-S;7115;Cap;O-Lok® ORFS blanking cap;n.v.t.;ORFS;2 1/2-12;binnen;;;;;;111
7120-04;4 PNLO-S;7120;Plug;O-Lok® ORFS blanking plug;n.v.t.;ORFS;9/16-18;buiten;;;;6;1/4;111
7120-06;6PNMLOS;7120;Plug;O-Lok® ORFS blanking plug;n.v.t.;ORFS;11/16-16;buiten;;;;8, 10;3/8;111
7120-08;8PNMLOS;7120;Plug;O-Lok® ORFS blanking plug;n.v.t.;ORFS;13/16-16;buiten;;;;12;1/2;111
7120-10;10 PNLO-S;7120;Plug;O-Lok® ORFS blanking plug;n.v.t.;ORFS;1-14;buiten;;;;14, 15, 16;5/8;111
7120-12;12 PNLO-S;7120;Plug;O-Lok® ORFS blanking plug;n.v.t.;ORFS;1 3/16-12;buiten;;;;18, 20;3/4;111
7120-16;16 PNLO-S;7120;Plug;O-Lok® ORFS blanking plug;n.v.t.;ORFS;1 7/16-12;buiten;;;;22, 25;1;111
7120-20;20 PNLO-S;7120;Plug;O-Lok® ORFS blanking plug;n.v.t.;ORFS;1 11/16-12;buiten;;;;28, 30, 32;1 1/4;111
7120-24;24 PNLO-S;7120;Plug;O-Lok® ORFS blanking plug;n.v.t.;ORFS;2-12;buiten;;;;35, 38;1 1/2;111
7120-32;32 PNLO-S;7120;Plug;O-Lok® ORFS blanking plug;n.v.t.;ORFS;2 1/2-12;buiten;;;;50;2;111
10 BL-S;10 BL-S;7140;Nut;O-Lok NUT;n.v.t.;ORFS;1-14;wartelend;;;;;5/8;
12 BL-S;12 BL-S;7140;Nut;O-Lok NUT;n.v.t.;ORFS;1 3/16-12;wartelend;;;;;3/4;
16 BL S;16 BL S;7140;Nut;O-Lok NUT;n.v.t.;ORFS;1 7/16-12;wartelend;;;;;1;
16 BL-S;16 BL-S;7140;Nut;O-Lok NUT;n.v.t.;ORFS;1 7/16-12;wartelend;;;;;1;
20 BL-S;20 BL-S;7140;Nut;O-Lok NUT;n.v.t.;ORFS;1 11/16-12;wartelend;;;;;1 1/4;
24 BL-S;24 BL-S;7140;Nut;O-Lok NUT;n.v.t.;ORFS;2-12;wartelend;;;;;1 1/2;
32 BL-S;32 BL-S;7140;Nut;O-Lok NUT;n.v.t.;ORFS;2 1/2-12;wartelend;;;;;2;
6 BL-S;6 BL-S;7140;Nut;O-Lok NUT;n.v.t.;ORFS;11/16-16;wartelend;;;;;3/8;
7140-04;4BMLS;7140;Nut;O-Lok NUT;n.v.t.;ORFS;9/16-18;wartelend;;;;;;85
7140-06;6BMLS;7140;Nut;O-Lok NUT;n.v.t.;ORFS;11/16-16;wartelend;;;;;;85
7140-08;8BMLS;7140;Nut;O-Lok NUT;n.v.t.;ORFS;13/16-16;wartelend;;;;;;85
7140-10;10BMLS;7140;Nut;O-Lok NUT;n.v.t.;ORFS;1-14;wartelend;;;;;;85
7140-12;12BMLS;7140;Nut;O-Lok NUT;n.v.t.;ORFS;1 3/16-12;wartelend;;;;;;85
7140-16;16BMLS;7140;Nut;O-Lok NUT;n.v.t.;ORFS;1 7/16-12;wartelend;;;;;;85
7140-20;20BMLS;7140;Nut;O-Lok NUT;n.v.t.;ORFS;1 11/16-12;wartelend;;;;;;85
7140-24;24BMLS;7140;Nut;O-Lok NUT;n.v.t.;ORFS;2-12;wartelend;;;;;;85
8 BL-S;8 BL-S;7140;Nut;O-Lok NUT;n.v.t.;ORFS;13/16-16;wartelend;;;;;1/2;
7180-08;TPLS8;7180;Support sleeve;O-LOK SLEEVE METRIC TUBING;n.v.t.;;;;;;;8;;
7180-35;TPLS35;7180;Support sleeve;O-LOK SLEEVE METRIC TUBING;n.v.t.;;;;;;;35;;
TPLS10;TPLS10;7180;Support sleeve;O-LOK SLEEVE METRIC TUBING;n.v.t.;;;;;;;10;;
TPLS12;TPLS12;7180;Support sleeve;O-LOK SLEEVE METRIC TUBING;n.v.t.;;;;;;;12;;
TPLS16;TPLS16;7180;Support sleeve;O-LOK SLEEVE METRIC TUBING;n.v.t.;;;;;;;16;;
TPLS20;TPLS20;7180;Support sleeve;O-LOK SLEEVE METRIC TUBING;n.v.t.;;;;;;;20;;
TPLS25;TPLS25;7180;Support sleeve;O-LOK SLEEVE METRIC TUBING;n.v.t.;;;;;;;25;;
TPLS30;TPLS30;7180;Support sleeve;O-LOK SLEEVE METRIC TUBING;n.v.t.;;;;;;;30;;
TPLS32;TPLS32;7180;Support sleeve;O-LOK SLEEVE METRIC TUBING;n.v.t.;;;;;;;32;;
TPLS38;TPLS38;7180;Support sleeve;O-LOK SLEEVE METRIC TUBING;n.v.t.;;;;;;;38;;
TPLS6;TPLS6;7180;Support sleeve;O-LOK SLEEVE METRIC TUBING;n.v.t.;;;;;;;6;;
10 LOHX6-S;10 LOHX6-S;7215;Swivel male stud;VERL NIPPEL ORFS MALE / ORFS FEMALE SWIVEL;recht;UN/UNF;1-14;buiten;UN/UNF;1-14;wartelend;;5/8;
7215-04-04;4 LOHX6-S;7215;Swivel male stud;VERL NIPPEL ORFS MALE / ORFS FEMALE SWIVEL;recht;JIC;7/16-20;wartelend;UN/UNF;9/16-18;buiten;;1/4;
7215-06-06;6 LOHX6-S;7215;Swivel male stud;VERL NIPPEL ORFS MALE / ORFS FEMALE SWIVEL;recht;JIC;9/16-18;wartelend;UN/UNF;11/16-16;buiten;;3/8;
7215-08-08;8 LOHX6-S;7215;Swivel male stud;VERL NIPPEL ORFS MALE / ORFS FEMALE SWIVEL;recht;JIC;3/4-16;wartelend;UN/UNF;13/16-16;buiten;;1/2;
20 HL6-S;20 HL6-S;7217;Swivel nut union;O-Lok® ORFS female swivel ends;recht;ORFS;1 11/16-12;wartelend;ORFS;1 11/16-12;wartelend;;;94
7217-04-04;4 HL6-S;7217;Swivel nut union;O-Lok® ORFS female swivel ends;recht;ORFS;9/16-18;wartelend;ORFS;9/16-18;wartelend;6;1/4;94
7217-06-06;6 HL6-S;7217;Swivel nut union;O-Lok® ORFS female swivel ends;recht;ORFS;11/16-16;wartelend;ORFS;11/16-16;wartelend;8, 10;5/16, 3/8;94
7217-08-08;8 HL6-S;7217;Swivel nut union;O-Lok® ORFS female swivel ends;recht;ORFS;13/16-16;wartelend;ORFS;13/16-16;wartelend;12;1/2;94
7217-10-10;10 HL6-S;7217;Swivel nut union;O-Lok® ORFS female swivel ends;recht;ORFS;1-14;wartelend;ORFS;1-14;wartelend;14, 15, 16;5/8;94
7217-12-12;12 HL6-S;7217;Swivel nut union;O-Lok® ORFS female swivel ends;recht;ORFS;1 3/16-12;wartelend;ORFS;1 3/16-12;wartelend;18, 20;3/4;94
7217-16-16;16 HL6-S;7217;Swivel nut union;O-Lok® ORFS female swivel ends;recht;ORFS;1 7/16-12;wartelend;ORFS;1 7/16-12;wartelend;22, 25;1;94
7217-20-20;;7217;Swivel nut union;O-Lok® ORFS female swivel ends;recht;ORFS;1 11/16-12;wartelend;ORFS;1 11/16-12;wartelend;28, 30, 32;1 1/4;94
7222-04-04;4HMLOS;7222;Union;O-Lok® ORFS tube ends;recht;ORFS;9/16-18;buiten;ORFS;9/16-18;buiten;6 6;1/4 1/4;86
7222-04-06;6-4HMLOS;7222;Union;O-Lok® ORFS tube ends;recht;ORFS;11/16-16;buiten;ORFS;9/16-18;buiten;10 6;3/8 1/4;86
7222-06-04;6-4HMLOS;7222;Union;O-Lok® ORFS tube ends;recht;ORFS;11/16-16;buiten;ORFS;9/16-18;buiten;8, 10;;86
7222-06-06;6HMLOS;7222;Union;O-Lok® ORFS tube ends;recht;ORFS;11/16-16;buiten;ORFS;11/16-16;buiten;8, 10 8, 10;5/16, 3/8 5/16, 3/8;86
7222-06-08;8-6 HLO-S;7222;Union;O-Lok® ORFS tube ends;recht;ORFS;13/16-16;buiten;ORFS;11/16-16;buiten;12 10;1/2 3/8;86
7222-06-10;10-6HMLOS;7222;Union;O-Lok® ORFS tube ends;recht;ORFS;1-14;buiten;ORFS;11/16-16;buiten;14, 15, 16 10;5/8 3/8;86
7222-08-08;8HMLOS;7222;Union;O-Lok® ORFS tube ends;recht;ORFS;13/16-16;buiten;ORFS;13/16-16;buiten;12 12;1/2 1/2;86
7222-08-10;10-8 HLO-S;7222;Union;O-Lok® ORFS tube ends;recht;ORFS;1-14;buiten;ORFS;13/16-16;buiten;16 12;5/8 1/2;86
7222-08-12;12-8HMLOS;7222;Union;O-Lok® ORFS tube ends;recht;ORFS;1 3/16-12;buiten;ORFS;13/16-16;buiten;18, 20 12;3/4 1/2;86
7222-10-10;10HMLOS;7222;Union;O-Lok® ORFS tube ends;recht;ORFS;1-14;buiten;ORFS;1-14;buiten;14, 15, 16 14, 15, 16;5/8 5/8;86
7222-10-12;12-10HMLOS;7222;Union;O-Lok® ORFS tube ends;recht;ORFS;1 3/16-12;buiten;ORFS;1-14;buiten;20 16;3/4 5/8;86
7222-12-08;12-8 HLO-S;7222;Union;O-Lok® ORFS tube ends;recht;ORFS;1 3/16-12;buiten;ORFS;13/16-16;buiten;18, 20;3/4;86
7222-12-10;12-10 HLO-S;7222;Union;O-Lok® ORFS tube ends;recht;ORFS;1 3/16-12;buiten;ORFS;1-14;buiten;18, 20;3/4;86
7222-12-12;12HMLOS;7222;Union;O-Lok® ORFS tube ends;recht;ORFS;1 3/16-12;buiten;ORFS;1 3/16-12;buiten;18, 20 18, 20;3/4 3/4;86
7222-12-16;16-12HMLOS;7222;Union;O-Lok® ORFS tube ends;recht;ORFS;1 7/16-12;buiten;ORFS;1 3/16-12;buiten;25 18, 20;1 3/4;86
7222-16-16;16HMLOS;7222;Union;O-Lok® ORFS tube ends;recht;ORFS;1 7/16-12;buiten;ORFS;1 7/16-12;buiten;22, 25 22, 25;1 1;86
7222-16-20;20-16HMLOS;7222;Union;O-Lok® ORFS tube ends;recht;ORFS;1 11/16-12;buiten;ORFS;1 7/16-12;buiten;28, 30, 32 22, 25;1 1/4 1;86
7222-20-20;20 HLO-S;7222;Union;O-Lok® ORFS tube ends;recht;ORFS;1 11/16-12;buiten;ORFS;1 11/16-12;buiten;28, 30, 32 28, 30, 32;1 1/4 1 1/4;86
7222-20-24;24-20HMLOS;7222;Union;O-Lok® ORFS tube ends;recht;ORFS;2-12;buiten;ORFS;1 11/16-12;buiten;35, 38 28, 30, 32;1 1/2 1 1/4;86
7222-24-24;24 HLO-S;7222;Union;O-Lok® ORFS tube ends;recht;ORFS;2-12;buiten;ORFS;2-12;buiten;35, 38 35, 38;1 1/2 1 1/2;86
7222-32-32;32 HLO-S;7222;Union;O-Lok® ORFS tube ends;recht;ORFS;2 1/2-12;buiten;ORFS;2 1/2-12;buiten;50 50;2 2;86
6-10 F5OLO-S;6-10 F5OLO-S;7223;Male stud connector;O-Lok® ORFS tube end / Male UN/UNF thread – O-ring;recht;UN/UNF;11/16-16;buiten;UN/UNF;7/8-14;buiten;;3/8;
7223-04-04;4F5OMLOS;7223;Male stud connector;O-Lok® ORFS tube end / Male UN/UNF thread – O-ring;recht;ORFS;9/16-18;buiten;UN/UNF;7/16-20;buiten;6;1/4;95
7223-04-05;4-5 F5OLO-S;7223;Male stud connector;O-Lok® ORFS tube end / Male UN/UNF thread – O-ring;recht;ORFS;9/16-18;buiten;UN/UNF;1/2-20;buiten;6;1/4;95
7223-04-06;4-6F5OMLOS;7223;Male stud connector;O-Lok® ORFS tube end / Male UN/UNF thread – O-ring;recht;ORFS;9/16-18;buiten;UN/UNF;9/16-18;buiten;6;1/4;95
7223-04-08;4-8 F5OLO-S;7223;Male stud connector;O-Lok® ORFS tube end / Male UN/UNF thread – O-ring;recht;ORFS;9/16-18;buiten;UN/UNF;3/4-16;buiten;6;1/4;95
7223-04-10;;7223;Male stud connector;O-Lok® ORFS tube end / Male UN/UNF thread – O-ring;recht;ORFS;9/16-18;buiten;UN/UNF;7/8-14;buiten;6;1/4;95
7223-06-04;6-4F5OMLOS;7223;Male stud connector;O-Lok® ORFS tube end / Male UN/UNF thread – O-ring;recht;ORFS;11/16-16;buiten;UN/UNF;7/16-20;buiten;8, 10;5/16, 3/8;95
7223-06-05;6-5 F5OLO-S;7223;Male stud connector;O-Lok® ORFS tube end / Male UN/UNF thread – O-ring;recht;ORFS;11/16-16;buiten;UN/UNF;1/2-20;buiten;8, 10;5/16, 3/8;95
7223-06-06;6F5OMLOS;7223;Male stud connector;O-Lok® ORFS tube end / Male UN/UNF thread – O-ring;recht;ORFS;11/16-16;buiten;UN/UNF;9/16-18;buiten;8, 10;5/16, 3/8;95
7223-06-08;6-8F5OMLOS;7223;Male stud connector;O-Lok® ORFS tube end / Male UN/UNF thread – O-ring;recht;ORFS;11/16-16;buiten;UN/UNF;3/4-16;buiten;8, 10;5/16, 3/8;95
7223-06-10;6-10F5OMLOS;7223;Male stud connector;O-Lok® ORFS tube end / Male UN/UNF thread – O-ring;recht;ORFS;11/16-16;buiten;UN/UNF;7/8-14;buiten;8, 10;5/16, 3/8;95
7223-08-04;8-4 F5OLO-S;7223;Male stud connector;O-Lok® ORFS tube end / Male UN/UNF thread – O-ring;recht;ORFS;13/16-16;buiten;UN/UNF;7/16-20;buiten;12;1/2;95
7223-08-06;8-6F5OMLOS;7223;Male stud connector;O-Lok® ORFS tube end / Male UN/UNF thread – O-ring;recht;ORFS;13/16-16;buiten;UN/UNF;9/16-18;buiten;12;1/2;95
7223-08-08;8F5OMLOS;7223;Male stud connector;O-Lok® ORFS tube end / Male UN/UNF thread – O-ring;recht;ORFS;13/16-16;buiten;UN/UNF;3/4-16;buiten;12;1/2;95
7223-08-10;8-10F5OMLOS;7223;Male stud connector;O-Lok® ORFS tube end / Male UN/UNF thread – O-ring;recht;ORFS;13/16-16;buiten;UN/UNF;7/8-14;buiten;12;1/2;95
7223-08-12;8-12F5OMLOS;7223;Male stud connector;O-Lok® ORFS tube end / Male UN/UNF thread – O-ring;recht;ORFS;13/16-16;buiten;UN/UNF;1 1/16-12;buiten;12;1/2;95
7223-08-16;8-16F5OMLOS;7223;Male stud connector;O-Lok® ORFS tube end / Male UN/UNF thread – O-ring;recht;ORFS;13/16-16;buiten;UN/UNF;1 5/16-12;buiten;12;1/2;95
7223-10-06;10-6 F5OLO-S;7223;Male stud connector;O-Lok® ORFS tube end / Male UN/UNF thread – O-ring;recht;ORFS;1-14;buiten;UN/UNF;9/16-18;buiten;14, 15, 16;5/8;95
7223-10-08;10-8F5OMLOS;7223;Male stud connector;O-Lok® ORFS tube end / Male UN/UNF thread – O-ring;recht;ORFS;1-14;buiten;UN/UNF;3/4-16;buiten;14, 15, 16;5/8;95
7223-10-10;10F5OMLOS;7223;Male stud connector;O-Lok® ORFS tube end / Male UN/UNF thread – O-ring;recht;ORFS;1-14;buiten;UN/UNF;7/8-14;buiten;14, 15, 16;5/8;95
7223-10-12;10-12F5OMLOS;7223;Male stud connector;O-Lok® ORFS tube end / Male UN/UNF thread – O-ring;recht;ORFS;1-14;buiten;UN/UNF;1 1/16-12;buiten;14, 15, 16;5/8;95
7223-12-08;12-8 F5OLO-S;7223;Male stud connector;O-Lok® ORFS tube end / Male UN/UNF thread – O-ring;recht;ORFS;1 3/16-12;buiten;UN/UNF;3/4-16;buiten;18, 20;3/4;95
7223-12-10;12-10F5OMLOS;7223;Male stud connector;O-Lok® ORFS tube end / Male UN/UNF thread – O-ring;recht;ORFS;1 3/16-12;buiten;UN/UNF;7/8-14;buiten;18, 20;3/4;95
7223-12-12;12F5OMLOS;7223;Male stud connector;O-Lok® ORFS tube end / Male UN/UNF thread – O-ring;recht;ORFS;1 3/16-12;buiten;UN/UNF;1 1/16-12;buiten;18, 20;3/4;95
7223-12-16;12-16F5OMLOS;7223;Male stud connector;O-Lok® ORFS tube end / Male UN/UNF thread – O-ring;recht;ORFS;1 3/16-12;buiten;UN/UNF;1 5/16-12;buiten;18, 20;3/4;95
7223-12-20;12-20F5OMLOS;7223;Male stud connector;O-Lok® ORFS tube end / Male UN/UNF thread – O-ring;recht;ORFS;1 3/16-12;buiten;UN/UNF;1 5/8-12;buiten;18, 20;3/4;95
7223-16-12;16-12 F5OLO-S;7223;Male stud connector;O-Lok® ORFS tube end / Male UN/UNF thread – O-ring;recht;ORFS;1 7/16-12;buiten;UN/UNF;1 1/16-12;buiten;22, 25;1;95
7223-16-14;16-14F5OMLOS;7223;Male stud connector;O-Lok® ORFS tube end / Male UN/UNF thread – O-ring;recht;ORFS;1 7/16-12;buiten;UN/UNF;1 3/16-12;buiten;22, 25;1;95
7223-16-16;16 F5OLO-S;7223;Male stud connector;O-Lok® ORFS tube end / Male UN/UNF thread – O-ring;recht;ORFS;1 7/16-12;buiten;UN/UNF;1 5/16-12;buiten;22, 25;1;95
7223-16-20;16-20 F5OLO-S;7223;Male stud connector;O-Lok® ORFS tube end / Male UN/UNF thread – O-ring;recht;ORFS;1 7/16-12;buiten;UN/UNF;1 5/8-12;buiten;22, 25;1;95
7223-20-16;20-16 F5OLO-S;7223;Male stud connector;O-Lok® ORFS tube end / Male UN/UNF thread – O-ring;recht;ORFS;1 11/16-12;buiten;UN/UNF;1 5/16-12;buiten;28, 30, 32;1 1/4;95
7223-20-20;20F5OMLOS;7223;Male stud connector;O-Lok® ORFS tube end / Male UN/UNF thread – O-ring;recht;ORFS;1 11/16-12;buiten;UN/UNF;1 5/8-12;buiten;28, 30, 32;1 1/4;95
7223-20-24;20-24 F5OLO-S;7223;Male stud connector;O-Lok® ORFS tube end / Male UN/UNF thread – O-ring;recht;ORFS;1 11/16-12;buiten;UN/UNF;1 7/8-12;buiten;28, 30, 32;1 1/4;95
7223-24-20;24-20 F5OLO-S;7223;Male stud connector;O-Lok® ORFS tube end / Male UN/UNF thread – O-ring;recht;ORFS;2-12;buiten;UN/UNF;1 5/8-12;buiten;35, 38;1 1/2;95
7223-24-24;24 F5OLO-S;7223;Male stud connector;O-Lok® ORFS tube end / Male UN/UNF thread – O-ring;recht;ORFS;2-12;buiten;UN/UNF;1 7/8-12;buiten;35, 38;1 1/2;95
7223-32-32;32 F5OLO-S;7223;Male stud connector;O-Lok® ORFS tube end / Male UN/UNF thread – O-ring;recht;ORFS;2 1/2-12;buiten;UN/UNF;2 1/2-12;buiten;50;2;95
7224-04-02;4F42EDMLOS;7224;Male stud connector;O-Lok® ORFS tube end / Male BSPP thread – ED seal;recht;ORFS;9/16-18;buiten;BSPP;1/8-28;buiten;6;1/4;96
7224-04-04;4-4F42EDMLOS;7224;Male stud connector;O-Lok® ORFS tube end / Male BSPP thread – ED seal;recht;ORFS;9/16-18;buiten;BSPP;1/4-19;buiten;6;1/4;96
7224-04-06;4-6F42EDMLOS;7224;Male stud connector;O-Lok® ORFS tube end / Male BSPP thread – ED seal;recht;ORFS;9/16-18;buiten;BSPP;3/8-19;buiten;6;1/4;96
7224-06-02;6-2F42EDMLOS;7224;Male stud connector;O-Lok® ORFS tube end / Male BSPP thread – ED seal;recht;ORFS;11/16-16;buiten;BSPP;1/8-28;buiten;8, 10;5/16, 3/8;96
7224-06-04;6F42EDMLOS;7224;Male stud connector;O-Lok® ORFS tube end / Male BSPP thread – ED seal;recht;ORFS;11/16-16;buiten;BSPP;1/4-19;buiten;8, 10;5/16, 3/8;96
7224-06-06;6-6F42EDMLOS;7224;Male stud connector;O-Lok® ORFS tube end / Male BSPP thread – ED seal;recht;ORFS;11/16-16;buiten;BSPP;3/8-19;buiten;8, 10;5/16, 3/8;96
7224-06-08;6-8F42EDMLOS;7224;Male stud connector;O-Lok® ORFS tube end / Male BSPP thread – ED seal;recht;ORFS;11/16-16;buiten;BSPP;1/2-14;buiten;8, 10;5/16, 3/8;96
7224-06-12;6-12F42EDMLOS;7224;Male stud connector;O-Lok® ORFS tube end / Male BSPP thread – ED seal;recht;ORFS;11/16-16;buiten;BSPP;3/4-14;buiten;8, 10;5/16, 3/8;96
7224-08-04;8-4F42EDMLOS;7224;Male stud connector;O-Lok® ORFS tube end / Male BSPP thread – ED seal;recht;ORFS;13/16-16;buiten;BSPP;1/4-19;buiten;12;1/2;96
7224-08-06;4-8F42EDMLOS;7224;Male stud connector;O-Lok® ORFS tube end / Male BSPP thread – ED seal;recht;ORFS;9/16-18;buiten;BSPP;1/2-14;buiten;6;1/4;96
7224-08-06;8F42EDMLOS;7224;Male stud connector;O-Lok® ORFS tube end / Male BSPP thread – ED seal;recht;ORFS;13/16-16;buiten;BSPP;3/8-19;buiten;12;1/2;96
7224-08-08;8-8F42EDMLOS;7224;Male stud connector;O-Lok® ORFS tube end / Male BSPP thread – ED seal;recht;ORFS;13/16-16;buiten;BSPP;1/2-14;buiten;12;1/2;96
7224-08-12;8-12F42EDMLOS;7224;Male stud connector;O-Lok® ORFS tube end / Male BSPP thread – ED seal;recht;ORFS;13/16-16;buiten;BSPP;3/4-14;buiten;12;1/2;96
7224-10-06;10-6F42EDMLOS;7224;Male stud connector;O-Lok® ORFS tube end / Male BSPP thread – ED seal;recht;ORFS;1-14;buiten;BSPP;3/8-19;buiten;14, 15, 16;5/8;96
7224-10-08;10F42EDMLOS;7224;Male stud connector;O-Lok® ORFS tube end / Male BSPP thread – ED seal;recht;ORFS;1-14;buiten;BSPP;1/2-14;buiten;14, 15, 16;5/8;96
7224-10-12;10-12F42EDMLOS;7224;Male stud connector;O-Lok® ORFS tube end / Male BSPP thread – ED seal;recht;ORFS;1-14;buiten;BSPP;3/4-14;buiten;14, 15, 16;5/8;96
7224-10-16;10-16F42EDMLOS;7224;Male stud connector;O-Lok® ORFS tube end / Male BSPP thread – ED seal;recht;ORFS;1-14;buiten;BSPP;1-11;buiten;14, 15, 16;5/8;96
7224-12-08;12-8F42EDMLOS;7224;Male stud connector;O-Lok® ORFS tube end / Male BSPP thread – ED seal;recht;ORFS;1 3/16-12;buiten;BSPP;1/2-14;buiten;18, 20;3/4;96
7224-12-12;12F42EDMLOS;7224;Male stud connector;O-Lok® ORFS tube end / Male BSPP thread – ED seal;recht;ORFS;1 3/16-12;buiten;BSPP;3/4-14;buiten;18, 20;3/4;96
7224-12-16;12-16F42EDMLOS;7224;Male stud connector;O-Lok® ORFS tube end / Male BSPP thread – ED seal;recht;ORFS;1 3/16-12;buiten;BSPP;1-11;buiten;18, 20;3/4;96
7224-12-20;12-20F42EDMLOS;7224;Male stud connector;O-Lok® ORFS tube end / Male BSPP thread – ED seal;recht;ORFS;1 3/16-12;buiten;BSPP;1 1/4-11;buiten;18, 20;3/4;96
7224-16-08;16-8F42EDMLOS;7224;Male stud connector;O-Lok® ORFS tube end / Male BSPP thread – ED seal;recht;ORFS;1 7/16-12;buiten;BSPP;1/2-14;buiten;22, 25;1;96
7224-16-12;16-12F42EDMLOS;7224;Male stud connector;O-Lok® ORFS tube end / Male BSPP thread – ED seal;recht;ORFS;1 7/16-12;buiten;BSPP;3/4-14;buiten;22, 25;1;96
7224-16-16;16F42EDMLOS;7224;Male stud connector;O-Lok® ORFS tube end / Male BSPP thread – ED seal;recht;ORFS;1 7/16-12;buiten;BSPP;1-11;buiten;22, 25;1;96
7224-16-20;16-20F42EDMLOS;7224;Male stud connector;O-Lok® ORFS tube end / Male BSPP thread – ED seal;recht;ORFS;1 7/16-12;buiten;BSPP;1 1/4-11;buiten;22, 25;1;96
7224-16-24;16-24F42EDMLOS;7224;Male stud connector;O-Lok® ORFS tube end / Male BSPP thread – ED seal;recht;ORFS;1 7/16-12;buiten;BSPP;1 1/2-11;buiten;22, 25;1;96
7224-20-12;20-12F42EDMLOS;7224;Male stud connector;O-Lok® ORFS tube end / Male BSPP thread – ED seal;recht;ORFS;1 11/16-12;buiten;BSPP;3/4-14;buiten;28, 30, 32;1 1/4;96
7224-20-16;20-16F42EDMLOS;7224;Male stud connector;O-Lok® ORFS tube end / Male BSPP thread – ED seal;recht;ORFS;1 11/16-12;buiten;BSPP;1-11;buiten;28, 30, 32;1 1/4;96
7224-20-20;20F42EDMLOS;7224;Male stud connector;O-Lok® ORFS tube end / Male BSPP thread – ED seal;recht;ORFS;1 11/16-12;buiten;BSPP;1 1/4-11;buiten;28, 30, 32;1 1/4;96
7224-20-24;20-24F42EDMLOS;7224;Male stud connector;O-Lok® ORFS tube end / Male BSPP thread – ED seal;recht;ORFS;1 11/16-12;buiten;BSPP;1 1/2-11;buiten;28, 30, 32;1 1/4;96
7224-24-16;24-16F42EDMLOS;7224;Male stud connector;O-Lok® ORFS tube end / Male BSPP thread – ED seal;recht;ORFS;2-12;buiten;BSPP;1-11;buiten;35, 38;1 1/2;96
7224-24-20;24-20F42EDMLOS;7224;Male stud connector;O-Lok® ORFS tube end / Male BSPP thread – ED seal;recht;ORFS;2-12;buiten;BSPP;1 1/4-11;buiten;35, 38;1 1/2;96
7224-24-24;24F42EDMLOS;7224;Male stud connector;O-Lok® ORFS tube end / Male BSPP thread – ED seal;recht;ORFS;2-12;buiten;BSPP;1 1/2-11;buiten;35, 38;1 1/2;96
7225-02-04;4 FLO-S;7225;Male stud connector;O-Lok® ORFS tube end / Male NPTF thread;recht;NPT/NPTF;1/8-27;buiten;ORFS;9/16-18;buiten;6;1/4;97
7225-04-04;4-4 FLO-S;7225;Male stud connector;O-Lok® ORFS tube end / Male NPTF thread;recht;NPT/NPTF;1/4-18;buiten;ORFS;9/16-18;buiten;6;1/4;97
7225-04-06;6 FLO-S;7225;Male stud connector;O-Lok® ORFS tube end / Male NPTF thread;recht;NPT/NPTF;1/4-18;buiten;ORFS;11/16-16;buiten;8, 10;5/16, 3/8;97
7225-06-04;4-6 FLO-S;7225;Male stud connector;O-Lok® ORFS tube end / Male NPTF thread;recht;NPT/NPTF;3/8-18;buiten;ORFS;9/16-18;buiten;6;1/4;97
7225-06-06;6-6 FLO-S;7225;Male stud connector;O-Lok® ORFS tube end / Male NPTF thread;recht;NPT/NPTF;3/8-18;buiten;ORFS;11/16-16;buiten;8, 10;5/16, 3/8;97
7225-06-08;8 FLO-S;7225;Male stud connector;O-Lok® ORFS tube end / Male NPTF thread;recht;NPT/NPTF;3/8-18;buiten;ORFS;13/16-16;buiten;12;1/2;97
7225-08-06;6-8 FLO-S;7225;Male stud connector;O-Lok® ORFS tube end / Male NPTF thread;recht;NPT/NPTF;1/2-14;buiten;ORFS;11/16-16;buiten;8, 10;5/16, 3/8;97
7225-08-08;8-8 FLO-S;7225;Male stud connector;O-Lok® ORFS tube end / Male NPTF thread;recht;NPT/NPTF;1/2-14;buiten;ORFS;13/16-16;buiten;12;1/2;97
7225-08-12;12-8 FLO-S;7225;Male stud connector;O-Lok® ORFS tube end / Male NPTF thread;recht;NPT/NPTF;1/2-14;buiten;ORFS;1 3/16-12;buiten;18, 20;3/4;97
7225-10-08;10 FLO-S;7225;Male stud connector;O-Lok® ORFS tube end / Male NPTF thread;recht;NPT/NPTF;1/2-14;buiten;ORFS;1-14;buiten;14, 15, 16;5/8;97
7225-12-08;8-12 FLO-S;7225;Male stud connector;O-Lok® ORFS tube end / Male NPTF thread;recht;NPT/NPTF;3/4-14;buiten;ORFS;13/16-16;buiten;12;1/2;97
7225-12-10;10-12 FLO-S;7225;Male stud connector;O-Lok® ORFS tube end / Male NPTF thread;recht;NPT/NPTF;3/4-14;buiten;ORFS;1-14;buiten;14, 15, 16;5/8;97
7225-12-12;12 FLO-S;7225;Male stud connector;O-Lok® ORFS tube end / Male NPTF thread;recht;NPT/NPTF;3/4-14;buiten;ORFS;1 3/16-12;buiten;18, 20;3/4;97
7225-12-16;16-12 FLO-S;7225;Male stud connector;O-Lok® ORFS tube end / Male NPTF thread;recht;NPT/NPTF;3/4-14;buiten;ORFS;1 7/16-12;buiten;22, 25;1;97
7225-16-12;12-16 FLO-S;7225;Male stud connector;O-Lok® ORFS tube end / Male NPTF thread;recht;NPT/NPTF;1-11.5;buiten;ORFS;1 3/16-12;buiten;18, 20;3/4;97
7225-16-16;16 FLO-S;7225;Male stud connector;O-Lok® ORFS tube end / Male NPTF thread;recht;NPT/NPTF;1-11.5;buiten;ORFS;1 7/16-12;buiten;22, 25;1;97
7225-20-20;20 FLO-S;7225;Male stud connector;O-Lok® ORFS tube end / Male NPTF thread;recht;NPT/NPTF;1 1/4-11.5;buiten;ORFS;1 11/16-12;buiten;28, 30, 32;1 1/4;97
7225-24-24;24 FLO-S;7225;Male stud connector;O-Lok® ORFS tube end / Male NPTF thread;recht;NPT/NPTF;1 1/2-11.5;buiten;ORFS;2-12;buiten;35, 38;1 1/2;97
10M18F87OMLOS;10M18F87OMLOS;7226;Male stud connector;O-Lok® ORFS tube end / Male metric thread – ED seal;recht;UN/UNF;1-14;buiten;Metric;M 18×1.5;buiten;;5/8;
10M22F87OMLOS;10M22F87OMLOS;7226;Male stud connector;O-Lok® ORFS tube end / Male metric thread – ED seal;recht;UN/UNF;1-14;buiten;Metric;M 10×1.0;buiten;;5/8;
16M33F87OMLOS;16M33F87OMLOS;7226;Male stud connector;O-Lok® ORFS tube end / Male metric thread – ED seal;recht;UN/UNF;1 7/16-12;buiten;Metric;M 16×1.5;buiten;;1;
6M12F87OMLOS;6M12F87OMLOS;7226;Male stud connector;O-Lok® ORFS tube end / Male metric thread – ED seal;recht;JIC;;buiten;Metric;M 12×1.5;buiten;;3/8;
6M14F87OMLOS;6M14F87OMLOS;7226;Male stud connector;O-Lok® ORFS tube end / Male metric thread – ED seal;recht;JIC;;buiten;Metric;M 14×1.5;buiten;;3/8;
6M18F87OMLOS;6M18F87OMLOS;7226;Male stud connector;O-Lok® ORFS tube end / Male metric thread – ED seal;recht;ORFS;11/16-16;buiten;Metric;M 18×1.5;buiten;;3/8;
7226-04-10;4M10F82EDMLOS;7226;Male stud connector;O-Lok® ORFS tube end / Male metric thread – ED seal;recht;ORFS;9/16-18;buiten;Metric;M 10×1.0;buiten;6;1/4;98
7226-04-12;4M12F82EDMLOS;7226;Male stud connector;O-Lok® ORFS tube end / Male metric thread – ED seal;recht;ORFS;9/16-18;buiten;Metric;M 12×1.5;buiten;6;1/4;98
7226-04-14;4M14F82EDMLOS;7226;Male stud connector;O-Lok® ORFS tube end / Male metric thread – ED seal;recht;ORFS;9/16-18;buiten;Metric;M 14×1.5;buiten;6;1/4;98
7226-04-16;4M16F82EDMLOS;7226;Male stud connector;O-Lok® ORFS tube end / Male metric thread – ED seal;recht;ORFS;9/16-18;buiten;Metric;M 16×1.5;buiten;6;1/4;98
7226-06-12;6M12F82EDMLOS;7226;Male stud connector;O-Lok® ORFS tube end / Male metric thread – ED seal;recht;ORFS;11/16-16;buiten;Metric;M 12×1.5;buiten;8, 10;5/16, 3/8;98
7226-06-14;6M14F82EDMLOS;7226;Male stud connector;O-Lok® ORFS tube end / Male metric thread – ED seal;recht;ORFS;11/16-16;buiten;Metric;M 14×1.5;buiten;8, 10;5/16, 3/8;98
7226-06-16;6M16F82EDMLOS;7226;Male stud connector;O-Lok® ORFS tube end / Male metric thread – ED seal;recht;ORFS;11/16-16;buiten;Metric;M 16×1.5;buiten;8, 10;5/16, 3/8;98
7226-06-18;6M18F82EDMLOS;7226;Male stud connector;O-Lok® ORFS tube end / Male metric thread – ED seal;recht;ORFS;11/16-16;buiten;Metric;M 18×1.5;buiten;8, 10;5/16, 3/8;98
7226-06-22;6M22F82EDMLOS;7226;Male stud connector;O-Lok® ORFS tube end / Male metric thread – ED seal;recht;ORFS;11/16-16;buiten;Metric;M 22×1.5;buiten;8, 10;5/16, 3/8;98
7226-08-12;8M12F82EDMLOS;7226;Male stud connector;O-Lok® ORFS tube end / Male metric thread – ED seal;recht;ORFS;13/16-16;buiten;Metric;M 12×1.5;buiten;12;1/2;98
7226-08-14;8M14F82EDMLOS;7226;Male stud connector;O-Lok® ORFS tube end / Male metric thread – ED seal;recht;ORFS;13/16-16;buiten;Metric;M 14×1.5;buiten;12;1/2;98
7226-08-16;8M16F82EDMLOS;7226;Male stud connector;O-Lok® ORFS tube end / Male metric thread – ED seal;recht;ORFS;13/16-16;buiten;Metric;M 16×1.5;buiten;12;1/2;98
7226-08-18;8M18F82EDMLOS;7226;Male stud connector;O-Lok® ORFS tube end / Male metric thread – ED seal;recht;ORFS;13/16-16;buiten;Metric;M 18×1.5;buiten;12;1/2;98
7226-08-22;8M22F87OMLOS;7226;Male stud connector;O-Lok® ORFS tube end / Male metric thread – ED seal;recht;ORFS;13/16-16;buiten;Metric;M 22×1.5;buiten;12;1/2;98
7226-08-26;8M26F82EDMLOS;7226;Male stud connector;O-Lok® ORFS tube end / Male metric thread – ED seal;recht;ORFS;13/16-16;buiten;Metric;M 26×1.5;buiten;12;1/2;98
7226-08-27;8M27F87OMLOS;7226;Male stud connector;O-Lok® ORFS tube end / Male metric thread – ED seal;recht;ORFS;13/16-16;buiten;Metric;M 27×2.0;buiten;12;1/2;98
7226-10-16;10M16F82EDMLOS;7226;Male stud connector;O-Lok® ORFS tube end / Male metric thread – ED seal;recht;ORFS;1-14;buiten;Metric;M 16×1.5;buiten;14, 15, 16;5/8;98
7226-10-18;10M18F82EDMLOS;7226;Male stud connector;O-Lok® ORFS tube end / Male metric thread – ED seal;recht;ORFS;1-14;buiten;Metric;M 18×1.5;buiten;14, 15, 16;5/8;98
7226-10-22;10M22F82EDMLOS;7226;Male stud connector;O-Lok® ORFS tube end / Male metric thread – ED seal;recht;ORFS;1-14;buiten;Metric;M 22×1.5;buiten;14, 15, 16;5/8;98
7226-10-26;10M26F82EDMLOS;7226;Male stud connector;O-Lok® ORFS tube end / Male metric thread – ED seal;recht;ORFS;1-14;buiten;Metric;M 26×1.5;buiten;14, 15, 16;5/8;98
7226-12-18;12M18F82EDMLOS;7226;Male stud connector;O-Lok® ORFS tube end / Male metric thread – ED seal;recht;ORFS;1 3/16-12;buiten;Metric;M 18×1.5;buiten;18, 20;3/4;98
7226-12-22;12M22F82EDMLOS;7226;Male stud connector;O-Lok® ORFS tube end / Male metric thread – ED seal;recht;ORFS;1 3/16-12;buiten;Metric;M 22×1.5;buiten;18, 20;3/4;98
7226-12-27;12M27F82EDMLOS;7226;Male stud connector;O-Lok® ORFS tube end / Male metric thread – ED seal;recht;ORFS;1 3/16-12;buiten;Metric;M 27×2.0;buiten;18, 20;3/4;98
7226-12-33;12M33F82EDMLOS;7226;Male stud connector;O-Lok® ORFS tube end / Male metric thread – ED seal;recht;ORFS;1 3/16-12;buiten;Metric;M 33×2.0;buiten;18, 20;3/4;98
7226-16-33;16M33F82EDMLOS;7226;Male stud connector;O-Lok® ORFS tube end / Male metric thread – ED seal;recht;ORFS;1 7/16-12;buiten;Metric;M 33×2.0;buiten;22, 25;1;98
7226-20-33;20M33F87OMLOS;7226;Male stud connector;O-Lok® ORFS tube end / Male metric thread – ED seal;recht;ORFS;1 11/16-12;buiten;Metric;M 33×2.0;buiten;28, 30, 32;1 1/4;98
7226-20-42;20M42F82EDMLOS;7226;Male stud connector;O-Lok® ORFS tube end / Male metric thread – ED seal;recht;ORFS;1 11/16-12;buiten;Metric;M 42×2.0;buiten;28, 30, 32;1 1/4;98
7226-24-48;24M48F82EDMLOS;7226;Male stud connector;O-Lok® ORFS tube end / Male metric thread – ED seal;recht;ORFS;2-12;buiten;Metric;M 48×2.0;buiten;35, 38;1 1/2;98
8M18F87OMLOS;8M18F87OMLOS;7226;Male stud connector;O-Lok® ORFS tube end / Male metric thread – ED seal;recht;UN/UNF;13/16-16;buiten;Metric;M 18×1.5;buiten;;1/2;
7227-04-04;4 XHLO-S;7227;Union;ADAPTER ORFS MALE X JIC MALE ;recht;UN/UNF;9/16-18;buiten;JIC;7/16-20;buiten;;1/4;
7227-06-06;6 XHLO-S;7227;Union;ADAPTER ORFS MALE X JIC MALE ;recht;UN/UNF;11/16-16;buiten;JIC;9/16-18;buiten;;3/8;
7227-08-08;8 XHLO-S;7227;Union;ADAPTER ORFS MALE X JIC MALE ;recht;UN/UNF;13/16-16;buiten;JIC;3/4-16;buiten;;1/2;
7227-10-10;10 XHLO-S;7227;Union;ADAPTER ORFS MALE X JIC MALE ;recht;UN/UNF;1-14;buiten;JIC;7/8-14;buiten;;5/8;
7227-12-12;12 XHLO-S;7227;Union;ADAPTER ORFS MALE X JIC MALE ;recht;UN/UNF;1 3/16-12;buiten;JIC;1 1/16-12;buiten;;3/4;
7227-16-16;16 XHLO-S;7227;Union;ADAPTER ORFS MALE X JIC MALE ;recht;UN/UNF;1 7/16-12;buiten;JIC;1 5/16-12;buiten;;1;
7228-04-04;4TT4MLS;7228;Test point connector;O-LOK TESTPOINT 4TT4MLS - 4TT4MLS;recht;ORFS;9/16-18;wartelend;BSPP;1/4-19;binnen;;1/4;
7228-06-04;6TT4MLS;7228;Test point connector;O-LOK TESTPOINT 6TT4MLS - 6TT4MLS;recht;ORFS;11/16-16;wartelend;BSPP;1/4-19;binnen;;3/8;
7228-08-04;8TT4MLS;7228;Test point connector;O-LOK TESTPOINT 8TT4MLS - 8TT4MLS;recht;ORFS;13/16-16;wartelend;BSPP;1/4-19;binnen;;1/2;
7228-10-04;10TT4MLS;7228;Test point connector;O-LOK TESTPOINT 10TT4MLS - 10TT4MLS;recht;;;;BSPP;1/4-19;binnen;;5/8;
7228-12-04;12TT4LS;7228;Test point connector;O-LOK TESTPOINT 12TT4LS - 12TT4LS;recht;;;;BSPP;1/4-19;binnen;;3/4;
7228-16-04;16TT4LS;7228;Test point connector;O-LOK TESTPOINT 16TT4MLS - 16TT4LS;recht;;;;BSPP;1/4-19;binnen;;1;
7228-20-04;20TT4LS;7228;Test point connector;O-LOK TESTPOINT 20TT4MLS - 20TT4LS;recht;;;;BSPP;1/4-19;binnen;;1 1/4;
7228-24-04;24TT4LS;7228;Test point connector;O-LOK TESTPOINT 24TT4LS - 24TT4LS;recht;;;;BSPP;1/4-19;binnen;;1 1/2;
7248-04-04;4 WLO-WLNL-S;7248;Bulkhead union;O-Lok® ORFS tube ends;recht;ORFS;9/16-18;buiten;ORFS;9/16-18;buiten;6;1/4;89
7248-06-06;6WMLOWLNMLS;7248;Bulkhead union;O-Lok® ORFS tube ends;recht;ORFS;11/16-16;buiten;ORFS;11/16-16;buiten;8, 10;5/16, 3/8;89
7248-08-08;8WMLOWLNMLS;7248;Bulkhead union;O-Lok® ORFS tube ends;recht;ORFS;13/16-16;buiten;ORFS;13/16-16;buiten;12;1/2;89
7248-10-10;10WMLOWLNMLS;7248;Bulkhead union;O-Lok® ORFS tube ends;recht;ORFS;1-14;buiten;ORFS;1-14;buiten;14, 15, 16;5/8;89
7248-12-12;12WMLOWLNMLS;7248;Bulkhead union;O-Lok® ORFS tube ends;recht;ORFS;1 3/16-12;buiten;ORFS;1 3/16-12;buiten;18, 20;3/4;89
7248-16-16;16 WLO-WLNL-S;7248;Bulkhead union;O-Lok® ORFS tube ends;recht;ORFS;1 7/16-12;buiten;ORFS;1 7/16-12;buiten;22, 25;1;89
7248-20-20;20 WLO-WLNL-S;7248;Bulkhead union;O-Lok® ORFS tube ends;recht;ORFS;1 11/16-12;buiten;ORFS;1 11/16-12;buiten;28, 30, 32;1 1/4;89
7248-24-24;24 WLO-WLNL-S;7248;Bulkhead union;O-Lok® ORFS tube ends;recht;ORFS;2-12;buiten;ORFS;2-12;buiten;35, 38;1 1/2;89
10M22F682EDMLS;10M22F682EDMLS;7249;Swivel male stud;O-LOK SWIVEL MALE STUD;recht;ORFS;1-14;wartelend;Metric;M 22×1.5;buiten;;5/8;
7249-16-33;16M33F682EDMLS;7249;Swivel male stud;O-LOK SWIVEL MALE STUD;recht;UN/UNF;1 7/16-12;wartelend;Metric;M 33×2.0;buiten;;1;
7258-04-04;;7258;Bulkhead union;BULKHEAD UNION ORFS X BSP;recht;ORFS;9/16-18;buiten;BSPP;1/4-19;buiten;;;
7258-06-06;;7258;Bulkhead union;BULKHEAD UNION ORFS X BSP;recht;ORFS;11/16-16;buiten;BSPP;3/8-19;buiten;;;
7258-08-04;;7258;Bulkhead union;BULKHEAD UNION ORFS X BSP;recht;ORFS;13/16-16;buiten;BSPP;1/4-19;buiten;;;
7258-08-08;;7258;Bulkhead union;BULKHEAD UNION ORFS X BSP;recht;ORFS;13/16-16;buiten;BSPP;1/2-14;buiten;;;
7258-10-08;;7258;Bulkhead union;BULKHEAD UNION ORFS X BSP;recht;ORFS;1-14;buiten;BSPP;1/2-14;buiten;;;
7258-12-08;;7258;Bulkhead union;BULKHEAD UNION ORFS X BSP;recht;ORFS;1 3/16-12;buiten;BSPP;1/2-14;buiten;;;
7258-12-12;;7258;Bulkhead union;BULKHEAD UNION ORFS X BSP;recht;ORFS;1 3/16-12;buiten;BSPP;3/4-14;buiten;;;
7258-16-16;;7258;Bulkhead union;BULKHEAD UNION ORFS X BSP;recht;ORFS;1 7/16-12;buiten;BSPP;1-11;buiten;;;
7258-20-20;;7258;Bulkhead union;BULKHEAD UNION ORFS X BSP;recht;ORFS;1 11/16-12;buiten;BSPP;1 1/4-11;buiten;;;
7273-04-04;4 F65OL-S;7273;Swivel male stud;O-Lok® ORFS female swivel end / Male UN/UNF thread – O-ring;recht;ORFS;9/16-18;wartelend;UN/UNF;7/16-20;buiten;6;1/4;99
7273-06-06;6 F65OL-S;7273;Swivel male stud;O-Lok® ORFS female swivel end / Male UN/UNF thread – O-ring;recht;ORFS;11/16-16;wartelend;UN/UNF;9/16-18;buiten;8, 10;5/16, 3/8;99
7273-08-08;8 F65OL-S;7273;Swivel male stud;O-Lok® ORFS female swivel end / Male UN/UNF thread – O-ring;recht;ORFS;13/16-16;wartelend;UN/UNF;3/4-16;buiten;12;1/2;99
7273-10-10;10 F65OL-S;7273;Swivel male stud;O-Lok® ORFS female swivel end / Male UN/UNF thread – O-ring;recht;ORFS;1-14;wartelend;UN/UNF;7/8-14;buiten;14, 15, 16;5/8;99
7273-12-12;12 F65OL-S;7273;Swivel male stud;O-Lok® ORFS female swivel end / Male UN/UNF thread – O-ring;recht;ORFS;1 3/16-12;wartelend;UN/UNF;1 1/16-12;buiten;18, 20;3/4;99
7273-16-16;16 F65OL-S;7273;Swivel male stud;O-Lok® ORFS female swivel end / Male UN/UNF thread – O-ring;recht;ORFS;1 7/16-12;wartelend;UN/UNF;1 5/16-12;buiten;22, 25;1;99
7273-20-20;20 F65OL-S;7273;Swivel male stud;O-Lok® ORFS female swivel end / Male UN/UNF thread – O-ring;recht;ORFS;1 11/16-12;wartelend;UN/UNF;1 5/8-12;buiten;28, 30, 32;1 1/4;99
7276-04-12;4M12F687OMLS;7276;Swivel male stud;O-Lok® ORFS Swivel female end / Male metric thread – ED seal;recht;ORFS;9/16-18;wartelend;Metric;M 12×1.5;buiten;6;1/4;99
7276-06-12;6M14F687OMLS;7276;Swivel male stud;O-Lok® ORFS Swivel female end / Male metric thread – ED seal;recht;ORFS;11/16-16;wartelend;Metric;M 12×1.5;buiten;8, 10;5/16, 3/8;99
7276-06-14;6M16F687OMLS;7276;Swivel male stud;O-Lok® ORFS Swivel female end / Male metric thread – ED seal;recht;ORFS;11/16-16;wartelend;Metric;M 14×1.5;buiten;8, 10;5/16, 3/8;99
7276-06-16;8M16F687OMLS;7276;Swivel male stud;O-Lok® ORFS Swivel female end / Male metric thread – ED seal;recht;ORFS;11/16-16;wartelend;Metric;M 16×1.5;buiten;8, 10;5/16, 3/8;99
7276-08-16;10M22F687OMLS;7276;Swivel male stud;O-Lok® ORFS Swivel female end / Male metric thread – ED seal;recht;ORFS;13/16-16;wartelend;Metric;M 16×1.5;buiten;12;1/2;99
7276-10-22;12M22F687OMLS;7276;Swivel male stud;O-Lok® ORFS Swivel female end / Male metric thread – ED seal;recht;ORFS;1-14;wartelend;Metric;M 22×1.5;buiten;14, 15, 16;5/8;99
7276-12-27;12M27F687OMLS;7276;Swivel male stud;O-Lok® ORFS Swivel female end / Male metric thread – ED seal;recht;ORFS;1 3/16-12;wartelend;Metric;M 27×2.0;buiten;18, 20;3/4;99
7276-16-33;16M33F687OMLS;7276;Swivel male stud;O-Lok® ORFS Swivel female end / Male metric thread – ED seal;recht;ORFS;1 7/16-12;wartelend;Metric;M 33×2.0;buiten;22, 25;1;99
7276-20-42;20M42F687OMLS;7276;Swivel male stud;O-Lok® ORFS Swivel female end / Male metric thread – ED seal;recht;ORFS;1 11/16-12;wartelend;Metric;M 42×2.0;buiten;28, 30, 32;1 1/4;99
7276-24-48;24M48F687OMLS;7276;Swivel male stud;O-Lok® ORFS Swivel female end / Male metric thread – ED seal;recht;ORFS;2-12;wartelend;Metric;M 48×2.0;buiten;35, 38;1 1/2;99
7377-04-04;4 KLO-S;7377;Union cross;O-Lok® ORFS tube ends;kruis;ORFS;9/16-18;buiten;ORFS;9/16-18;buiten;6;1/4;88
7377-06-06;6 KLO-S;7377;Union cross;O-Lok® ORFS tube ends;kruis;ORFS;11/16-16;buiten;ORFS;11/16-16;buiten;8, 10;5/16, 3/8;88
7377-08-08;8 KLO-S;7377;Union cross;O-Lok® ORFS tube ends;kruis;ORFS;13/16-16;buiten;ORFS;13/16-16;buiten;12;1/2;88
7377-10-10;10 KLO-S;7377;Union cross;O-Lok® ORFS tube ends;kruis;ORFS;1-14;buiten;ORFS;1-14;buiten;14, 15, 16;5/8;88
7377-12-12;12 KLO-S;7377;Union cross;O-Lok® ORFS tube ends;kruis;ORFS;1 3/16-12;buiten;ORFS;1 3/16-12;buiten;18, 20;3/4;88
7377-16-16;16 KLO-S;7377;Union cross;O-Lok® ORFS tube ends;kruis;ORFS;1 7/16-12;buiten;ORFS;1 7/16-12;buiten;22, 25;1;88
7377-20-20;20 KLO-S;7377;Union cross;O-Lok® ORFS tube ends;kruis;ORFS;1 11/16-12;buiten;ORFS;1 11/16-12;buiten;28, 30, 32;1 1/4;88
7377-24-24;24 KLO-S;7377;Union cross;O-Lok® ORFS tube ends;kruis;ORFS;2-12;buiten;ORFS;2-12;buiten;35, 38;1 1/2;88
7244-16-16;16 V6LO-S;7422;Swivel nut elbow 45°;O-Lok® ORFS female swivel end / O-Lok® ORFS tube end;45°;ORFS;1 7/16-12;wartelend;ORFS;1 7/16-12;buiten;22, 25;1;91
7422-04-04;4 V6LO-S;7422;Swivel nut elbow 45°;O-Lok® ORFS female swivel end / O-Lok® ORFS tube end;45°;ORFS;9/16-18;wartelend;ORFS;9/16-18;buiten;6;1/4;91
7422-06-06;6V6MLOS;7422;Swivel nut elbow 45°;O-Lok® ORFS female swivel end / O-Lok® ORFS tube end;45°;ORFS;11/16-16;wartelend;ORFS;11/16-16;buiten;8, 10;5/16, 3/8;91
7422-08-08;8 V6LO-S;7422;Swivel nut elbow 45°;O-Lok® ORFS female swivel end / O-Lok® ORFS tube end;45°;ORFS;13/16-16;wartelend;ORFS;13/16-16;buiten;12;1/2;91
7422-10-10;10V6MLOS;7422;Swivel nut elbow 45°;O-Lok® ORFS female swivel end / O-Lok® ORFS tube end;45°;ORFS;1-14;wartelend;ORFS;1-14;buiten;14, 15, 16;5/8;91
7422-12-12;12V6MLOS;7422;Swivel nut elbow 45°;O-Lok® ORFS female swivel end / O-Lok® ORFS tube end;45°;ORFS;1 3/16-12;wartelend;ORFS;1 3/16-12;buiten;18, 20;3/4;91
7422-20-20;20 V6LO-S;7422;Swivel nut elbow 45°;O-Lok® ORFS female swivel end / O-Lok® ORFS tube end;45°;ORFS;1 11/16-12;wartelend;ORFS;1 11/16-12;buiten;28, 30, 32;1 1/4;91
7422-24-24;24 V6LO-S;7422;Swivel nut elbow 45°;O-Lok® ORFS female swivel end / O-Lok® ORFS tube end;45°;ORFS;2-12;wartelend;ORFS;2-12;buiten;35, 38;1 1/2;91
7423-04-04;4 V5OLO-S;7423;Male stud elbow 45°;O-Lok® ORFS tube end / Adjustable UN/UNF thread O-ring;45°;ORFS;9/16-18;buiten;UN/UNF;7/16-20;buiten;6;1/4;105
7423-04-06;4-6 V5OLO-S;7423;Male stud elbow 45°;O-Lok® ORFS tube end / Adjustable UN/UNF thread O-ring;45°;ORFS;9/16-18;buiten;UN/UNF;9/16-18;buiten;6;1/4;105
7423-06-04;6-4 V5OLO-S;7423;Male stud elbow 45°;O-Lok® ORFS tube end / Adjustable UN/UNF thread O-ring;45°;ORFS;11/16-16;buiten;UN/UNF;7/16-20;buiten;8, 10;3/8;105
7423-06-06;6 V5OLO-S;7423;Male stud elbow 45°;O-Lok® ORFS tube end / Adjustable UN/UNF thread O-ring;45°;ORFS;11/16-16;buiten;UN/UNF;9/16-18;buiten;8, 10;3/8;105
7423-06-08;6-8 V5OLO-S;7423;Male stud elbow 45°;O-Lok® ORFS tube end / Adjustable UN/UNF thread O-ring;45°;ORFS;11/16-16;buiten;UN/UNF;3/4-16;buiten;8, 10;3/8;105
7423-08-06;8-6 V5OLO-S;7423;Male stud elbow 45°;O-Lok® ORFS tube end / Adjustable UN/UNF thread O-ring;45°;ORFS;13/16-16;buiten;UN/UNF;9/16-18;buiten;12;1/2;105
7423-08-08;8 V5OLO-S;7423;Male stud elbow 45°;O-Lok® ORFS tube end / Adjustable UN/UNF thread O-ring;45°;ORFS;13/16-16;buiten;UN/UNF;3/4-16;buiten;12;1/2;105
7423-08-10;8-10 V5OLO-S;7423;Male stud elbow 45°;O-Lok® ORFS tube end / Adjustable UN/UNF thread O-ring;45°;ORFS;13/16-16;buiten;UN/UNF;7/8-14;buiten;12;1/2;105
7423-10-08;10-8 V5OLO-S;7423;Male stud elbow 45°;O-Lok® ORFS tube end / Adjustable UN/UNF thread O-ring;45°;ORFS;1-14;buiten;UN/UNF;3/4-16;buiten;14, 15, 16;5/8;105
7423-10-10;10 V5OLO-S;7423;Male stud elbow 45°;O-Lok® ORFS tube end / Adjustable UN/UNF thread O-ring;45°;ORFS;1-14;buiten;UN/UNF;7/8-14;buiten;14, 15, 16;5/8;105
7423-10-12;10-12 V5OLO-S;7423;Male stud elbow 45°;O-Lok® ORFS tube end / Adjustable UN/UNF thread O-ring;45°;ORFS;1-14;buiten;UN/UNF;1 1/16-12;buiten;14, 15, 16;5/8;105
7423-12-10;12-10 V5OLO-S;7423;Male stud elbow 45°;O-Lok® ORFS tube end / Adjustable UN/UNF thread O-ring;45°;ORFS;1 3/16-12;buiten;UN/UNF;7/8-14;buiten;18, 20;3/4;105
7423-12-12;12V5OMLO-S;7423;Male stud elbow 45°;O-Lok® ORFS tube end / Adjustable UN/UNF thread O-ring;45°;ORFS;1 3/16-12;buiten;UN/UNF;1 1/16-12;buiten;18, 20;3/4;105
7423-12-16;12-16 V5OLO-S;7423;Male stud elbow 45°;O-Lok® ORFS tube end / Adjustable UN/UNF thread O-ring;45°;ORFS;1 3/16-12;buiten;UN/UNF;1 5/16-12;buiten;18, 20;3/4;105
7423-16-12;16-12 V5OLO-S;7423;Male stud elbow 45°;O-Lok® ORFS tube end / Adjustable UN/UNF thread O-ring;45°;ORFS;1 7/16-12;buiten;UN/UNF;1 1/16-12;buiten;22, 25;1;105
7423-16-16;16V5OMLOS;7423;Male stud elbow 45°;O-Lok® ORFS tube end / Adjustable UN/UNF thread O-ring;45°;ORFS;1 7/16-12;buiten;UN/UNF;1 5/16-12;buiten;22, 25;1;105
7423-16-20;16-20 V5OLO-S;7423;Male stud elbow 45°;O-Lok® ORFS tube end / Adjustable UN/UNF thread O-ring;45°;ORFS;1 7/16-12;buiten;UN/UNF;1 5/8-12;buiten;22, 25;1;105
7423-20-20;20 V5OLO-S;7423;Male stud elbow 45°;O-Lok® ORFS tube end / Adjustable UN/UNF thread O-ring;45°;ORFS;1 11/16-12;buiten;UN/UNF;1 5/8-12;buiten;28, 30, 32;1 1/4;105
7423-24-24;24 V5OLO-S;7423;Male stud elbow 45°;O-Lok® ORFS tube end / Adjustable UN/UNF thread O-ring;45°;ORFS;2-12;buiten;UN/UNF;1 7/8-12;buiten;35, 38;1 1/2;105
7424-04-02;4V4OMLOS;7424;Male stud elbow 45°;O-Lok® ORFS tube end / Adjustable BSPP thread O-ring + retaining ring;45°;ORFS;9/16-18;buiten;BSPP;1/8-28;buiten;6;1/4;106
7424-04-04;4-4V4OMLOS;7424;Male stud elbow 45°;O-Lok® ORFS tube end / Adjustable BSPP thread O-ring + retaining ring;45°;ORFS;9/16-18;buiten;BSPP;1/4-19;buiten;6;1/4;106
7424-06-04;6V4OMLOS;7424;Male stud elbow 45°;O-Lok® ORFS tube end / Adjustable BSPP thread O-ring + retaining ring;45°;ORFS;11/16-16;buiten;BSPP;1/4-19;buiten;8, 10;3/8;106
7424-06-06;6-6V4OMLOS;7424;Male stud elbow 45°;O-Lok® ORFS tube end / Adjustable BSPP thread O-ring + retaining ring;45°;ORFS;11/16-16;buiten;BSPP;3/8-19;buiten;8, 10;3/8;106
7424-06-08;6-8V4OMLOS;7424;Male stud elbow 45°;O-Lok® ORFS tube end / Adjustable BSPP thread O-ring + retaining ring;45°;ORFS;11/16-16;buiten;BSPP;1/2-14;buiten;8, 10;3/8;106
7424-08-06;8V4OMLOS;7424;Male stud elbow 45°;O-Lok® ORFS tube end / Adjustable BSPP thread O-ring + retaining ring;45°;ORFS;13/16-16;buiten;BSPP;3/8-19;buiten;12;1/2;106
7424-08-08;8-8V4OMLOS;7424;Male stud elbow 45°;O-Lok® ORFS tube end / Adjustable BSPP thread O-ring + retaining ring;45°;ORFS;13/16-16;buiten;BSPP;1/2-14;buiten;12;1/2;106
7424-10-08;10V4OMLOS;7424;Male stud elbow 45°;O-Lok® ORFS tube end / Adjustable BSPP thread O-ring + retaining ring;45°;ORFS;1-14;buiten;BSPP;1/2-14;buiten;14, 15, 16;5/8;106
7424-10-12;10-12V4OMLOS;7424;Male stud elbow 45°;O-Lok® ORFS tube end / Adjustable BSPP thread O-ring + retaining ring;45°;ORFS;1-14;buiten;BSPP;3/4-14;buiten;14, 15, 16;5/8;106
7424-12-12;12V4OMLOS;7424;Male stud elbow 45°;O-Lok® ORFS tube end / Adjustable BSPP thread O-ring + retaining ring;45°;ORFS;1 3/16-12;buiten;BSPP;3/4-14;buiten;18, 20;3/4;106
7424-12-16;12-16V4OMLOS;7424;Male stud elbow 45°;O-Lok® ORFS tube end / Adjustable BSPP thread O-ring + retaining ring;45°;ORFS;1 3/16-12;buiten;BSPP;1-11;buiten;18, 20;3/4;106
7424-16-12;12-16V4OMLOS;7424;Male stud elbow 45°;O-Lok® ORFS tube end / Adjustable BSPP thread O-ring + retaining ring;45°;ORFS;1 7/16-12;buiten;BSPP;3/4-14;buiten;;1;106
7424-16-16;16V4OMLOS;7424;Male stud elbow 45°;O-Lok® ORFS tube end / Adjustable BSPP thread O-ring + retaining ring;45°;ORFS;1 7/16-12;buiten;BSPP;1-11;buiten;25;1;106
7424-20-20;20V4OMLOS;7424;Male stud elbow 45°;O-Lok® ORFS tube end / Adjustable BSPP thread O-ring + retaining ring;45°;ORFS;1 11/16-12;buiten;BSPP;1 1/4-11;buiten;28, 30, 32;1 1/4;106
7424-24-24;24V4OMLOS;7424;Male stud elbow 45°;O-Lok® ORFS tube end / Adjustable BSPP thread O-ring + retaining ring;45°;ORFS;2-12;buiten;BSPP;1 1/2-11;buiten;35, 38;1 1/2;106
7426-04-12;4M12V87OMLOS;7426;Male stud elbow 45°;O-Lok® ORFS tube end / Male metric thread – O-ring + retaining ring;45°;ORFS;9/16-18;buiten;Metric;M 12×1.5;buiten;6;1/4;107
7426-06-16;6M16V87OMLOS;7426;Male stud elbow 45°;O-Lok® ORFS tube end / Male metric thread – O-ring + retaining ring;45°;ORFS;11/16-16;buiten;Metric;M 16×1.5;buiten;8, 10;3/8;107
7426-08-18;8M18V87OMLOS;7426;Male stud elbow 45°;O-Lok® ORFS tube end / Male metric thread – O-ring + retaining ring;45°;ORFS;13/16-16;buiten;Metric;M 18×1.5;buiten;12;1/2;107
7426-10-22;10M22V87OMLOS;7426;Male stud elbow 45°;O-Lok® ORFS tube end / Male metric thread – O-ring + retaining ring;45°;ORFS;1-14;buiten;Metric;M 22×1.5;buiten;14, 15, 16;5/8;107
7426-12-27;12M27V87OMLOS;7426;Male stud elbow 45°;O-Lok® ORFS tube end / Male metric thread – O-ring + retaining ring;45°;ORFS;1 3/16-12;buiten;Metric;M 27×2.0;buiten;18, 20;3/4;107
7426-16-33;16M33V87OMLOS;7426;Male stud elbow 45°;O-Lok® ORFS tube end / Male metric thread – O-ring + retaining ring;45°;ORFS;1 7/16-12;buiten;Metric;M 33×2.0;buiten;25;1;107
7426-20-42;20M42V87OMLOS;7426;Male stud elbow 45°;O-Lok® ORFS tube end / Male metric thread – O-ring + retaining ring;45°;ORFS;1 11/16-12;buiten;Metric;M 42×2.0;buiten;28, 30, 32;1 1/4;107
7426-24-48;24M48V87OMLOS;7426;Male stud elbow 45°;O-Lok® ORFS tube end / Male metric thread – O-ring + retaining ring;45°;ORFS;2-12;buiten;Metric;M 48×2.0;buiten;35, 38;1 1/2;107
7448-04-04;4 WNLO-WLNL-S;7448;Bulkhead union elbow 45°;O-Lok® ORFS tube ends;45°;ORFS;9/16-18;buiten;ORFS;9/16-18;buiten;6;1/4;90
7448-06-06;6 WNLO-WLNL-S;7448;Bulkhead union elbow 45°;O-Lok® ORFS tube ends;45°;ORFS;11/16-16;buiten;ORFS;11/16-16;buiten;8, 10;5/16, 3/8;90
7448-08-08;8 WNLO-WLNL-S;7448;Bulkhead union elbow 45°;O-Lok® ORFS tube ends;45°;ORFS;13/16-16;buiten;ORFS;13/16-16;buiten;12;1/2;90
7448-10-10;10 WNLO-WLNL-S;7448;Bulkhead union elbow 45°;O-Lok® ORFS tube ends;45°;ORFS;1-14;buiten;ORFS;1-14;buiten;14, 15, 16;5/8;90
7448-12-12;12 WNLO-WLNL-S;7448;Bulkhead union elbow 45°;O-Lok® ORFS tube ends;45°;ORFS;1 3/16-12;buiten;ORFS;1 3/16-12;buiten;18, 20;3/4;90
7448-16-16;16 WNLO-WLNL-S;7448;Bulkhead union elbow 45°;O-Lok® ORFS tube ends;45°;ORFS;1 7/16-12;buiten;ORFS;1 7/16-12;buiten;22, 25;1;90
7448-20-20;20 WNLO-WLNL-S;7448;Bulkhead union elbow 45°;O-Lok® ORFS tube ends;45°;ORFS;1 11/16-12;buiten;ORFS;1 11/16-12;buiten;28, 30, 32;1 1/4;90
7448-24-24;24 WNLO-WLNL-S;7448;Bulkhead union elbow 45°;O-Lok® ORFS tube ends;45°;ORFS;2-12;buiten;ORFS;2-12;buiten;35, 38;1 1/2;90
7522-04-04;4 S5OLO-S;7522;Male stud branch tee;O-Lok® ORFS tube end / Adjustable UN/UNF thread O-ring;T-stuk;ORFS;9/16-18;buiten;UN/UNF;7/16-20;buiten;6;1/4;108
7522-06-06;6S5OMLOS;7522;Male stud branch tee;O-Lok® ORFS tube end / Adjustable UN/UNF thread O-ring;T-stuk;ORFS;11/16-16;buiten;UN/UNF;9/16-18;buiten;8, 10;3/8;108
7522-08-08;8 S5OLO-S;7522;Male stud branch tee;O-Lok® ORFS tube end / Adjustable UN/UNF thread O-ring;T-stuk;ORFS;13/16-16;buiten;UN/UNF;3/4-16;buiten;12;1/2;108
7522-10-10;10 S5OLO-S;7522;Male stud branch tee;O-Lok® ORFS tube end / Adjustable UN/UNF thread O-ring;T-stuk;ORFS;1-14;buiten;UN/UNF;7/8-14;buiten;14, 15, 16;5/8;108
7522-12-12;12 S5OLO-S;7522;Male stud branch tee;O-Lok® ORFS tube end / Adjustable UN/UNF thread O-ring;T-stuk;ORFS;1 3/16-12;buiten;UN/UNF;1 1/16-12;buiten;18, 20;3/4;108
7522-16-16;16 S5OLO-S;7522;Male stud branch tee;O-Lok® ORFS tube end / Adjustable UN/UNF thread O-ring;T-stuk;ORFS;1 7/16-12;buiten;UN/UNF;1 5/16-12;buiten;25;1;108
7522-20-20;20 S5OLO-S;7522;Male stud branch tee;O-Lok® ORFS tube end / Adjustable UN/UNF thread O-ring;T-stuk;ORFS;1 11/16-12;buiten;UN/UNF;1 5/8-12;buiten;28, 30, 32;1 1/4;108
7522-24-24;24 S5OLO-S;7522;Male stud branch tee;O-Lok® ORFS tube end / Adjustable UN/UNF thread O-ring;T-stuk;ORFS;2-12;buiten;UN/UNF;1 7/8-12;buiten;35, 38;1 1/2;108
7523-04-04;4 R5OLO-S;7523;Male stud run tee;O-Lok® ORFS tube end / Adjustable UN/UNF thread O-ring;T-stuk;ORFS;9/16-18;buiten;UN/UNF;7/16-20;buiten;6;1/4;108
7523-04-06;4-6-4R5OMLOS;7523;Male stud run tee;O-Lok® ORFS tube end / Adjustable UN/UNF thread O-ring;T-stuk;ORFS;9/16-18;buiten;UN/UNF;9/16-18;buiten;6;1/4;108
7523-06-06;6 R5OLO-S;7523;Male stud run tee;O-Lok® ORFS tube end / Adjustable UN/UNF thread O-ring;T-stuk;ORFS;11/16-16;buiten;UN/UNF;9/16-18;buiten;8, 10;3/8;108
7523-08-08;8 R5OLO-S;7523;Male stud run tee;O-Lok® ORFS tube end / Adjustable UN/UNF thread O-ring;T-stuk;ORFS;13/16-16;buiten;UN/UNF;3/4-16;buiten;12;1/2;108
7523-08-10;8-10-8 R5OLO-S;7523;Male stud run tee;O-Lok® ORFS tube end / Adjustable UN/UNF thread O-ring;T-stuk;ORFS;13/16-16;buiten;UN/UNF;7/8-14;buiten;12;1/2;108
7523-10-10;10 R5OLO-S;7523;Male stud run tee;O-Lok® ORFS tube end / Adjustable UN/UNF thread O-ring;T-stuk;ORFS;1-14;buiten;UN/UNF;7/8-14;buiten;14, 15, 16;5/8;108
7523-12-12;12R5OMLOS;7523;Male stud run tee;O-Lok® ORFS tube end / Adjustable UN/UNF thread O-ring;T-stuk;ORFS;1 3/16-12;buiten;UN/UNF;1 1/16-12;buiten;18, 20;3/4;108
7523-12-16;12-16-12 R5OLO-S;7523;Male stud run tee;O-Lok® ORFS tube end / Adjustable UN/UNF thread O-ring;T-stuk;ORFS;1 3/16-12;buiten;UN/UNF;1 5/16-12;buiten;18, 20;3/4;108
7523-16-16;16 R5OLO-S;7523;Male stud run tee;O-Lok® ORFS tube end / Adjustable UN/UNF thread O-ring;T-stuk;ORFS;1 7/16-12;buiten;UN/UNF;1 5/16-12;buiten;25;1;108
7523-20-20;20 R5OLO-S;7523;Male stud run tee;O-Lok® ORFS tube end / Adjustable UN/UNF thread O-ring;T-stuk;ORFS;1 11/16-12;buiten;UN/UNF;1 5/8-12;buiten;28, 30, 32;1 1/4;108
7523-24-24;24 R5OLO-S;7523;Male stud run tee;O-Lok® ORFS tube end / Adjustable UN/UNF thread O-ring;T-stuk;ORFS;2-12;buiten;UN/UNF;1 7/8-12;buiten;35, 38;1 1/2;108
7524-04-02;4S4OMLOS;7524;Male stud branch tee;O-Lok® ORFS tube end / Adjustable BSPP thread O-ring + retaining ring;T-stuk;ORFS;9/16-18;buiten;BSPP;1/8-28;buiten;6;1/4;109
7524-04-04;4-4-4S4OMLOS;7524;Male stud branch tee;O-Lok® ORFS tube end / Adjustable BSPP thread O-ring + retaining ring;T-stuk;ORFS;9/16-18;buiten;BSPP;1/4-19;buiten;6;1/4;109
7524-06-04;6S4OMLOS;7524;Male stud branch tee;O-Lok® ORFS tube end / Adjustable BSPP thread O-ring + retaining ring;T-stuk;ORFS;11/16-16;buiten;BSPP;1/4-19;buiten;8, 10;3/8;109
7524-06-06;6-6-6S4OMLOS;7524;Male stud branch tee;O-Lok® ORFS tube end / Adjustable BSPP thread O-ring + retaining ring;T-stuk;ORFS;11/16-16;buiten;BSPP;3/8-19;buiten;8, 10;3/8;109
7524-08-06;8S4OMLOS;7524;Male stud branch tee;O-Lok® ORFS tube end / Adjustable BSPP thread O-ring + retaining ring;T-stuk;ORFS;13/16-16;buiten;BSPP;3/8-19;buiten;12;1/2;109
7524-08-08;8-8-8S4OMLOS;7524;Male stud branch tee;O-Lok® ORFS tube end / Adjustable BSPP thread O-ring + retaining ring;T-stuk;ORFS;13/16-16;buiten;BSPP;1/2-14;buiten;12;1/2;109
7524-10-08;10S4OMLOS;7524;Male stud branch tee;O-Lok® ORFS tube end / Adjustable BSPP thread O-ring + retaining ring;T-stuk;ORFS;1-14;buiten;BSPP;1/2-14;buiten;14, 15, 16;5/8;109
7524-10-10;10-10-12S4OMLOS;7524;Male stud branch tee;O-Lok® ORFS tube end / Adjustable BSPP thread O-ring + retaining ring;T-stuk;ORFS;1-14;buiten;BSPP;3/4-14;buiten;14, 15, 16;5/8;109
7524-12-12;12S4OMLOS;7524;Male stud branch tee;O-Lok® ORFS tube end / Adjustable BSPP thread O-ring + retaining ring;T-stuk;ORFS;1 3/16-12;buiten;BSPP;3/4-14;buiten;18, 20;3/4;109
7524-16-16;16S4OMLOS;7524;Male stud branch tee;O-Lok® ORFS tube end / Adjustable BSPP thread O-ring + retaining ring;T-stuk;ORFS;1 7/16-12;buiten;BSPP;1-11;buiten;22, 25;1;109
7524-20-20;20S4OMLOS;7524;Male stud branch tee;O-Lok® ORFS tube end / Adjustable BSPP thread O-ring + retaining ring;T-stuk;ORFS;1 11/16-12;buiten;BSPP;1 1/4-11;buiten;28, 30, 32;1 1/4;109
7524-24-24;24S4OMLOS;7524;Male stud branch tee;O-Lok® ORFS tube end / Adjustable BSPP thread O-ring + retaining ring;T-stuk;ORFS;2-12;buiten;BSPP;1 1/2-11;buiten;35, 38;1 1/2;109
7525-04-02;4R4OMLOS;7525;Male stud run tee;O-Lok® ORFS tube ends / Adjustable BSPP thread O-ring + retaining ring;T-stuk;ORFS;9/16-18;buiten;BSPP;1/8-28;buiten;6;1/4;110
7525-04-04;4-4-4R4OMLOS;7525;Male stud run tee;O-Lok® ORFS tube ends / Adjustable BSPP thread O-ring + retaining ring;T-stuk;ORFS;9/16-18;buiten;BSPP;1/4-19;buiten;6;1/4;110
7525-06-04;6R4OMLOS;7525;Male stud run tee;O-Lok® ORFS tube ends / Adjustable BSPP thread O-ring + retaining ring;T-stuk;ORFS;11/16-16;buiten;BSPP;1/4-19;buiten;8, 10;3/8;110
7525-06-06;6-6-6R4OMLOS;7525;Male stud run tee;O-Lok® ORFS tube ends / Adjustable BSPP thread O-ring + retaining ring;T-stuk;ORFS;11/16-16;buiten;BSPP;3/8-19;buiten;8, 10;3/8;110
7525-08-06;8R4OMLOS;7525;Male stud run tee;O-Lok® ORFS tube ends / Adjustable BSPP thread O-ring + retaining ring;T-stuk;ORFS;13/16-16;buiten;BSPP;3/8-19;buiten;12;1/2;110
7525-08-08;8-8-8R4OMLOS;7525;Male stud run tee;O-Lok® ORFS tube ends / Adjustable BSPP thread O-ring + retaining ring;T-stuk;ORFS;13/16-16;buiten;BSPP;1/2-14;buiten;12;1/2;110
7525-10-08;10R4OMLOS;7525;Male stud run tee;O-Lok® ORFS tube ends / Adjustable BSPP thread O-ring + retaining ring;T-stuk;ORFS;1-14;buiten;BSPP;1/2-14;buiten;14, 15, 16;5/8;110
7525-12-12;12R4OMLOS;7525;Male stud run tee;O-Lok® ORFS tube ends / Adjustable BSPP thread O-ring + retaining ring;T-stuk;ORFS;1 3/16-12;buiten;BSPP;3/4-14;buiten;18, 20;3/4;110
7525-12-16;12-16-12R4OMLOS;7525;Male stud run tee;O-Lok® ORFS tube ends / Adjustable BSPP thread O-ring + retaining ring;T-stuk;ORFS;1 3/16-12;buiten;BSPP;1-11;buiten;18, 20;3/4;110
7525-16-16;16R4OMLOS;7525;Male stud run tee;O-Lok® ORFS tube ends / Adjustable BSPP thread O-ring + retaining ring;T-stuk;ORFS;1 7/16-12;buiten;BSPP;1-11;buiten;25;1;110
7525-20-20;20R4OMLOS;7525;Male stud run tee;O-Lok® ORFS tube ends / Adjustable BSPP thread O-ring + retaining ring;T-stuk;ORFS;1 11/16-12;buiten;BSPP;1 1/4-11;buiten;28, 30, 32;1 1/4;110
7525-24-24;24R4OMLOS;7525;Male stud run tee;O-Lok® ORFS tube ends / Adjustable BSPP thread O-ring + retaining ring;T-stuk;ORFS;2-12;buiten;BSPP;1 1/2-11;buiten;35, 38;1 1/2;110
4WJJLO-WLNL-S;4 WJJLO-WLNL-S;7526;Bulkhead run tee;BULKHEAD RUN TEE ORFS ;T-stuk;ORFS;9/16-18;buiten;ORFS;9/16-18;buiten;;1/4;
7526-06-06;6 WJJLO-WLNL-S;7526;Bulkhead run tee;BULKHEAD RUN TEE ORFS ;T-stuk;ORFS;11/16-16;buiten;ORFS;11/16-16;buiten;;3/8;
7526-08-08;8 WJJLO-WLNL-S;7526;Bulkhead run tee;BULKHEAD RUN TEE ORFS ;T-stuk;ORFS;13/16-16;buiten;ORFS;13/16-16;buiten;;1/2;
7526-16-16;16 WJJLO-WLNL-S;7526;Bulkhead run tee;BULKHEAD RUN TEE ORFS ;T-stuk;ORFS;1 7/16-12;buiten;ORFS;1 7/16-12;buiten;;1;
7622-04-04;4C6MLOS;7622;Swivel nut elbow;O-Lok® ORFS Female swivel end / O-Lok® ORFS tube end;haaks;ORFS;9/16-18;wartelend;ORFS;9/16-18;buiten;6;1/4;91
7622-06-06;6C6MLOS;7622;Swivel nut elbow;O-Lok® ORFS Female swivel end / O-Lok® ORFS tube end;haaks;ORFS;11/16-16;wartelend;ORFS;11/16-16;buiten;8, 10;5/16, 3/8;91
7622-08-08;8C6MLOS;7622;Swivel nut elbow;O-Lok® ORFS Female swivel end / O-Lok® ORFS tube end;haaks;ORFS;13/16-16;wartelend;ORFS;13/16-16;buiten;12;1/2;91
7622-10-10;10C6MLOS;7622;Swivel nut elbow;O-Lok® ORFS Female swivel end / O-Lok® ORFS tube end;haaks;ORFS;1-14;wartelend;ORFS;1-14;buiten;14, 15, 16;5/8;91
7622-12-12;12C6MLOS;7622;Swivel nut elbow;O-Lok® ORFS Female swivel end / O-Lok® ORFS tube end;haaks;ORFS;1 3/16-12;wartelend;ORFS;1 3/16-12;buiten;18, 20;3/4;91
7622-16-16;16C6MLOS;7622;Swivel nut elbow;O-Lok® ORFS Female swivel end / O-Lok® ORFS tube end;haaks;ORFS;1 7/16-12;wartelend;ORFS;1 7/16-12;buiten;22, 25;1;91
7622-20-20;20 C6LO-S;7622;Swivel nut elbow;O-Lok® ORFS Female swivel end / O-Lok® ORFS tube end;haaks;ORFS;1 11/16-12;wartelend;ORFS;1 11/16-12;buiten;28, 30, 32;1 1/4;91
7622-24-24;24 C6LO-S;7622;Swivel nut elbow;O-Lok® ORFS Female swivel end / O-Lok® ORFS tube end;haaks;ORFS;2-12;wartelend;ORFS;2-12;buiten;35, 38;1 1/2;91
12 C5OLO-S;12 C5OLO-S;7623;Male stud elbow 90°;O-Lok® ORFS tube end / Male UN/UNF thread – O-ring;haaks;UN/UNF;1 3/16-12;buiten;UN/UNF;1 1/16-12;buiten;18, 20;3/4;101
4 C5OLO-S;4 C5OLO-S;7623;Male stud elbow 90°;O-Lok® ORFS tube end / Male UN/UNF thread – O-ring;haaks;UN/UNF;9/16-18;buiten;UN/UNF;7/16-20;buiten;;1/4;101
7623-04-04;4C5OMLOS;7623;Male stud elbow 90°;O-Lok® ORFS tube end / Male UN/UNF thread – O-ring;haaks;ORFS;9/16-18;buiten;UN/UNF;7/16-20;buiten;6;1/4;101
7623-04-06;4-6C5OMLOS;7623;Male stud elbow 90°;O-Lok® ORFS tube end / Male UN/UNF thread – O-ring;haaks;ORFS;9/16-18;buiten;UN/UNF;9/16-18;buiten;6;1/4;101
7623-06-04;6-4 C5OLO-S;7623;Male stud elbow 90°;O-Lok® ORFS tube end / Male UN/UNF thread – O-ring;haaks;ORFS;11/16-16;buiten;UN/UNF;7/16-20;buiten;8, 10;3/8;101
7623-06-05;6-5 C5OLO-S;7623;Male stud elbow 90°;O-Lok® ORFS tube end / Male UN/UNF thread – O-ring;haaks;ORFS;11/16-16;buiten;UN/UNF;1/2-20;buiten;8, 10;3/8;101
7623-06-06;6C5OMLOS;7623;Male stud elbow 90°;O-Lok® ORFS tube end / Male UN/UNF thread – O-ring;haaks;ORFS;11/16-16;buiten;UN/UNF;9/16-18;buiten;8, 10;3/8;101
7623-06-08;6-8C5OMLOS;7623;Male stud elbow 90°;O-Lok® ORFS tube end / Male UN/UNF thread – O-ring;haaks;ORFS;11/16-16;buiten;UN/UNF;3/4-16;buiten;8, 10;3/8;101
7623-06-10;6-10 C5OLO-S;7623;Male stud elbow 90°;O-Lok® ORFS tube end / Male UN/UNF thread – O-ring;haaks;ORFS;11/16-16;buiten;UN/UNF;7/8-14;buiten;8, 10;3/8;101
7623-06-12;6-12 C5OLO-S;7623;Male stud elbow 90°;O-Lok® ORFS tube end / Male UN/UNF thread – O-ring;haaks;ORFS;11/16-16;buiten;UN/UNF;1 1/16-12;buiten;8, 10;3/8;101
7623-08-05;8-5 C5OLO-S;7623;Male stud elbow 90°;O-Lok® ORFS tube end / Male UN/UNF thread – O-ring;haaks;ORFS;13/16-16;buiten;UN/UNF;1/2-20;buiten;12;1/2;101
7623-08-06;8-6 C5OLO-S;7623;Male stud elbow 90°;O-Lok® ORFS tube end / Male UN/UNF thread – O-ring;haaks;ORFS;13/16-16;buiten;UN/UNF;9/16-18;buiten;12;1/2;101
7623-08-08;8C5OMLOS;7623;Male stud elbow 90°;O-Lok® ORFS tube end / Male UN/UNF thread – O-ring;haaks;ORFS;13/16-16;buiten;UN/UNF;3/4-16;buiten;12;1/2;101
7623-08-10;8-10C5OMLOS;7623;Male stud elbow 90°;O-Lok® ORFS tube end / Male UN/UNF thread – O-ring;haaks;ORFS;13/16-16;buiten;UN/UNF;7/8-14;buiten;12;1/2;101
7623-08-12;8-12C5OMLOS;7623;Male stud elbow 90°;O-Lok® ORFS tube end / Male UN/UNF thread – O-ring;haaks;ORFS;13/16-16;buiten;UN/UNF;1 1/16-12;buiten;12;1/2;101
7623-10-08;10-8 C5OLO-S;7623;Male stud elbow 90°;O-Lok® ORFS tube end / Male UN/UNF thread – O-ring;haaks;ORFS;1-14;buiten;UN/UNF;3/4-16;buiten;14, 15, 16;5/8;101
7623-10-10;10C5OMLOS;7623;Male stud elbow 90°;O-Lok® ORFS tube end / Male UN/UNF thread – O-ring;haaks;ORFS;1-14;buiten;UN/UNF;7/8-14;buiten;14, 15, 16;5/8;101
7623-10-12;10-12 C5OLO-S;7623;Male stud elbow 90°;O-Lok® ORFS tube end / Male UN/UNF thread – O-ring;haaks;ORFS;1-14;buiten;UN/UNF;1 1/16-12;buiten;14, 15, 16;5/8;101
7623-12-08;12-8 C5OLO-S;7623;Male stud elbow 90°;O-Lok® ORFS tube end / Male UN/UNF thread – O-ring;haaks;ORFS;1 3/16-12;buiten;UN/UNF;3/4-16;buiten;18, 20;3/4;101
7623-12-10;12-10C5OMLOS;7623;Male stud elbow 90°;O-Lok® ORFS tube end / Male UN/UNF thread – O-ring;haaks;ORFS;1 3/16-12;buiten;UN/UNF;7/8-14;buiten;18, 20;3/4;101
7623-12-12;12C5OMLOS;7623;Male stud elbow 90°;O-Lok® ORFS tube end / Male UN/UNF thread – O-ring;haaks;ORFS;1 3/16-12;buiten;UN/UNF;1 1/16-12;buiten;18, 20;3/4;101
7623-12-16;12-16 C5OLO-S;7623;Male stud elbow 90°;O-Lok® ORFS tube end / Male UN/UNF thread – O-ring;haaks;ORFS;1 3/16-12;buiten;UN/UNF;1 5/16-12;buiten;18, 20;3/4;101
7623-16-12;16-12 C5OLO-S;7623;Male stud elbow 90°;O-Lok® ORFS tube end / Male UN/UNF thread – O-ring;haaks;ORFS;1 7/16-12;buiten;UN/UNF;1 1/16-12;buiten;25;1;101
7623-16-16;16 C5OLO-S;7623;Male stud elbow 90°;O-Lok® ORFS tube end / Male UN/UNF thread – O-ring;haaks;ORFS;1 7/16-12;buiten;UN/UNF;1 5/16-12;buiten;25;1;101
7623-16-20;16-20 C5OLO-S;7623;Male stud elbow 90°;O-Lok® ORFS tube end / Male UN/UNF thread – O-ring;haaks;ORFS;1 7/16-12;buiten;UN/UNF;1 5/8-12;buiten;25;1;101
7623-20-16;20-16 C5OLO-S;7623;Male stud elbow 90°;O-Lok® ORFS tube end / Male UN/UNF thread – O-ring;haaks;ORFS;1 11/16-12;buiten;UN/UNF;1 5/16-12;buiten;28, 30, 32;1 1/4;101
7623-20-20;20 C5OLO-S;7623;Male stud elbow 90°;O-Lok® ORFS tube end / Male UN/UNF thread – O-ring;haaks;ORFS;1 11/16-12;buiten;UN/UNF;1 5/8-12;buiten;28, 30, 32;1 1/4;101
7623-20-24;20-24 C5OLO-S;7623;Male stud elbow 90°;O-Lok® ORFS tube end / Male UN/UNF thread – O-ring;haaks;ORFS;1 11/16-12;buiten;UN/UNF;1 7/8-12;buiten;28, 30, 32;1 1/4;101
7623-24-20;24-20 C5OLO-S;7623;Male stud elbow 90°;O-Lok® ORFS tube end / Male UN/UNF thread – O-ring;haaks;ORFS;2-12;buiten;UN/UNF;1 5/8-12;buiten;35, 38;1 1/2;101
7623-24-24;24 C5OLO-S;7623;Male stud elbow 90°;O-Lok® ORFS tube end / Male UN/UNF thread – O-ring;haaks;ORFS;2-12;buiten;UN/UNF;1 7/8-12;buiten;35, 38;1 1/2;101
7623-32-32;32 C5OLO-S;7623;Male stud elbow 90°;O-Lok® ORFS tube end / Male UN/UNF thread – O-ring;haaks;ORFS;2 1/2-12;buiten;UN/UNF;2 1/2-12;buiten;50;2;101
8-10 C5OLO-S;8-10 C5OLO-S;7623;Male stud elbow 90°;O-Lok® ORFS tube end / Male UN/UNF thread – O-ring;haaks;UN/UNF;13/16-16;buiten;UN/UNF;7/8-14;buiten;;1/2;101
8-12 C5OLO-S;8-12 C5OLO-S;7623;Male stud elbow 90°;O-Lok® ORFS tube end / Male UN/UNF thread – O-ring;haaks;UN/UNF;13/16-16;buiten;UN/UNF;1 1/16-12;buiten;;1/2;101
7624-04-02;4C4OMLOS;7624;Male stud elbow 90°;O-Lok® ORFS tube end / Male BSPP thread O-ring + retaining ring;haaks;ORFS;9/16-18;buiten;BSPP;1/8-28;buiten;6;1/4;102
7624-04-04;4-4C4OMLOS;7624;Male stud elbow 90°;O-Lok® ORFS tube end / Male BSPP thread O-ring + retaining ring;haaks;ORFS;9/16-18;buiten;BSPP;1/4-19;buiten;6;1/4;102
7624-04-06;4-6C4OMLOS;7624;Male stud elbow 90°;O-Lok® ORFS tube end / Male BSPP thread O-ring + retaining ring;haaks;ORFS;9/16-18;buiten;BSPP;3/8-19;buiten;6;1/4;102
7624-06-02;6-2C4OMLOS;7624;Male stud elbow 90°;O-Lok® ORFS tube end / Male BSPP thread O-ring + retaining ring;haaks;ORFS;11/16-16;buiten;BSPP;1/8-28;buiten;8, 10;3/8;102
7624-06-06;6C4OMLOS;7624;Male stud elbow 90°;O-Lok® ORFS tube end / Male BSPP thread O-ring + retaining ring;haaks;ORFS;11/16-16;buiten;BSPP;1/4-19;buiten;8, 10;3/8;102
7624-06-06;6-6C4OMLOS;7624;Male stud elbow 90°;O-Lok® ORFS tube end / Male BSPP thread O-ring + retaining ring;haaks;ORFS;11/16-16;buiten;BSPP;3/8-19;buiten;8, 10;3/8;102
7624-06-08;6-8C4OMLOS;7624;Male stud elbow 90°;O-Lok® ORFS tube end / Male BSPP thread O-ring + retaining ring;haaks;ORFS;11/16-16;buiten;BSPP;1/2-14;buiten;8, 10;3/8;102
7624-08-04;8-4C4OMLOS;7624;Male stud elbow 90°;O-Lok® ORFS tube end / Male BSPP thread O-ring + retaining ring;haaks;ORFS;13/16-16;buiten;BSPP;1/4-19;buiten;12;1/2;102
7624-08-08;8C4OMLOS;7624;Male stud elbow 90°;O-Lok® ORFS tube end / Male BSPP thread O-ring + retaining ring;haaks;ORFS;13/16-16;buiten;BSPP;3/8-19;buiten;12;1/2;102
7624-08-08;8-8C4OMLOS;7624;Male stud elbow 90°;O-Lok® ORFS tube end / Male BSPP thread O-ring + retaining ring;haaks;ORFS;13/16-16;buiten;BSPP;1/2-14;buiten;12;1/2;102
7624-08-12;8-12C4OMLOS;7624;Male stud elbow 90°;O-Lok® ORFS tube end / Male BSPP thread O-ring + retaining ring;haaks;ORFS;13/16-16;buiten;BSPP;3/4-14;buiten;12;1/2;102
7624-10-06;10-6C4OMLOS;7624;Male stud elbow 90°;O-Lok® ORFS tube end / Male BSPP thread O-ring + retaining ring;haaks;ORFS;1-14;buiten;BSPP;3/8-19;buiten;14, 15,16;5/8;102
7624-10-08;10C4OMLOS;7624;Male stud elbow 90°;O-Lok® ORFS tube end / Male BSPP thread O-ring + retaining ring;haaks;ORFS;1-14;buiten;BSPP;1/2-14;buiten;14, 15,16;5/8;102
7624-10-10;;7624;Male stud elbow 90°;O-Lok® ORFS tube end / Male BSPP thread O-ring + retaining ring;haaks;ORFS;1-14;buiten;BSPP;5/8-14;buiten;14, 15, 16;5/8;102
7624-10-12;10-12C4OMLOS;7624;Male stud elbow 90°;O-Lok® ORFS tube end / Male BSPP thread O-ring + retaining ring;haaks;ORFS;1-14;buiten;BSPP;3/4-14;buiten;14, 15,16;5/8;102
7624-10-16;10-16C4OMLOS;7624;Male stud elbow 90°;O-Lok® ORFS tube end / Male BSPP thread O-ring + retaining ring;haaks;ORFS;1-14;buiten;BSPP;1-11;buiten;14, 15,16;5/8;102
7624-12-08;12-8C4OMLOS;7624;Male stud elbow 90°;O-Lok® ORFS tube end / Male BSPP thread O-ring + retaining ring;haaks;ORFS;1 3/16-12;buiten;BSPP;1/2-14;buiten;18, 20;3/4;102
7624-12-12;12C4OMLOS;7624;Male stud elbow 90°;O-Lok® ORFS tube end / Male BSPP thread O-ring + retaining ring;haaks;ORFS;1 3/16-12;buiten;BSPP;3/4-14;buiten;18, 20;3/4;102
7624-12-16;12-16C4OMLOS;7624;Male stud elbow 90°;O-Lok® ORFS tube end / Male BSPP thread O-ring + retaining ring;haaks;ORFS;1 3/16-12;buiten;BSPP;1-11;buiten;18, 20;3/4;102
7624-16-12;16-12C4OMLOS;7624;Male stud elbow 90°;O-Lok® ORFS tube end / Male BSPP thread O-ring + retaining ring;haaks;ORFS;1 7/16-12;buiten;BSPP;3/4-14;buiten;25;1;102
7624-16-16;16C4OMLOS;7624;Male stud elbow 90°;O-Lok® ORFS tube end / Male BSPP thread O-ring + retaining ring;haaks;ORFS;1 7/16-12;buiten;BSPP;1-11;buiten;25;1;102
7624-16-20;16-20C4OMLOS;7624;Male stud elbow 90°;O-Lok® ORFS tube end / Male BSPP thread O-ring + retaining ring;haaks;ORFS;1 7/16-12;buiten;BSPP;1 1/4-11;buiten;25;1;102
7624-20-16;20-16C4OMLOS;7624;Male stud elbow 90°;O-Lok® ORFS tube end / Male BSPP thread O-ring + retaining ring;haaks;ORFS;1 11/16-12;buiten;BSPP;1-11;buiten;28, 30, 32;1 1/4;102
7624-20-20;20C4OMLOS;7624;Male stud elbow 90°;O-Lok® ORFS tube end / Male BSPP thread O-ring + retaining ring;haaks;ORFS;1 11/16-12;buiten;BSPP;1 1/4-11;buiten;28, 30, 32;1 1/4;102
7624-20-24;20-24C4OMLOS;7624;Male stud elbow 90°;O-Lok® ORFS tube end / Male BSPP thread O-ring + retaining ring;haaks;ORFS;1 11/16-12;buiten;BSPP;1 1/2-11;buiten;28, 30, 32;1 1/4;102
7624-24-20;24-20C4OMLOS;7624;Male stud elbow 90°;O-Lok® ORFS tube end / Male BSPP thread O-ring + retaining ring;haaks;ORFS;2-12;buiten;BSPP;1 1/4-11;buiten;35, 38;1 1/2;102
7624-24-24;24C4OMLOS;7624;Male stud elbow 90°;O-Lok® ORFS tube end / Male BSPP thread O-ring + retaining ring;haaks;ORFS;2-12;buiten;BSPP;1 1/2-11;buiten;35, 28;1 1/2;102
7625-02-04;4 CLO-S;7625;Male stud elbow 90°;O-Lok® ORFS tube end / Male NPTF thread;haaks;NPT/NPTF;1/8-27;buiten;ORFS;9/16-18;buiten;6;1/4;103
7625-04-04;4-4 CLO-S;7625;Male stud elbow 90°;O-Lok® ORFS tube end / Male NPTF thread;haaks;NPT/NPTF;1/4-18;buiten;ORFS;9/16-18;buiten;6;1/4;103
7625-04-06;6 CLO-S;7625;Male stud elbow 90°;O-Lok® ORFS tube end / Male NPTF thread;haaks;NPT/NPTF;1/4-18;buiten;ORFS;11/16-16;buiten;8, 10;3/8;103
7625-06-06;6-6 CLO-S;7625;Male stud elbow 90°;O-Lok® ORFS tube end / Male NPTF thread;haaks;NPT/NPTF;3/8-18;buiten;ORFS;11/16-16;buiten;8, 10;3/8;103
7625-06-08;8 CLO-S;7625;Male stud elbow 90°;O-Lok® ORFS tube end / Male NPTF thread;haaks;NPT/NPTF;3/8-18;buiten;ORFS;13/16-16;buiten;12;1/2;103
7625-08-06;6-8 CLO-S;7625;Male stud elbow 90°;O-Lok® ORFS tube end / Male NPTF thread;haaks;NPT/NPTF;1/2-14;buiten;ORFS;11/16-16;buiten;8, 10;3/8;103
7625-08-08;8-8 CLO-S;7625;Male stud elbow 90°;O-Lok® ORFS tube end / Male NPTF thread;haaks;NPT/NPTF;1/2-14;buiten;ORFS;13/16-16;buiten;12;1/2;103
7625-08-10;10 CLO-S;7625;Male stud elbow 90°;O-Lok® ORFS tube end / Male NPTF thread;haaks;NPT/NPTF;1/2-14;buiten;ORFS;1-14;buiten;14, 15, 16;5/8;103
7625-08-12;12-8 CLO-S;7625;Male stud elbow 90°;O-Lok® ORFS tube end / Male NPTF thread;haaks;NPT/NPTF;1/2-14;buiten;ORFS;1 3/16-12;buiten;18, 20;3/4;103
7625-12-08;8-12 CLO-S;7625;Male stud elbow 90°;O-Lok® ORFS tube end / Male NPTF thread;haaks;NPT/NPTF;3/4-14;buiten;ORFS;13/16-16;buiten;12;1/2;103
7625-12-12;10-12 CLO-S;7625;Male stud elbow 90°;O-Lok® ORFS tube end / Male NPTF thread;haaks;NPT/NPTF;3/4-14;buiten;ORFS;1-14;buiten;14, 15, 16;5/8;103
7625-12-12;12 CLO-S;7625;Male stud elbow 90°;O-Lok® ORFS tube end / Male NPTF thread;haaks;NPT/NPTF;3/4-14;buiten;ORFS;1 3/16-12;buiten;18, 20;3/4;103
7625-12-16;16-12 CLO-S;7625;Male stud elbow 90°;O-Lok® ORFS tube end / Male NPTF thread;haaks;NPT/NPTF;3/4-14;buiten;ORFS;1 7/16-12;buiten;25;1;103
7625-16-12;12-16 CLO-S;7625;Male stud elbow 90°;O-Lok® ORFS tube end / Male NPTF thread;haaks;NPT/NPTF;1-11.5;buiten;ORFS;1 3/16-12;buiten;18, 20;3/4;103
7625-16-16;16 CLO-S;7625;Male stud elbow 90°;O-Lok® ORFS tube end / Male NPTF thread;haaks;NPT/NPTF;1-11.5;buiten;ORFS;1 7/16-12;buiten;25;1;103
7625-20-20;20 CLO-S;7625;Male stud elbow 90°;O-Lok® ORFS tube end / Male NPTF thread;haaks;NPT/NPTF;1 1/4-11.5;buiten;ORFS;1 11/16-12;buiten;28, 30, 32;1 1/4;103
7625-24-24;24 CLO-S;7625;Male stud elbow 90°;O-Lok® ORFS tube end / Male NPTF thread;haaks;NPT/NPTF;1 1/2-11.5;buiten;ORFS;2-12;buiten;35, 38;1 1/2;103
7626-04-12;4M12C8OMLOS;7626;Male stud elbow 90°;O-Lok® ORFS tube end / Male metric thread – O-ring + retaining ring;haaks;ORFS;9/16-18;buiten;Metric;M 12×1.5;buiten;6;1/4;104
7626-04-14;4M14C8OMLOS;7626;Male stud elbow 90°;O-Lok® ORFS tube end / Male metric thread – O-ring + retaining ring;haaks;ORFS;9/16-18;buiten;Metric;M 14×1.5;buiten;6;1/4;104
7626-06-12;6M12C87OMLOS;7626;Male stud elbow 90°;O-Lok® ORFS tube end / Male metric thread – O-ring + retaining ring;haaks;ORFS;11/16-16;buiten;Metric;M 12×1.5;buiten;8, 10;;104
7626-06-14;6M14C8OMLOS;7626;Male stud elbow 90°;O-Lok® ORFS tube end / Male metric thread – O-ring + retaining ring;haaks;ORFS;11/16-16;buiten;Metric;M 14×1.5;buiten;8, 10;3/8;104
7626-06-16;6M16C8OMLOS;7626;Male stud elbow 90°;O-Lok® ORFS tube end / Male metric thread – O-ring + retaining ring;haaks;ORFS;11/16-16;buiten;Metric;M 16×1.5;buiten;8, 10;3/8;104
7626-08-16;8M16C8OMLOS;7626;Male stud elbow 90°;O-Lok® ORFS tube end / Male metric thread – O-ring + retaining ring;haaks;ORFS;13/16-16;buiten;Metric;M 16×1.5;buiten;12;1/2;104
7626-08-18;8M18C8OMLOS;7626;Male stud elbow 90°;O-Lok® ORFS tube end / Male metric thread – O-ring + retaining ring;haaks;ORFS;13/16-16;buiten;Metric;M 18×1.5;buiten;12;1/2;104
7626-10-18;10M18C8OMLOS;7626;Male stud elbow 90°;O-Lok® ORFS tube end / Male metric thread – O-ring + retaining ring;haaks;ORFS;1-14;buiten;Metric;M 18×1.5;buiten;14, 15, 16;5/8;104
7626-10-22;10M22C8OMLOS;7626;Male stud elbow 90°;O-Lok® ORFS tube end / Male metric thread – O-ring + retaining ring;haaks;ORFS;1-14;buiten;Metric;M 22×1.5;buiten;14, 15, 16;5/8;104
7626-12-22;12M22C8OMLOS;7626;Male stud elbow 90°;O-Lok® ORFS tube end / Male metric thread – O-ring + retaining ring;haaks;ORFS;1 3/16-12;buiten;Metric;M 22×1.5;buiten;18, 20;3/4;104
7626-12-24;;7626;Male stud elbow 90°;O-Lok® ORFS tube end / Male metric thread – O-ring + retaining ring;haaks;ORFS;1 3/16-12;buiten;Metric;M 24×1.5;buiten;18, 20;3/4;104
7626-12-27;12M27C8OMLOS;7626;Male stud elbow 90°;O-Lok® ORFS tube end / Male metric thread – O-ring + retaining ring;haaks;ORFS;1 3/16-12;buiten;Metric;M 27×2.0;buiten;18, 20;3/4;104
7626-16-33;16M33C8OMLOS;7626;Male stud elbow 90°;O-Lok® ORFS tube end / Male metric thread – O-ring + retaining ring;haaks;ORFS;1 7/16-12;buiten;Metric;M 33×2.0;buiten;25;1;104
7626-20-42;20M42C8OMLOS;7626;Male stud elbow 90°;O-Lok® ORFS tube end / Male metric thread – O-ring + retaining ring;haaks;ORFS;1 11/16-12;buiten;Metric;M 42×2.0;buiten;28, 30, 32;1 1/4;104
7626-24-48;24M48C8OMLOS;7626;Male stud elbow 90°;O-Lok® ORFS tube end / Male metric thread – O-ring + retaining ring;haaks;ORFS;2-12;buiten;Metric;M 48×2.0;buiten;35, 38;1 1/2;104
7648-04-04;4 WELO-WLNL-S;7648;Bulkhead union elbow 90°;O-Lok® ORFS tube end / O-Lok® ORFS tube ends;haaks;ORFS;9/16-18;buiten;ORFS;9/16-18;buiten;6;1/4;89
7648-06-06;6WEMLOWLNMLS;7648;Bulkhead union elbow 90°;O-Lok® ORFS tube end / O-Lok® ORFS tube ends;haaks;ORFS;11/16-16;buiten;ORFS;11/16-16;buiten;8, 10;5/16, 3/8;89
7648-08-08;8WEMLOWLNMLS;7648;Bulkhead union elbow 90°;O-Lok® ORFS tube end / O-Lok® ORFS tube ends;haaks;ORFS;13/16-16;buiten;ORFS;13/16-16;buiten;12;1/2;89
7648-10-10;10WEMLOWLNMLS;7648;Bulkhead union elbow 90°;O-Lok® ORFS tube end / O-Lok® ORFS tube ends;haaks;ORFS;1-14;buiten;ORFS;1-14;buiten;14, 15, 16;5/8;89
7648-12-12;12 WELO-WLNL-S;7648;Bulkhead union elbow 90°;O-Lok® ORFS tube end / O-Lok® ORFS tube ends;haaks;ORFS;1 3/16-12;buiten;ORFS;1 3/16-12;buiten;18, 20;3/4;89
7648-16-16;16 WELO-WLNL-S;7648;Bulkhead union elbow 90°;O-Lok® ORFS tube end / O-Lok® ORFS tube ends;haaks;ORFS;1 7/16-12;buiten;ORFS;1 7/16-12;buiten;22, 25;1;89
7648-20-20;20 WELO-WLNL-S;7648;Bulkhead union elbow 90°;O-Lok® ORFS tube end / O-Lok® ORFS tube ends;haaks;ORFS;1 11/16-12;buiten;ORFS;1 11/16-12;buiten;28, 30, 32;1 1/4;89
7648-24-24;24 WELO-WLNL-S;7648;Bulkhead union elbow 90°;O-Lok® ORFS tube end / O-Lok® ORFS tube ends;haaks;ORFS;2-12;buiten;ORFS;2-12;buiten;35, 38;1 1/2;89
8 WELO-S;8 WELO-S;7648;Bulkhead union elbow 90°;O-Lok® ORFS tube end / O-Lok® ORFS tube ends;haaks;ORFS;13/16-16;buiten;ORFS;13/16-16;buiten;;1/2;
7722-04-04;4JMLOS;7722;Union tee;O-Lok® ORFS tube ends;T-stuk;ORFS;9/16-18;buiten;ORFS;9/16-18;buiten;6;1/4;87
7722-06-06;6JMLOS;7722;Union tee;O-Lok® ORFS tube ends;T-stuk;ORFS;11/16-16;buiten;ORFS;11/16-16;buiten;8, 10;5/16, 3/8;87
7722-08-08;8JMLOS;7722;Union tee;O-Lok® ORFS tube ends;T-stuk;ORFS;13/16-16;buiten;ORFS;13/16-16;buiten;12;1/2;87
7722-10-10;10 JLO-S;7722;Union tee;O-Lok® ORFS tube ends;T-stuk;ORFS;1-14;buiten;ORFS;1-14;buiten;14, 15, 16;5/8;87
7722-12-12;12 JLO-S;7722;Union tee;O-Lok® ORFS tube ends;T-stuk;ORFS;1 3/16-12;buiten;ORFS;1 3/16-12;buiten;18, 20;3/4;87
7722-16-16;16 JLO-S;7722;Union tee;O-Lok® ORFS tube ends;T-stuk;ORFS;1 7/16-12;buiten;ORFS;1 7/16-12;buiten;22, 25;1;87
7722-20-20;20 JLO-S;7722;Union tee;O-Lok® ORFS tube ends;T-stuk;ORFS;1 11/16-12;buiten;ORFS;1 11/16-12;buiten;28, 30, 32;1 1/4;87
7722-24-24;24 JLO-S;7722;Union tee;O-Lok® ORFS tube ends;T-stuk;ORFS;2-12;buiten;ORFS;2-12;buiten;35, 38;1 1/2;87
7722-32-32;32 JLO-S;7722;Union tee;O-Lok® ORFS tube ends;T-stuk;ORFS;2 1/2-12;buiten;ORFS;2 1/2-12;buiten;50;2;87
7922-04-04;4 ELO-S;7922;Union elbow;O-Lok® ORFS tube ends;haaks;ORFS;9/16-18;buiten;ORFS;9/16-18;buiten;6;1/4;87
7922-06-06;6 ELO-S;7922;Union elbow;O-Lok® ORFS tube ends;haaks;ORFS;11/16-16;buiten;ORFS;11/16-16;buiten;8, 10;5/16, 3/8;87
7922-08-08;8 ELO-S;7922;Union elbow;O-Lok® ORFS tube ends;haaks;ORFS;13/16-16;buiten;ORFS;13/16-16;buiten;12;1/2;87
7922-10-10;10 ELO-S;7922;Union elbow;O-Lok® ORFS tube ends;haaks;ORFS;1-14;buiten;ORFS;1-14;buiten;14, 15, 16;5/8;87
7922-12-12;12 ELO-S;7922;Union elbow;O-Lok® ORFS tube ends;haaks;ORFS;1 3/16-12;buiten;ORFS;1 3/16-12;buiten;18, 20;3/4;87
7922-16-16;16 ELO-S;7922;Union elbow;O-Lok® ORFS tube ends;haaks;ORFS;1 7/16-12;buiten;ORFS;1 7/16-12;buiten;22, 25;1;87
7922-20-20;20 ELO-S;7922;Union elbow;O-Lok® ORFS tube ends;haaks;ORFS;1 11/16-12;buiten;ORFS;1 11/16-12;buiten;28, 30, 32;1 1/4;87
7922-24-24;24 ELO-S;7922;Union elbow;O-Lok® ORFS tube ends;haaks;ORFS;2-12;buiten;ORFS;2-12;buiten;35, 38;1 1/2;87
7922-32-32;32 ELO-S;7922;Union elbow;O-Lok® ORFS tube ends;haaks;ORFS;2 1/2-12;buiten;ORFS;2 1/2-12;buiten;50;2;87
8120-02;2 TX-S;8120;Support sleeve;SUPPORT SLEEVE INCH;n.v.t.;;;;;;;;1/8;44
8120-03;3 TX-S;8120;Support sleeve;SUPPORT SLEEVE INCH;n.v.t.;;;;;;;;3/16;44
8120-04;4 TX-S;8120;Support sleeve;SUPPORT SLEEVE INCH;n.v.t.;;;;;;;;1/4;44
8120-05;;8120;Support sleeve;SUPPORT SLEEVE INCH;n.v.t.;;;;;;;;5/16;44
8120-06;6 TX-S;8120;Support sleeve;SUPPORT SLEEVE INCH;n.v.t.;;;;;;;;3/8;44
8120-08;8 TX-S;8120;Support sleeve;SUPPORT SLEEVE INCH;n.v.t.;;;;;;;;1/2;44
8120-10;10 TX-S;8120;Support sleeve;SUPPORT SLEEVE INCH;n.v.t.;;;;;;;;5/8;44
8120-12;12 TX-S;8120;Support sleeve;SUPPORT SLEEVE INCH;n.v.t.;;;;;;;;3/4;44
8120-14;14 TX-S;8120;Support sleeve;SUPPORT SLEEVE INCH;n.v.t.;;;;;;;;7/8;44
8120-16;16 TX-S;8120;Support sleeve;SUPPORT SLEEVE INCH;n.v.t.;;;;;;;;1;44
8120-20;20 TX-S;8120;Support sleeve;SUPPORT SLEEVE INCH;n.v.t.;;;;;;;;1 1/4;44
8120-24;24 TX-S;8120;Support sleeve;SUPPORT SLEEVE INCH;n.v.t.;;;;;;;;1 1/2;44
8120-32;;8120;Support sleeve;SUPPORT SLEEVE INCH;n.v.t.;;;;;;;;2;44
10BTXS;10-BTX-S;8140;Nut;NUT JIC;n.v.t.;JIC;7/8-14;wartelend;;;;;5/8;
8140-02;2 BTX-S;8140;Nut;NUT JIC;n.v.t.;JIC;5/16-24;wartelend;;;;;;46
8140-03;3 BTX-S;8140;Nut;NUT JIC;n.v.t.;JIC;3/8-24;wartelend;;;;;;46
8140-04;4BMTXS;8140;Nut;NUT JIC;n.v.t.;JIC;7/16-20;wartelend;;;;;;46
8140-05;5BMTXS;8140;Nut;NUT JIC;n.v.t.;JIC;1/2-20;wartelend;;;;;;46
8140-06;6BMTXS;8140;Nut;NUT JIC;n.v.t.;JIC;9/16-18;wartelend;;;;;;46
8140-08;8BMTXS;8140;Nut;NUT JIC;n.v.t.;JIC;3/4-16;wartelend;;;;;;46
8140-10;10BMTXS;8140;Nut;NUT JIC;n.v.t.;JIC;7/8-14;wartelend;;;;;;46
8140-12;12BMTXS;8140;Nut;NUT JIC;n.v.t.;JIC;1 1/16-12;wartelend;;;;;;46
8140-14;14 BTX-S;8140;Nut;NUT JIC;n.v.t.;JIC;1 3/16-12;wartelend;;;;;;46
8140-16;16 BTX-S;8140;Nut;NUT JIC;n.v.t.;JIC;1 5/16-12;wartelend;;;;;;46
8140-20;20BMTXS;8140;Nut;NUT JIC;n.v.t.;JIC;1 5/8-12;wartelend;;;;;;46
8140-24;24BMTXS;8140;Nut;NUT JIC;n.v.t.;JIC;1 7/8-12;wartelend;;;;;;46
8140-28;28BMTXS;8140;Nut;NUT JIC;n.v.t.;JIC;2 1/4-12;wartelend;;;;;;46
8140-32;32 BTX-S;8140;Nut;NUT JIC;n.v.t.;JIC;2 1/2-12;wartelend;;;;;;46
8141-04;;8141;Cap;HEXAGON CAP BSP;n.v.t.;BSPP;1/4-19;binnen;;;;;;
8141-08;;8141;Cap;HEXAGON CAP BSP;n.v.t.;BSPP;1/2-14;binnen;;;;;;
8141-12;;8141;Cap;HEXAGON CAP BSP;n.v.t.;BSPP;3/4-14;binnen;;;;;;
8141-16;;8141;Cap;HEXAGON CAP BSP;n.v.t.;BSPP;1-11;binnen;;;;;;
8141-20;;8141;Cap;HEXAGON CAP BSP;n.v.t.;BSPP;1 1/4-11;binnen;;;;;;
8141-24;;8141;Cap;HEXAGON CAP BSP;n.v.t.;BSPP;1 1/2-11;binnen;;;;;;
8141-32;;8141;Cap;HEXAGON CAP BSP;n.v.t.;BSPP;2-11;binnen;;;;;;
8150-02;1/8 HP-S;8150;Plug;Male NPTF Thread;n.v.t.;NPT/NPTF;1/8-27;buiten;;;;;;24
8150-04;1/4 HP-S;8150;Plug;Male NPTF Thread;n.v.t.;NPT/NPTF;1/4-18;buiten;;;;;;24
8150-06;3/8 HP-S;8150;Plug;Male NPTF Thread;n.v.t.;NPT/NPTF;3/8-18;buiten;;;;;;24
8150-08;1/2 HP-S;8150;Plug;Male NPTF Thread;n.v.t.;NPT/NPTF;1/2-14;buiten;;;;;;24
8150-12;3/4 HP-S;8150;Plug;Male NPTF Thread;n.v.t.;NPT/NPTF;3/4-14;buiten;;;;;;24
8150-16;1 HP-S;8150;Plug;Male NPTF Thread;n.v.t.;NPT/NPTF;1-11.5;buiten;;;;;;24
8150-20;1 1/4 HP-S;8150;Plug;Male NPTF Thread;n.v.t.;NPT/NPTF;1 1/4-11.5;buiten;;;;;;24
8150-24;1 1/2 HP-S;8150;Plug;Male NPTF Thread;n.v.t.;NPT/NPTF;1 1/2-11.5;buiten;;;;;;24
8150-32;-;8150;Plug;Male NPTF Thread;n.v.t.;NPT/NPTF;2-11.5;buiten;;;;;;24
8150-40;-;8150;Plug;Male NPTF Thread;n.v.t.;NPT/NPTF;2 1/2-8;buiten;;;;;;24
8150-48;-;8150;Plug;Male NPTF Thread;n.v.t.;NPT/NPTF;3-8;buiten;;;;;;24
8150-64;-;8150;Plug;Male NPTF Thread;n.v.t.;NPT/NPTF;4-8;buiten;;;;;;24
8151-01;1/16 HHP-S;8151;Plug;Male NPTF thread;n.v.t.;NPT/NPTF;1/16-27;buiten;;;;;;25
8151-02;1/8 HHP-S;8151;Plug;Male NPTF thread;n.v.t.;NPT/NPTF;1/8-27;buiten;;;;;;25
8151-04;1/4 HHP-S;8151;Plug;Male NPTF thread;n.v.t.;NPT/NPTF;1/4-18;buiten;;;;;;25
8151-06;3/8 HHP-S;8151;Plug;Male NPTF thread;n.v.t.;NPT/NPTF;3/8-18;buiten;;;;;;25
8151-08;1/2 HHP-S;8151;Plug;Male NPTF thread;n.v.t.;NPT/NPTF;1/2-14;buiten;;;;;;25
8151-12;3/4 HHP-S;8151;Plug;Male NPTF thread;n.v.t.;NPT/NPTF;3/4-14;buiten;;;;;;25
8151-16;1 HHP-S;8151;Plug;Male NPTF thread;n.v.t.;NPT/NPTF;1-11.5;buiten;;;;;;25
8151-20;1 1/4 HHP-S;8151;Plug;Male NPTF thread;n.v.t.;NPT/NPTF;1 1/4-11.5;buiten;;;;;;25
8151-24;1 1/2 HHP-S;8151;Plug;Male NPTF thread;n.v.t.;NPT/NPTF;1 1/2-11.5;buiten;;;;;;25
8151-32;2 HHP-S;8151;Plug;Male NPTF thread;n.v.t.;NPT/NPTF;2-11.5;buiten;;;;;;25
8170-01;-;8170;Cap;Female NPTF thread;n.v.t.;NPT/NPTF;1/16-27;binnen;;;;;;25
8170-02;1/8 HPC-S;8170;Cap;Female NPTF thread;n.v.t.;NPT/NPTF;1/8-27;binnen;;;;;;25
8170-04;1/4 HPC-S;8170;Cap;Female NPTF thread;n.v.t.;NPT/NPTF;1/4-18;binnen;;;;;;25
8170-06;3/8 HPC-S;8170;Cap;Female NPTF thread;n.v.t.;NPT/NPTF;3/8-18;binnen;;;;;;25
8170-08;1/2 HPC-S;8170;Cap;Female NPTF thread;n.v.t.;NPT/NPTF;1/2-14;binnen;;;;;;25
8170-12;3/4 HPC-S;8170;Cap;Female NPTF thread;n.v.t.;NPT/NPTF;3/4-14;binnen;;;;;;25
8170-16;1 HPC-S;8170;Cap;Female NPTF thread;n.v.t.;NPT/NPTF;1-11.5;binnen;;;;;;25
8170-20;-;8170;Cap;Female NPTF thread;n.v.t.;NPT/NPTF;1 1/4-11.5;binnen;;;;;;25
8170-24;1 1/2 HPC-S;8170;Cap;Female NPTF thread;n.v.t.;NPT/NPTF;1 1/2-11.5;binnen;;;;;;25
8170-32;-;8170;Cap;Female NPTF thread;n.v.t.;NPT/NPTF;2-11.5;binnen;;;;;;25
8170-40;;8170;Cap;BLANKING CAP NPT;n.v.t.;NPT/NPTF;2 1/2-8;binnen;;;;;;25
8170-48;;8170;Cap;BLANKING CAP NPT;n.v.t.;NPT/NPTF;3-8;binnen;;;;;;25
8180-06;TXS6;8180;Support sleeve;SUPPORT SLEEVE METRIC;n.v.t.;;;;;;;6;;45
8180-08;TXS8;8180;Support sleeve;SUPPORT SLEEVE METRIC;n.v.t.;;;;;;;8;;45
8180-10;TXS10;8180;Support sleeve;SUPPORT SLEEVE METRIC;n.v.t.;;;;;;;10;;45
8180-12;TXS12;8180;Support sleeve;SUPPORT SLEEVE METRIC;n.v.t.;;;;;;;12;;45
8180-14;TXS14;8180;Support sleeve;SUPPORT SLEEVE METRIC;n.v.t.;;;;;;;14;;45
8180-15;TXS15;8180;Support sleeve;SUPPORT SLEEVE METRIC;n.v.t.;;;;;;;15;;45
8180-16;TXS16;8180;Support sleeve;SUPPORT SLEEVE METRIC;n.v.t.;;;;;;;16;;45
8180-18;TXS18;8180;Support sleeve;SUPPORT SLEEVE METRIC;n.v.t.;;;;;;;18;;45
8180-20;TXS20;8180;Support sleeve;SUPPORT SLEEVE METRIC;n.v.t.;;;;;;;20;;45
8180-25;TXS25;8180;Support sleeve;SUPPORT SLEEVE METRIC;n.v.t.;;;;;;;25;;45
8180-28;TXS28;8180;Support sleeve;SUPPORT SLEEVE METRIC;n.v.t.;;;;;;;28;;45
8180-30;TXS30;8180;Support sleeve;SUPPORT SLEEVE METRIC;n.v.t.;;;;;;;30;;45
8180-32;TXS32;8180;Support sleeve;SUPPORT SLEEVE METRIC;n.v.t.;;;;;;;32;;45
8180-35;TXS35;8180;Support sleeve;SUPPORT SLEEVE METRIC;n.v.t.;;;;;;;35;;45
8180-38;TXS38;8180;Support sleeve;SUPPORT SLEEVE METRIC;n.v.t.;;;;;;;38;;45
8180-42;TXS42;8180;Support sleeve;SUPPORT SLEEVE METRIC;n.v.t.;;;;;;;42;;45
8180-50;;8180;Support sleeve;SUPPORT SLEEVE METRIC;n.v.t.;;;;;;;50;;45
8207-1;;8207;Retaining ring;RETAINER RING ;n.v.t.;;;;;;;;;
8207-1/2;2-1-8207;8207;Retaining ring;RETAINER RING ;n.v.t.;;;;;;;;;
8207-1/4;4-1-8207;8207;Retaining ring;RETAINER RING ;n.v.t.;;;;;;;;;
8207-1/8;8-1-8207;8207;Retaining ring;RETAINER RING ;n.v.t.;;;;;;;;;
8207-1-1/2;8207-1-1/2;8207;Retaining ring;RETAINER RING ;n.v.t.;;;;;;;;;
8207-1-1/4;8207-1-1/4;8207;Retaining ring;RETAINER RING ;n.v.t.;;;;;;;;;
8207-3/4;4-3-8207;8207;Retaining ring;RETAINER RING ;n.v.t.;;;;;;;;;
8207-3/8;8-3-8207;8207;Retaining ring;RETAINER RING ;n.v.t.;;;;;;;;;
8219-04-04;;8219;Adapter;ADAPTER JIS FEMALE KOMATSU SWIVEL X BSPP MALE;recht;JIS;1/4-19;wartelend;BSPT;1/4-19;buiten;;;
8219-M30-12;;8219;Adapter;ADAPTER JIS FEMALE KOMATSU SWIVEL X BSPP MALE;recht;JIS;;wartelend;BSPP;3/4-14;buiten;;;
8221-04-02;4 WGTX-WLN-S;8221;Bulkhead female connector;BULKHEAD UNION JIC X NPT FEMALE FIXED;recht;JIC;7/16-20;binnen;NPT/NPTF;1/8-27;binnen;;1/4;
8221-04-04;4-4 WGTX-WLN-S;8221;Bulkhead female connector;BULKHEAD UNION JIC X NPT FEMALE FIXED;recht;JIC;7/16-20;binnen;NPT/NPTF;1/4-18;binnen;;1/4;
16-24 F5OX-S;16-24 F5OX-S;8223;Male stud connector;Triple-Lok® 37° Flare end / Male UN/UNF thread – O-ring;recht;JIC;1 5/16-12;buiten;UN/UNF;1 7/8-12;buiten;25;1;59
4 F5OX-S;4 F5OX-S;8223;Male stud connector;Triple-Lok® 37° Flare end / Male UN/UNF thread – O-ring;recht;JIC;7/16-20;buiten;UN/UNF;7/16-20;buiten;;1/4;
4-6 F5OX-S;4-6 F5OX-S;8223;Male stud connector;Triple-Lok® 37° Flare end / Male UN/UNF thread – O-ring;recht;JIC;7/16-20;buiten;UN/UNF;9/16-18;buiten;;1/4;
8223-02-02;2 F5OX-S;8223;Male stud connector;Triple-Lok® 37° Flare end / Male UN/UNF thread – O-ring;recht;JIC;5/16-24;buiten;UN/UNF;5/16-24;buiten;;1/8;58
8223-03-02;3-2 F5OX-S;8223;Male stud connector;Triple-Lok® 37° Flare end / Male UN/UNF thread – O-ring;recht;JIC;3/8-24;buiten;UN/UNF;5/16-24;buiten;;3/16;58
8223-03-03;3 F5OX-S;8223;Male stud connector;Triple-Lok® 37° Flare end / Male UN/UNF thread – O-ring;recht;JIC;3/8-24;buiten;UN/UNF;3/8-24;buiten;;3/16;58
8223-04-03;-;8223;Male stud connector;Triple-Lok® 37° Flare end / Male UN/UNF thread – O-ring;recht;JIC;7/16-20;buiten;UN/UNF;3/8-24;buiten;6;1/4;58
8223-04-04;4F5OMXS;8223;Male stud connector;Triple-Lok® 37° Flare end / Male UN/UNF thread – O-ring;recht;JIC;7/16-20;buiten;UN/UNF;7/16-20;buiten;6;1/4;58
8223-04-05;4-5 F5OX-S;8223;Male stud connector;Triple-Lok® 37° Flare end / Male UN/UNF thread – O-ring;recht;JIC;7/16-20;buiten;UN/UNF;1/2-20;buiten;6;1/4;58
8223-04-06;4-6F5OMXS;8223;Male stud connector;Triple-Lok® 37° Flare end / Male UN/UNF thread – O-ring;recht;JIC;7/16-20;buiten;UN/UNF;9/16-18;buiten;6;1/4;58
8223-04-08;4-8 F5OX-S;8223;Male stud connector;Triple-Lok® 37° Flare end / Male UN/UNF thread – O-ring;recht;JIC;7/16-20;buiten;UN/UNF;3/4-16;buiten;6;1/4;58
8223-04-10;4-10 F5OX-S;8223;Male stud connector;Triple-Lok® 37° Flare end / Male UN/UNF thread – O-ring;recht;JIC;7/16-20;buiten;UN/UNF;7/8-14;buiten;6;1/4;58
8223-05-04;5-4F5OMXS;8223;Male stud connector;Triple-Lok® 37° Flare end / Male UN/UNF thread – O-ring;recht;JIC;1/2-20;buiten;UN/UNF;7/16-20;buiten;8;5/16;58
8223-05-05;5F5OMXS;8223;Male stud connector;Triple-Lok® 37° Flare end / Male UN/UNF thread – O-ring;recht;JIC;1/2-20;buiten;UN/UNF;1/2-20;buiten;8;5/16;58
8223-05-06;5-6 F5OX-S;8223;Male stud connector;Triple-Lok® 37° Flare end / Male UN/UNF thread – O-ring;recht;JIC;1/2-20;buiten;UN/UNF;9/16-18;buiten;8;5/16;58
8223-05-08;5-8 F5OX-S;8223;Male stud connector;Triple-Lok® 37° Flare end / Male UN/UNF thread – O-ring;recht;JIC;1/2-20;buiten;UN/UNF;3/4-16;buiten;8;5/16;58
8223-06-04;6-4 F5OX-S;8223;Male stud connector;Triple-Lok® 37° Flare end / Male UN/UNF thread – O-ring;recht;JIC;9/16-18;buiten;UN/UNF;7/16-20;buiten;10;3/8;58
8223-06-05;6-5 F5OX-S;8223;Male stud connector;Triple-Lok® 37° Flare end / Male UN/UNF thread – O-ring;recht;JIC;9/16-18;buiten;UN/UNF;1/2-20;buiten;10;3/8;58
8223-06-06;6F5OMXS;8223;Male stud connector;Triple-Lok® 37° Flare end / Male UN/UNF thread – O-ring;recht;JIC;9/16-18;buiten;UN/UNF;9/16-18;buiten;10;3/8;58
8223-06-08;6-8F5OMXS;8223;Male stud connector;Triple-Lok® 37° Flare end / Male UN/UNF thread – O-ring;recht;JIC;9/16-18;buiten;UN/UNF;3/4-16;buiten;10;3/8;58
8223-06-10;6-10F5OMXS;8223;Male stud connector;Triple-Lok® 37° Flare end / Male UN/UNF thread – O-ring;recht;JIC;9/16-18;buiten;UN/UNF;7/8-14;buiten;10;3/8;58
8223-06-12;6-12 F5OX-S;8223;Male stud connector;Triple-Lok® 37° Flare end / Male UN/UNF thread – O-ring;recht;JIC;9/16-18;buiten;UN/UNF;1 1/16-12;buiten;10;3/8;58
8223-08-04;8-4 F5OX-S;8223;Male stud connector;Triple-Lok® 37° Flare end / Male UN/UNF thread – O-ring;recht;JIC;3/4-16;buiten;UN/UNF;7/16-20;buiten;12;1/2;58
8223-08-06;8-6F5OMXS;8223;Male stud connector;Triple-Lok® 37° Flare end / Male UN/UNF thread – O-ring;recht;JIC;3/4-16;buiten;UN/UNF;9/16-18;buiten;12;1/2;58
8223-08-08;8F5OMXS;8223;Male stud connector;Triple-Lok® 37° Flare end / Male UN/UNF thread – O-ring;recht;JIC;3/4-16;buiten;UN/UNF;3/4-16;buiten;12;1/2;58
8223-08-10;8-10F5OMXS;8223;Male stud connector;Triple-Lok® 37° Flare end / Male UN/UNF thread – O-ring;recht;JIC;3/4-16;buiten;UN/UNF;7/8-14;buiten;12;1/2;58
8223-08-12;8-12F5OMXS;8223;Male stud connector;Triple-Lok® 37° Flare end / Male UN/UNF thread – O-ring;recht;JIC;3/4-16;buiten;UN/UNF;1 1/16-12;buiten;12;1/2;58
8223-08-16;8-16 F5OX-S;8223;Male stud connector;Triple-Lok® 37° Flare end / Male UN/UNF thread – O-ring;recht;JIC;3/4-16;buiten;UN/UNF;1 5/16-12;buiten;12;1/2;58
8223-10-06;10-6 F5OX-S;8223;Male stud connector;Triple-Lok® 37° Flare end / Male UN/UNF thread – O-ring;recht;JIC;7/8-14;buiten;UN/UNF;9/16-18;buiten;14, 15,16;5/8;58
8223-10-08;10-8F5OMXS;8223;Male stud connector;Triple-Lok® 37° Flare end / Male UN/UNF thread – O-ring;recht;JIC;7/8-14;buiten;UN/UNF;3/4-16;buiten;14, 15,16;5/8;58
8223-10-10;10F5OMXS;8223;Male stud connector;Triple-Lok® 37° Flare end / Male UN/UNF thread – O-ring;recht;JIC;7/8-14;buiten;UN/UNF;7/8-14;buiten;14, 15,16;5/8;58
8223-10-12;10-12F5OMXS;8223;Male stud connector;Triple-Lok® 37° Flare end / Male UN/UNF thread – O-ring;recht;JIC;7/8-14;buiten;UN/UNF;1 1/16-12;buiten;14, 15,16;5/8;58
8223-10-16;10-16 F5OX-S;8223;Male stud connector;Triple-Lok® 37° Flare end / Male UN/UNF thread – O-ring;recht;JIC;7/8-14;buiten;UN/UNF;1 5/16-12;buiten;14, 15,16;5/8;58
8223-12-08;12-8 F5OX-S;8223;Male stud connector;Triple-Lok® 37° Flare end / Male UN/UNF thread – O-ring;recht;JIC;1 1/16-12;buiten;UN/UNF;3/4-16;buiten;18, 20;3/4;58
8223-12-10;12-10F5OMXS;8223;Male stud connector;Triple-Lok® 37° Flare end / Male UN/UNF thread – O-ring;recht;JIC;1 1/16-12;buiten;UN/UNF;7/8-14;buiten;18, 20;3/4;58
8223-12-12;12F5OMXS;8223;Male stud connector;Triple-Lok® 37° Flare end / Male UN/UNF thread – O-ring;recht;JIC;1 1/16-12;buiten;UN/UNF;1 1/16-12;buiten;18, 20;3/4;58
8223-12-14;12-14 F5OX-S;8223;Male stud connector;Triple-Lok® 37° Flare end / Male UN/UNF thread – O-ring;recht;JIC;1 1/16-12;buiten;UN/UNF;1 3/16-12;buiten;18, 20;3/4;58
8223-12-16;12-16 F5OX-S;8223;Male stud connector;Triple-Lok® 37° Flare end / Male UN/UNF thread – O-ring;recht;JIC;1 1/16-12;buiten;UN/UNF;1 5/16-12;buiten;18, 20;3/4;58
8223-12-20;12-20 F5OX-S;8223;Male stud connector;Triple-Lok® 37° Flare end / Male UN/UNF thread – O-ring;recht;JIC;1 1/16-12;buiten;UN/UNF;1 5/8-12;buiten;18, 20;3/4;58
8223-14-14;14 F5OX-S;8223;Male stud connector;Triple-Lok® 37° Flare end / Male UN/UNF thread – O-ring;recht;JIC;1 3/16-12;buiten;UN/UNF;1 3/16-12;buiten;22;7/8;58
8223-14-16;14-16 F5OX-S;8223;Male stud connector;Triple-Lok® 37° Flare end / Male UN/UNF thread – O-ring;recht;JIC;1 3/16-12;buiten;UN/UNF;1 5/16-12;buiten;22;7/8;58
8223-16-08;16-8F5OX-S;8223;Male stud connector;Triple-Lok® 37° Flare end / Male UN/UNF thread – O-ring;recht;JIC;1 5/16-12;buiten;UN/UNF;3/4-16;buiten;25;1;58
8223-16-10;16-10 F5OX-S;8223;Male stud connector;Triple-Lok® 37° Flare end / Male UN/UNF thread – O-ring;recht;JIC;1 5/16-12;buiten;UN/UNF;7/8-14;buiten;25;1;58
8223-16-12;16-12F5OMXS;8223;Male stud connector;Triple-Lok® 37° Flare end / Male UN/UNF thread – O-ring;recht;JIC;1 5/16-12;buiten;UN/UNF;1 1/16-12;buiten;25;1;59
8223-16-14;16-14 F5OX-S;8223;Male stud connector;Triple-Lok® 37° Flare end / Male UN/UNF thread – O-ring;recht;JIC;1 5/16-12;buiten;UN/UNF;1 3/16-12;buiten;25;1;59
8223-16-16;16F5OMXS;8223;Male stud connector;Triple-Lok® 37° Flare end / Male UN/UNF thread – O-ring;recht;JIC;1 5/16-12;buiten;UN/UNF;1 5/16-12;buiten;25;1;58
8223-16-20;16-20 F5OX-S;8223;Male stud connector;Triple-Lok® 37° Flare end / Male UN/UNF thread – O-ring;recht;JIC;1 5/16-12;buiten;UN/UNF;1 5/8-12;buiten;25;1;59
8223-16-24;16-24 F5OX-S;8223;Male stud connector;Triple-Lok® 37° Flare end / Male UN/UNF thread – O-ring;recht;JIC;1 5/16-12;buiten;UN/UNF;1 7/8-12;buiten;25;1;59
8223-20-12;20-12 F5OX-S;8223;Male stud connector;Triple-Lok® 37° Flare end / Male UN/UNF thread – O-ring;recht;JIC;1 5/8-12;buiten;UN/UNF;1 1/16-12;buiten;28, 30, 32;1 1/4;59
8223-20-16;20-16 F5OX-S;8223;Male stud connector;Triple-Lok® 37° Flare end / Male UN/UNF thread – O-ring;recht;JIC;1 5/8-12;buiten;UN/UNF;1 5/16-12;buiten;28, 30, 32;1 1/4;59
8223-20-20;20F5OMXS;8223;Male stud connector;Triple-Lok® 37° Flare end / Male UN/UNF thread – O-ring;recht;JIC;1 5/8-12;buiten;UN/UNF;1 5/8-12;buiten;28, 30, 32;1 1/4;59
8223-20-24;20-24 F5OX-S;8223;Male stud connector;Triple-Lok® 37° Flare end / Male UN/UNF thread – O-ring;recht;JIC;1 5/16-12;buiten;UN/UNF;1 7/8-12;buiten;28, 30, 32;1 1/4;59
8223-24-20;24-20 F5OX-S;8223;Male stud connector;Triple-Lok® 37° Flare end / Male UN/UNF thread – O-ring;recht;JIC;1 7/8-12;buiten;UN/UNF;1 5/8-12;buiten;35, 38;1 1/2;59
8223-24-24;24F5OMXS;8223;Male stud connector;Triple-Lok® 37° Flare end / Male UN/UNF thread – O-ring;recht;JIC;1 7/8-12;buiten;UN/UNF;1 7/8-12;buiten;35, 38;1 1/2;59
8223-24-32;24-32 F5OX-S;8223;Male stud connector;Triple-Lok® 37° Flare end / Male UN/UNF thread – O-ring;recht;JIC;1 7/8-12;buiten;UN/UNF;2 1/2-12;buiten;35, 38;1 1/2;59
8223-32-24;32-24 F5OX-S;8223;Male stud connector;Triple-Lok® 37° Flare end / Male UN/UNF thread – O-ring;recht;JIC;2 1/2-12;buiten;UN/UNF;1 7/8-12;buiten;;2;59
8223-32-32;32 F5OX-S;8223;Male stud connector;Triple-Lok® 37° Flare end / Male UN/UNF thread – O-ring;recht;JIC;2 1/2-12;buiten;UN/UNF;2 1/2-12;buiten;;2;59
8224-02-04;4-2 TRTX-S;8224;Nut;REDUCER JIC X JIC (EXCL NUT) ;recht;JIC;5/16-24;buiten;JIC;7/16-20;wartelend;;;56
8224-04-05;5-4TRMTXS;8224;Nut;REDUCER JIC X JIC (INCL NUT);recht;JIC;7/16-20;buiten;JIC;1/2-20;wartelend;;;56
8224-04-06;6-4TRTXS;8224;Nut;REDUCER JIC X JIC (EXCL NUT) ;recht;JIC;7/16-20;buiten;JIC;9/16-18;wartelend;;;56
8224-04-08;8-4TRTXS;8224;Nut;REDUCER JIC X JIC (EXCL NUT) ;recht;JIC;7/16-20;buiten;JIC;3/4-16;wartelend;;;56
8224-04-10;10-4 TRTX-S;8224;Nut;REDUCER JIC X JIC (EXCL NUT) ;recht;JIC;7/16-20;buiten;JIC;7/8-14;wartelend;;;56
8224-04-12;12-4 TRTX-S;8224;Nut;REDUCER JIC X JIC (EXCL NUT) ;recht;JIC;7/16-20;buiten;JIC;1 1/16-12;wartelend;;;56
8224-04-16;16-4 TRTXS;8224;Nut;REDUCER JIC X JIC (EXCL NUT) ;recht;JIC;7/16-20;buiten;JIC;1 5/16-12;wartelend;;;56
8224-05-06;6-5TRMTXS;8224;Nut;REDUCER JIC X JIC (INCL NUT);recht;JIC;1/2-20;buiten;JIC;9/16-18;wartelend;;;56
8224-05-08;8-5TRTXS;8224;Nut;REDUCER JIC X JIC (EXCL NUT) ;recht;JIC;1/2-20;buiten;JIC;3/4-16;wartelend;;;56
8224-05-12;12-5TRTXS;8224;Nut;REDUCER JIC X JIC (EXCL NUT) ;recht;JIC;1/2-20;buiten;JIC;1 1/16-12;wartelend;;;56
8224-06-08;8-6TRTXS;8224;Nut;REDUCER JIC X JIC (EXCL NUT) ;recht;JIC;9/16-18;buiten;JIC;3/4-16;wartelend;;;56
8224-06-10;10-6TRTXS;8224;Nut;REDUCER JIC X JIC (EXCL NUT) ;recht;JIC;9/16-18;buiten;JIC;7/8-14;wartelend;;;56
8224-06-12;12-6 TRTX-S;8224;Nut;REDUCER JIC X JIC (EXCL NUT) ;recht;JIC;9/16-18;buiten;JIC;1 1/16-12;wartelend;;;56
8224-06-16;16-6TRTXS;8224;Nut;REDUCER JIC X JIC (EXCL NUT) ;recht;JIC;9/16-18;buiten;JIC;1 5/16-12;wartelend;;;56
8224-08-10;10-8TRMTXS;8224;Nut;REDUCER JIC X JIC (INCL NUT);recht;JIC;3/4-16;buiten;JIC;7/8-14;wartelend;;;56
8224-08-12;12-8TRTXS;8224;Nut;REDUCER JIC X JIC (EXCL NUT) ;recht;JIC;3/4-16;buiten;JIC;1 1/16-12;wartelend;;;56
8224-08-16;16-8 TRTX-S;8224;Nut;REDUCER JIC X JIC (EXCL NUT) ;recht;JIC;3/4-16;buiten;JIC;1 5/16-12;wartelend;;;56
8224-08-20;20-8TRTXS;8224;Nut;REDUCER JIC X JIC (EXCL NUT) ;recht;JIC;3/4-16;buiten;JIC;1 5/8-12;wartelend;;;56
8224-08-24;24-8 TRTX-S;8224;Nut;REDUCER JIC X JIC (EXCL NUT) ;recht;JIC;3/4-16;buiten;JIC;1 7/8-12;wartelend;;;56
8224-10-12;12-10TRMTXS;8224;Nut;REDUCER JIC X JIC (INCL NUT);recht;JIC;7/8-14;buiten;JIC;1 1/16-12;wartelend;;;56
8224-10-14;14-10 TRTX-S;8224;Nut;REDUCER JIC X JIC (EXCL NUT) ;recht;JIC;7/8-14;buiten;JIC;1 3/16-12;wartelend;;;56
8224-10-16;16-10TRTXS;8224;Nut;REDUCER JIC X JIC (INCL NUT);recht;JIC;7/8-14;buiten;JIC;1 5/16-12;wartelend;;;56
8224-10-20;20-10TRTXS;8224;Nut;REDUCER JIC X JIC (EXCL NUT) ;recht;JIC;7/8-14;buiten;JIC;1 5/8-12;wartelend;;;56
8224-10-24;24-10TRTXS;8224;Nut;REDUCER JIC X JIC (EXCL NUT) ;recht;JIC;7/8-14;buiten;JIC;1 7/8-12;wartelend;;;56
8224-12-08;;8224;Nut;REDUCER JIC X JIC (INCL NUT);recht;JIC;1 1/16-12;buiten;JIC;3/4-16;wartelend;;;56
8224-12-10;;8224;Nut;REDUCER JIC X JIC (INCL NUT);recht;JIC;1 1/16-12;buiten;JIC;7/8-14;wartelend;;;56
8224-12-14;14-12 TRTXN-S;8224;Nut;REDUCER JIC X JIC (INCL NUT);recht;JIC;1 1/16-12;buiten;JIC;1 3/16-12;wartelend;;;56
8224-12-16;16-12TRTXS;8224;Nut;REDUCER JIC X JIC (EXCL NUT) ;recht;JIC;1 1/16-12;buiten;JIC;1 5/16-12;wartelend;;;56
8224-12-20;20-12 TRTX-S;8224;Nut;REDUCER JIC X JIC (EXCL NUT) ;recht;JIC;1 1/16-12;buiten;JIC;1 5/8-12;wartelend;;;56
8224-12-24;24-12TRTXS;8224;Nut;REDUCER JIC X JIC (EXCL NUT) ;recht;JIC;1 1/16-12;buiten;JIC;1 7/8-12;wartelend;;;56
8224-16-20;20-16TRTXS;8224;Nut;REDUCER JIC X JIC (EXCL NUT) ;recht;JIC;1 5/16-12;buiten;JIC;1 5/8-12;wartelend;;;56
8224-16-24;24-16TRTXS;8224;Nut;REDUCER JIC X JIC (EXCL NUT) ;recht;JIC;1 5/16-12;buiten;JIC;1 7/8-12;wartelend;;;56
8224-20-24;24-20 TRTX-S;8224;Nut;REDUCER JIC X JIC (EXCL NUT) ;recht;JIC;1 5/8-12;buiten;JIC;1 7/8-12;wartelend;;;56
8224-24-32;32-24 TRTX-S;8224;Nut;REDUCER JIC X JIC (EXCL NUT) ;recht;JIC;1 7/8-12;buiten;JIC;2 1/2-12;wartelend;;;56
12-8 TRTX-S;12-8 TRTX-S;8224;Reducer;REDUCER JIC MALE X JIC FEMALE SWIVEL;recht;JIC;3/4-16;buiten;JIC;3/4-16;buiten;;;
14-12 TRTX-S;14-12 TRTX-S;8224;Reducer;REDUCER JIC MALE X JIC FEMALE SWIVEL;recht;;;;JIC;1 1/16-12;buiten;;;
32-24 TRTX-S;32-24 TRTX-S;8224;Reducer;REDUCER JIC MALE X JIC FEMALE SWIVEL;recht;JIC;1 7/8-12;buiten;JIC;1 7/8-12;buiten;;;
6-4 TRTX-S;6-4 TRTX-S;8224;Reducer;REDUCER JIC MALE X JIC FEMALE SWIVEL;recht;JIC;7/16-20;buiten;JIC;7/16-20;buiten;;;
8224-08-06;;8224;Reducer;REDUCER JIC MALE X JIC FEMALE SWIVEL;recht;JIC;3/4-16;buiten;JIC;9/16-18;wartelend;;;56
8224-16-12;;8224;Reducer;REDUCER JIC MALE X JIC FEMALE SWIVEL;recht;JIC;1 5/16-12;buiten;JIC;1 1/16-12;wartelend;;;56
12 WFTX-WLN-S;12 WFTX-WLN-S;8225;Bulkhead male stud connector;BULKHEAD UNION JIC X NPT;recht;JIC;1 1/16-12;buiten;NPT/NPTF;3/4-14;buiten;;3/4;
8225-04-02;;8225;Bulkhead male stud connector;BULKHEAD UNION JIC X NPT;recht;JIC;7/16-20;buiten;NPT/NPTF;1/8-27;buiten;;;
8225-04-04;4-4 WFTX-WLN-S;8225;Bulkhead male stud connector;BULKHEAD UNION JIC X NPT;recht;JIC;7/16-20;buiten;NPT/NPTF;1/4-18;buiten;;1/4;
8225-04-06;;8225;Bulkhead male stud connector;BULKHEAD UNION JIC X NPT;recht;JIC;7/16-20;buiten;NPT/NPTF;3/8-18;buiten;;;
8225-06-04;;8225;Bulkhead male stud connector;BULKHEAD UNION JIC X NPT;recht;JIC;9/16-18;buiten;NPT/NPTF;1/4-18;buiten;;;
8225-06-06;6-6 WFTX-WLN-S;8225;Bulkhead male stud connector;BULKHEAD UNION JIC X NPT;recht;JIC;9/16-18;buiten;NPT/NPTF;3/8-18;buiten;;3/8;
8225-08-06;8 WFTX-S;8225;Bulkhead male stud connector;BULKHEAD UNION JIC X NPT;recht;JIC;3/4-16;buiten;NPT/NPTF;3/8-18;buiten;;1/2;
8225-08-08;8-8 WFTX-WLN-S;8225;Bulkhead male stud connector;BULKHEAD UNION JIC X NPT;recht;JIC;3/4-16;buiten;NPT/NPTF;1/2-14;buiten;;1/2;
8225-10-08;10 WFTX-WLN-S;8225;Bulkhead male stud connector;BULKHEAD UNION JIC X NPT;recht;JIC;7/8-14;buiten;NPT/NPTF;1/2-14;buiten;;5/8;
8225-12-12;12 WFTX-WLN-S;8225;Bulkhead male stud connector;BULKHEAD UNION JIC X NPT;recht;JIC;1 1/16-12;buiten;NPT/NPTF;3/4-14;buiten;;3/4;
8225-16-16;;8225;Bulkhead male stud connector;BULKHEAD UNION JIC X NPT;recht;JIC;1 5/16-12;buiten;NPT/NPTF;1-11.5;buiten;;;
8226-04-04;4WMTXWLNMS;8226;Bulkhead union;Triple-Lok® 37° Flare ends;recht;JIC;7/16-20;buiten;JIC;7/16-20;buiten;6;1/4;50
8226-05-05;5WMTXWLNMS;8226;Bulkhead union;Triple-Lok® 37° Flare ends;recht;JIC;1/2-20;buiten;JIC;1/2-20;buiten;8;5/16;50
8226-06-06;6WMTXWLNMS;8226;Bulkhead union;Triple-Lok® 37° Flare ends;recht;JIC;9/16-18;buiten;JIC;9/16-18;buiten;10;3/8;50
8226-08-08;8WMTXWLNMS;8226;Bulkhead union;Triple-Lok® 37° Flare ends;recht;JIC;3/4-16;buiten;JIC;3/4-16;buiten;12;1/2;50
8226-10-10;10WMTXWLNMS;8226;Bulkhead union;Triple-Lok® 37° Flare ends;recht;JIC;7/8-14;buiten;JIC;7/8-14;buiten;14, 15,16;5/8;50
8226-12-12;12WMTXWLNMS;8226;Bulkhead union;Triple-Lok® 37° Flare ends;recht;JIC;1 1/16-12;buiten;JIC;1 1/16-12;buiten;18, 20;3/4;50
8226-14-14;14 WTX-WLN-S;8226;Bulkhead union;Triple-Lok® 37° Flare ends;recht;JIC;1 3/16-12;buiten;JIC;1 3/16-12;buiten;22;7/8;50
8226-16-16;16WMTXWLNMS;8226;Bulkhead union;Triple-Lok® 37° Flare ends;recht;JIC;1 5/16-12;buiten;JIC;1 5/16-12;buiten;25;1;50
8226-20-20;20WMTXWLNMS;8226;Bulkhead union;Triple-Lok® 37° Flare ends;recht;JIC;1 5/8-12;buiten;JIC;1 5/8-12;buiten;28, 30, 32;1 1/4;50
8226-24-24;24WMTXWLNMS;8226;Bulkhead union;Triple-Lok® 37° Flare ends;recht;JIC;1 7/8-12;buiten;JIC;1 7/8-12;buiten;35, 38;1 1/2;50
4-4GMTXS;4-4GMTXS;8227;Female connector;Triple-Lok® 37° Flare end / Female NPTF thread;recht;NPT/NPTF;1/4-18;binnen;JIC;7/16-20;buiten;;1/4;
4-6 GTX-S;4-6 GTX-S;8227;Female connector;Triple-Lok® 37° Flare end / Female NPTF thread;recht;NPT/NPTF;1/4-18;binnen;UN/UNF;9/16-18;buiten;10;3/8;79
4GTX-SS;4GMTXSS;8227;Female connector;Triple-Lok® 37° Flare end / Female NPTF thread;recht;NPT/NPTF;1/4-18;binnen;JIC;1/4-18;buiten;;;79
8227-02-02;2 GTX-S;8227;Female connector;Triple-Lok® 37° Flare end / Female NPTF thread;recht;NPT/NPTF;1/8-27;binnen;JIC;5/16-24;buiten;2;1/8;79
8227-02-04;4 GTX-S;8227;Female connector;Triple-Lok® 37° Flare end / Female NPTF thread;recht;NPT/NPTF;1/8-27;binnen;JIC;7/16-20;buiten;6;1/4;79
8227-02-05;5 GTX-S;8227;Female connector;Triple-Lok® 37° Flare end / Female NPTF thread;recht;NPT/NPTF;1/8-27;binnen;JIC;1/2-20;buiten;8;5/16;79
8227-02-06;;8227;Female connector;Triple-Lok® 37° Flare end / Female NPTF thread;recht;NPT/NPTF;1/8-27;binnen;JIC;9/16-18;buiten;10;3/8;79
8227-04-04;4-4 GTX-S;8227;Female connector;Triple-Lok® 37° Flare end / Female NPTF thread;recht;NPT/NPTF;1/4-18;binnen;JIC;7/16-20;buiten;6;1/4;79
8227-04-05;5-4 GTX-S;8227;Female connector;Triple-Lok® 37° Flare end / Female NPTF thread;recht;NPT/NPTF;1/4-18;binnen;JIC;1/2-20;buiten;8;5/16;79
8227-04-06;6 GTX-S;8227;Female connector;Triple-Lok® 37° Flare end / Female NPTF thread;recht;NPT/NPTF;1/4-18;binnen;JIC;9/16-18;buiten;10;3/8;79
8227-04-08;8-4 GTX-S;8227;Female connector;Triple-Lok® 37° Flare end / Female NPTF thread;recht;NPT/NPTF;1/4-18;binnen;JIC;3/4-16;buiten;12;1/2;79
8227-06-04;6 GTX-S;8227;Female connector;Triple-Lok® 37° Flare end / Female NPTF thread;recht;NPT/NPTF;3/8-18;binnen;JIC;7/16-20;buiten;6;1/4;79
8227-06-06;6-6 GTX-S;8227;Female connector;Triple-Lok® 37° Flare end / Female NPTF thread;recht;NPT/NPTF;3/8-18;binnen;JIC;9/16-18;buiten;10;3/8;79
8227-08-06;6-8 GTX-S;8227;Female connector;Triple-Lok® 37° Flare end / Female NPTF thread;recht;NPT/NPTF;1/2-14;binnen;JIC;9/16-18;buiten;10;3/8;79
8227-08-08;8 GTX-S;8227;Female connector;Triple-Lok® 37° Flare end / Female NPTF thread;recht;NPT/NPTF;3/8-18;binnen;JIC;3/4-16;buiten;12;1/2;79
8227-08-08;8-8 GTX-S;8227;Female connector;Triple-Lok® 37° Flare end / Female NPTF thread;recht;NPT/NPTF;1/2-14;binnen;JIC;3/4-16;buiten;12;1/2;79
8227-08-10;10 GTX-S;8227;Female connector;Triple-Lok® 37° Flare end / Female NPTF thread;recht;NPT/NPTF;1/2-14;binnen;JIC;7/8-14;buiten;14, 15,16;5/8;79
8227-08-12;12-8 GTX-S;8227;Female connector;Triple-Lok® 37° Flare end / Female NPTF thread;recht;NPT/NPTF;1/2-14;binnen;JIC;1 1/16-12;buiten;18, 20;3/4;79
8227-12-08;8-12 GTX-S;8227;Female connector;Triple-Lok® 37° Flare end / Female NPTF thread;recht;NPT/NPTF;3/4-14;binnen;JIC;3/4-16;buiten;12;1/2;79
8227-12-10;10-12 GTX-S;8227;Female connector;Triple-Lok® 37° Flare end / Female NPTF thread;recht;NPT/NPTF;3/4-14;binnen;JIC;7/8-14;buiten;14, 15,16;5/8;79
8227-12-12;12 GTX-S;8227;Female connector;Triple-Lok® 37° Flare end / Female NPTF thread;recht;NPT/NPTF;3/4-14;binnen;JIC;1 1/16-12;buiten;18, 20;3/4;79
8227-16-16;16 GTX-S;8227;Female connector;Triple-Lok® 37° Flare end / Female NPTF thread;recht;NPT/NPTF;1-11.5;binnen;JIC;1 5/16-12;buiten;25;1;79
8227-20-20;20 GTX-S;8227;Female connector;Triple-Lok® 37° Flare end / Female NPTF thread;recht;NPT/NPTF;1 1/4-11.5;binnen;JIC;1 5/8-12;buiten;28, 30, 32;1 1/4;79
8227-24-24;24 GTX-S;8227;Female connector;Triple-Lok® 37° Flare end / Female NPTF thread;recht;NPT/NPTF;1 1/2-11.5;binnen;JIC;1 7/8-12;buiten;35, 38;1 1/2;79
8227-32-32;32 GTX-S;8227;Female connector;Triple-Lok® 37° Flare end / Female NPTF thread;recht;NPT/NPTF;2-11.5;binnen;JIC;2 1/2-12;buiten;;2;79
8228-08-08;;8228;Bulkhead male stud connector;BULKHEAD UNION JIC X BSP ED;recht;JIC;3/4-16;buiten;BSPP;1/2-14;buiten;;;
8228-10-08;;8228;Bulkhead male stud connector;BULKHEAD UNION JIC X BSP ED;recht;JIC;7/8-14;buiten;BSPP;1/2-14;buiten;;;
8229-12-12;;8229;Adapter;BULKHEAD UNION JIS;recht;JIS;3/4-14;binnen;BSPT;3/4-14;buiten;;;
8229-06-06;;8229;Bulkhead union;BULKHEAD UNION JIS;recht;;;;;;;;;
8238-04-04;0507-4-4;8238;Swivel male stud;Male UN/UNF thread O-ring / NPSM Female swivel end;recht;NPSM;1/4-18;wartelend;UN/UNF;7/16-20;buiten;;;37
8238-06-04;0507-6-4;8238;Swivel male stud;Male UN/UNF thread O-ring / NPSM Female swivel end;recht;NPSM;1/4-18;wartelend;UN/UNF;9/16-18;buiten;;;37
8238-06-06;0507-6-6;8238;Swivel male stud;Male UN/UNF thread O-ring / NPSM Female swivel end;recht;NPSM;3/8-18;wartelend;UN/UNF;9/16-18;buiten;;;37
8238-06-08;0507-6-8;8238;Swivel male stud;Male UN/UNF thread O-ring / NPSM Female swivel end;recht;NPSM;1/2-14;wartelend;UN/UNF;9/16-18;buiten;;;37
8238-08-04;0507-8-4;8238;Swivel male stud;Male UN/UNF thread O-ring / NPSM Female swivel end;recht;NPSM;1/4-18;wartelend;UN/UNF;3/4-16;buiten;;;37
8238-08-06;0507-8-6;8238;Swivel male stud;Male UN/UNF thread O-ring / NPSM Female swivel end;recht;NPSM;3/8-18;wartelend;UN/UNF;3/4-16;buiten;;;37
8238-08-08;0507-8-8;8238;Swivel male stud;Male UN/UNF thread O-ring / NPSM Female swivel end;recht;NPSM;1/2-14;wartelend;UN/UNF;3/4-16;buiten;;;37
8238-08-12;0507-8-12;8238;Swivel male stud;Male UN/UNF thread O-ring / NPSM Female swivel end;recht;NPSM;3/4-14;wartelend;UN/UNF;3/4-16;buiten;;;37
8238-10-06;;8238;Swivel male stud;Male UN/UNF thread O-ring / NPSM Female swivel end;recht;UN/UNF;7/8-14;buiten;UN/UNF;9/16-18;buiten;;;37
8238-10-08;0507-10-8;8238;Swivel male stud;Male UN/UNF thread O-ring / NPSM Female swivel end;recht;NPSM;1/2-14;wartelend;UN/UNF;7/8-14;buiten;;;37
8238-12-08;0507-12-8;8238;Swivel male stud;Male UN/UNF thread O-ring / NPSM Female swivel end;recht;NPSM;1/2-14;wartelend;UN/UNF;1 1/16-12;buiten;;;37
8238-12-12;0507-12-12;8238;Swivel male stud;Male UN/UNF thread O-ring / NPSM Female swivel end;recht;NPSM;3/4-14;wartelend;UN/UNF;1 1/16-12;buiten;;;37
8238-16-16;0507-16-16;8238;Swivel male stud;Male UN/UNF thread O-ring / NPSM Female swivel end;recht;NPSM;1-11.5;wartelend;UN/UNF;1 5/16-12;buiten;;;37
8238-20-20;0507-20-20;8238;Swivel male stud;Male UN/UNF thread O-ring / NPSM Female swivel end;recht;NPSM;1 1/4-11.5;wartelend;UN/UNF;1 5/8-12;buiten;;;37
8238-24-24;0507-24-24;8238;Swivel male stud;Male UN/UNF thread O-ring / NPSM Female swivel end;recht;NPSM;1 1/2-11.5;wartelend;UN/UNF;1 7/8-12;buiten;;;37
8238-32-32;0507-32-32;8238;Swivel male stud;Male UN/UNF thread O-ring / NPSM Female swivel end;recht;NPSM;2-11.5;wartelend;UN/UNF;2 1/2-12;buiten;;;37
8241-04-02;4F642EDMXS;8241;Swivel male stud;Triple-Lok® 37° Flare female swivel end / Male BSPP thread – ED seal;recht;JIC;7/16-20;wartelend;BSPP;1/8-28;buiten;6;1/4;63
8241-04-04;4-4F642EDMXS;8241;Swivel male stud;Triple-Lok® 37° Flare female swivel end / Male BSPP thread – ED seal;recht;JIC;7/16-20;wartelend;BSPP;1/4-19;buiten;6;1/4;63
8241-05-02;5F642EDMXS;8241;Swivel male stud;Triple-Lok® 37° Flare female swivel end / Male BSPP thread – ED seal;recht;JIC;1/2-20;wartelend;BSPP;1/8-28;buiten;8;5/16;63
8241-05-04;5-4F642EDMXS;8241;Swivel male stud;Triple-Lok® 37° Flare female swivel end / Male BSPP thread – ED seal;recht;JIC;1/2-20;wartelend;BSPP;1/4-19;buiten;8;5/16;63
8241-06-04;6F642EDMXS;8241;Swivel male stud;Triple-Lok® 37° Flare female swivel end / Male BSPP thread – ED seal;recht;JIC;9/16-18;wartelend;BSPP;1/4-19;buiten;10;3/8;63
8241-06-06;6-6F642EDMXS;8241;Swivel male stud;Triple-Lok® 37° Flare female swivel end / Male BSPP thread – ED seal;recht;JIC;9/16-18;wartelend;BSPP;3/8-19;buiten;10;3/8;63
8241-06-08;8F642EDMXS;8241;Swivel male stud;Triple-Lok® 37° Flare female swivel end / Male BSPP thread – ED seal;recht;JIC;9/16-18;wartelend;BSPP;1/2-14;buiten;10;3/8;63
8241-08-04;8-4F642EDMXS;8241;Swivel male stud;Triple-Lok® 37° Flare female swivel end / Male BSPP thread – ED seal;recht;JIC;3/4-16;wartelend;BSPP;1/4-19;buiten;12;1/2;63
8241-08-06;8F642EDMXS;8241;Swivel male stud;Triple-Lok® 37° Flare female swivel end / Male BSPP thread – ED seal;recht;JIC;3/4-16;wartelend;BSPP;3/8-19;buiten;12;1/2;63
8241-08-08;8-8F642EDMXS;8241;Swivel male stud;Triple-Lok® 37° Flare female swivel end / Male BSPP thread – ED seal;recht;JIC;3/4-16;wartelend;BSPP;1/2-14;buiten;12;1/2;63
8241-10-06;10-6F642EDMXS;8241;Swivel male stud;Triple-Lok® 37° Flare female swivel end / Male BSPP thread – ED seal;recht;JIC;7/8-14;wartelend;BSPP;3/8-19;buiten;14, 15, 16;5/8;63
8241-10-08;10F642EDMXS;8241;Swivel male stud;Triple-Lok® 37° Flare female swivel end / Male BSPP thread – ED seal;recht;JIC;7/8-14;wartelend;BSPP;1/2-14;buiten;14, 15, 16;5/8;63
8241-10-10;;8241;Swivel male stud;Triple-Lok® 37° Flare female swivel end / Male BSPP thread – ED seal;recht;JIC;7/8-14;wartelend;BSPP;5/8-14;buiten;;5/8;63
8241-12-06;;8241;Swivel male stud;Triple-Lok® 37° Flare female swivel end / Male BSPP thread – ED seal;recht;JIC;1 1/16-12;wartelend;BSPP;3/8-19;buiten;18, 20;3/4;63
8241-12-08;12-8F642EDMXS;8241;Swivel male stud;Triple-Lok® 37° Flare female swivel end / Male BSPP thread – ED seal;recht;JIC;1 1/16-12;wartelend;BSPP;1/2-14;buiten;18, 20;3/4;63
8241-12-10;10-12F642EDMXS;8241;Swivel male stud;Triple-Lok® 37° Flare female swivel end / Male BSPP thread – ED seal;recht;JIC;1 1/16-12;wartelend;BSPP;5/8-14;buiten;;;63
8241-12-12;12F642EDMXS;8241;Swivel male stud;Triple-Lok® 37° Flare female swivel end / Male BSPP thread – ED seal;recht;JIC;1 1/16-12;wartelend;BSPP;3/4-14;buiten;18, 20;3/4;63
8241-12-16;16-12F642EDMXS;8241;Swivel male stud;Triple-Lok® 37° Flare female swivel end / Male BSPP thread – ED seal;recht;JIC;1 1/16-12;wartelend;BSPP;1-11;buiten;18, 20;3/4;63
8241-16-12;16-12F642EDMXS;8241;Swivel male stud;Triple-Lok® 37° Flare female swivel end / Male BSPP thread – ED seal;recht;JIC;1 5/16-12;wartelend;BSPP;3/4-14;buiten;25;1;63
8241-16-16;16F642EDMXS;8241;Swivel male stud;Triple-Lok® 37° Flare female swivel end / Male BSPP thread – ED seal;recht;JIC;1 5/16-12;wartelend;BSPP;1-11;buiten;25;1;63
8241-16-20;8241-16-20;8241;Swivel male stud;Triple-Lok® 37° Flare female swivel end / Male BSPP thread – ED seal;recht;JIC;1 5/16-12;wartelend;BSPP;1 1/4-11;buiten;25;1;63
8241-20-16;20-16F642EDMXS;8241;Swivel male stud;Triple-Lok® 37° Flare female swivel end / Male BSPP thread – ED seal;recht;JIC;1 5/8-12;wartelend;BSPP;1-11;buiten;28, 30, 32;1 1/4;63
8241-20-20;20F642EDMXS;8241;Swivel male stud;Triple-Lok® 37° Flare female swivel end / Male BSPP thread – ED seal;recht;JIC;1 5/8-12;wartelend;BSPP;1 1/4-11;buiten;28, 30, 33;1 1/4;63
8241-24-20;24-20F642EDMXS;8241;Swivel male stud;Triple-Lok® 37° Flare female swivel end / Male BSPP thread – ED seal;recht;JIC;1 7/8-12;wartelend;BSPP;1 1/4-11;buiten;35, 38;1 1/2;63
8241-24-24;24F642EDMXS;8241;Swivel male stud;Triple-Lok® 37° Flare female swivel end / Male BSPP thread – ED seal;recht;JIC;1 7/8-12;wartelend;BSPP;1 1/2-11;buiten;35, 38;1 1/2;63
8241-32-32;-;8241;Swivel male stud;Triple-Lok® 37° Flare female swivel end / Male BSPP thread – ED seal;recht;JIC;2 1/2-12;wartelend;BSPP;2-11;buiten;;2;63
12-16 F65OX-S;12-16 F65OX-S;8242;Swivel male stud;Triple-Lok® 37° Flare female swivel end / Male UN/UNF thread – O-ring;recht;JIC;1 1/16-12;wartelend;UN/UNF;1 5/16-12;buiten;;3/4;64
16-12 F65OX-S;16-12 F65OX-S;8242;Swivel male stud;Triple-Lok® 37° Flare female swivel end / Male UN/UNF thread – O-ring;recht;JIC;1 5/16-12;wartelend;UN/UNF;1 1/16-12;buiten;;1;64
4-6 F65OX-S;4-6 F65X-S;8242;Swivel male stud;Triple-Lok® 37° Flare female swivel end / Male UN/UNF thread – O-ring;recht;JIC;7/16-20;wartelend;UN/UNF;9/16-18;buiten;;1/4;64
6-4 F65OX-S;6-4 F65OX-S;8242;Swivel male stud;Triple-Lok® 37° Flare female swivel end / Male UN/UNF thread – O-ring;recht;JIC;9/16-18;wartelend;UN/UNF;7/16-20;buiten;;3/8;64
6-8 F65OX-S;6-8 F65OX-S;8242;Swivel male stud;Triple-Lok® 37° Flare female swivel end / Male UN/UNF thread – O-ring;recht;JIC;9/16-18;wartelend;UN/UNF;3/4-16;buiten;;3/8;64
8242-04-04;4F65OMXS;8242;Swivel male stud;Triple-Lok® 37° Flare female swivel end / Male UN/UNF thread – O-ring;recht;JIC;7/16-20;wartelend;UN/UNF;7/16-20;buiten;6;1/4;64
8242-05-05;5F65OMXS;8242;Swivel male stud;Triple-Lok® 37° Flare female swivel end / Male UN/UNF thread – O-ring;recht;JIC;1/2-20;wartelend;UN/UNF;1/2-20;buiten;8;5/16;64
8242-06-06;6F65OMXS;8242;Swivel male stud;Triple-Lok® 37° Flare female swivel end / Male UN/UNF thread – O-ring;recht;JIC;9/16-18;wartelend;UN/UNF;9/16-18;buiten;10;3/8;64
8242-08-08;8 F65OX-S;8242;Swivel male stud;Triple-Lok® 37° Flare female swivel end / Male UN/UNF thread – O-ring;recht;JIC;3/4-16;wartelend;UN/UNF;3/4-16;buiten;12;1/2;64
8242-10-10;10 F65OX-S;8242;Swivel male stud;Triple-Lok® 37° Flare female swivel end / Male UN/UNF thread – O-ring;recht;JIC;7/8-14;wartelend;UN/UNF;7/8-14;buiten;14, 15, 16;5/8;64
8242-12-12;12 F65OX-S;8242;Swivel male stud;Triple-Lok® 37° Flare female swivel end / Male UN/UNF thread – O-ring;recht;JIC;1 1/16-12;wartelend;UN/UNF;1 1/16-12;buiten;18, 20;3/4;64
8242-16-16;16 F65OX-S;8242;Swivel male stud;Triple-Lok® 37° Flare female swivel end / Male UN/UNF thread – O-ring;recht;JIC;1 5/16-12;wartelend;UN/UNF;1 5/16-12;buiten;25;1;64
8242-20-20;20 F65OX-S;8242;Swivel male stud;Triple-Lok® 37° Flare female swivel end / Male UN/UNF thread – O-ring;recht;JIC;1 5/8-12;wartelend;UN/UNF;1 5/8-12;buiten;28, 30, 32;1 1/4;64
8-6 F65OX-S;8-6 F65OX-S;8242;Swivel male stud;Triple-Lok® 37° Flare female swivel end / Male UN/UNF thread – O-ring;recht;JIC;3/4-16;wartelend;UN/UNF;9/16-18;buiten;;1/2;64
8243-04-04;;8243;Adapter;ADAPTER BSP MALE X UNF MALE;recht;BSPP;1/4-19;buiten;UN/UNF;7/16-20;buiten;;;
8243-04-05;;8243;Adapter;ADAPTER BSP MALE X UNF MALE;recht;BSPP;1/4-19;buiten;UN/UNF;1/2-20;buiten;;;
8243-04-06;;8243;Adapter;ADAPTER BSP MALE X UNF MALE;recht;BSPP;1/4-19;buiten;UN/UNF;9/16-18;buiten;;;
8243-04-08;;8243;Adapter;ADAPTER BSP MALE X UNF MALE;recht;BSPP;1/4-19;buiten;UN/UNF;3/4-16;buiten;;;
8243-04-10;;8243;Adapter;ADAPTER BSP MALE X UNF MALE;recht;BSPP;1/4-19;buiten;UN/UNF;7/8-14;buiten;;;
8243-06-04;;8243;Adapter;ADAPTER BSP MALE X UNF MALE;recht;BSPP;3/8-19;buiten;UN/UNF;7/16-20;buiten;;;
8243-06-06;;8243;Adapter;ADAPTER BSP MALE X UNF MALE;recht;BSPP;3/8-19;buiten;UN/UNF;9/16-18;buiten;;;
8243-06-08;;8243;Adapter;ADAPTER BSP MALE X UNF MALE;recht;BSPP;3/8-19;buiten;UN/UNF;3/4-16;buiten;;;
8243-06-10;;8243;Adapter;ADAPTER BSP MALE X UNF MALE;recht;BSPP;3/8-19;buiten;UN/UNF;7/8-14;buiten;;;
8243-06-16;;8243;Adapter;ADAPTER BSP MALE X UNF MALE;recht;BSPP;3/8-19;buiten;UN/UNF;1 5/16-12;buiten;;;
8243-08-06;;8243;Adapter;ADAPTER BSP MALE X UNF MALE;recht;BSPP;1/2-14;buiten;UN/UNF;9/16-18;buiten;;;
8243-08-08;;8243;Adapter;ADAPTER BSP MALE X UNF MALE;recht;BSPP;1/2-14;buiten;UN/UNF;3/4-16;buiten;;;
8243-08-10;;8243;Adapter;ADAPTER BSP MALE X UNF MALE;recht;BSPP;1/2-14;buiten;UN/UNF;7/8-14;buiten;;;
8243-08-12;;8243;Adapter;ADAPTER BSP MALE X UNF MALE;recht;BSPP;1/2-14;buiten;UN/UNF;1 1/16-12;buiten;;;
8243-10-08;;8243;Adapter;ADAPTER BSP MALE X UNF MALE;recht;BSPP;5/8-14;buiten;UN/UNF;3/4-16;buiten;;;
8243-10-12;;8243;Adapter;ADAPTER BSP MALE X UNF MALE;recht;BSPP;5/8-14;buiten;UN/UNF;1 1/16-12;buiten;;;
8243-12-08;;8243;Adapter;ADAPTER BSP MALE X UNF MALE;recht;BSPP;3/4-14;buiten;UN/UNF;3/4-16;buiten;;;
8243-12-10;;8243;Adapter;ADAPTER BSP MALE X UNF MALE;recht;BSPP;3/4-14;buiten;UN/UNF;7/8-14;buiten;;;
8243-12-12;;8243;Adapter;ADAPTER BSP MALE X UNF MALE;recht;BSPP;3/4-14;buiten;UN/UNF;1 1/16-12;buiten;;;
8243-12-16;;8243;Adapter;ADAPTER BSP MALE X UNF MALE;recht;BSPP;3/4-14;buiten;UN/UNF;1 5/16-12;buiten;;;
8243-16-10;;8243;Adapter;ADAPTER BSP MALE X UNF MALE;recht;BSPP;1-11;buiten;UN/UNF;7/8-14;buiten;;;
8243-16-16;;8243;Adapter;ADAPTER BSP MALE X UNF MALE;recht;BSPP;1-11;buiten;UN/UNF;1 5/16-12;buiten;;;
8243-16-20;;8243;Adapter;ADAPTER BSP MALE X UNF MALE;recht;BSPP;1-11;buiten;UN/UNF;1 5/8-12;buiten;;;
8243-20-16;;8243;Adapter;ADAPTER BSP MALE X UNF MALE;recht;BSPP;1 1/4-11;buiten;UN/UNF;1 5/16-12;buiten;;;
8243-20-24;;8243;Adapter;ADAPTER BSP MALE X UNF MALE;recht;BSPP;1 1/4-11;buiten;UN/UNF;1 7/8-12;buiten;;;
8243-24-24;;8243;Adapter;ADAPTER BSP MALE X UNF MALE;recht;BSPP;1 1/2-11;buiten;UN/UNF;1 7/8-12;buiten;;;
3/8X1/4GG44MS;3/8X1/4GG44MS;8244;Female thread coupling;Female BSPP thread;recht;BSPP;3/8-19;binnen;BSPP;1/4-19;binnen;;;6
8244-02-02;1/8GG44MS;8244;Female thread coupling;Female BSPP thread;recht;BSPP;1/8-28;binnen;BSPP;1/8-28;binnen;;;6
8244-02-04;-;8244;Female thread coupling;Female BSPP thread;recht;BSPP;1/8-28;binnen;BSPP;1/4-19;binnen;;;6
8244-02-06;;8244;Female thread coupling;Female BSPP thread;recht;BSPP;1/8-28;binnen;BSPP;3/8-19;binnen;;;6
8244-04-04;1/4GG44MS;8244;Female thread coupling;Female BSPP thread;recht;BSPP;1/4-19;binnen;BSPP;1/4-19;binnen;;;6
8244-04-06;-;8244;Female thread coupling;Female BSPP thread;recht;BSPP;1/4-19;binnen;BSPP;3/8-19;binnen;;;6
8244-04-08;-;8244;Female thread coupling;Female BSPP thread;recht;BSPP;1/4-19;binnen;BSPP;1/2-14;binnen;;;6
8244-06-06;3/8GG44MS;8244;Female thread coupling;Female BSPP thread;recht;BSPP;3/8-19;binnen;BSPP;3/8-19;binnen;;;6
8244-06-08;-;8244;Female thread coupling;Female BSPP thread;recht;BSPP;3/8-19;binnen;BSPP;1/2-14;binnen;;;6
8244-06-12;-;8244;Female thread coupling;Female BSPP thread;recht;BSPP;3/8-19;binnen;BSPP;3/4-14;binnen;;;6
8244-08-08;1/2GG44MS;8244;Female thread coupling;Female BSPP thread;recht;BSPP;1/2-14;binnen;BSPP;1/2-14;binnen;;;6
8244-08-10;-;8244;Female thread coupling;Female BSPP thread;recht;BSPP;1/2-14;binnen;BSPP;5/8-14;binnen;;;6
8244-08-12;-;8244;Female thread coupling;Female BSPP thread;recht;BSPP;1/2-14;binnen;BSPP;3/4-14;binnen;;;6
8244-08-16;-;8244;Female thread coupling;Female BSPP thread;recht;BSPP;1/2-14;binnen;BSPP;1-11;binnen;;;6
8244-10-10;-;8244;Female thread coupling;Female BSPP thread;recht;BSPP;5/8-14;binnen;BSPP;5/8-14;binnen;;;6
8244-10-12;-;8244;Female thread coupling;Female BSPP thread;recht;BSPP;5/8-14;binnen;BSPP;3/4-14;binnen;;;6
8244-12-12;3/4GG44MS;8244;Female thread coupling;Female BSPP thread;recht;BSPP;3/4-14;binnen;BSPP;3/4-14;binnen;;;6
8244-12-16;-;8244;Female thread coupling;Female BSPP thread;recht;BSPP;3/4-14;binnen;BSPP;1-11;binnen;;;6
8244-16-16;1GG44MS;8244;Female thread coupling;Female BSPP thread;recht;BSPP;1-11;binnen;BSPP;1-11;binnen;;;6
8244-16-20;-;8244;Female thread coupling;Female BSPP thread;recht;BSPP;1-11;binnen;BSPP;1 1/4-11;binnen;;;6
8244-20-20;-;8244;Female thread coupling;Female BSPP thread;recht;BSPP;1 1/4-11;binnen;BSPP;1 1/4-11;binnen;;;6
8244-20-24;-;8244;Female thread coupling;Female BSPP thread;recht;BSPP;1 1/4-11;binnen;BSPP;1 1/2-11;binnen;;;6
8244-24-24;-;8244;Female thread coupling;Female BSPP thread;recht;BSPP;1 1/2-11;binnen;BSPP;1 1/2-11;binnen;;;6
8244-24-32;-;8244;Female thread coupling;Female BSPP thread;recht;BSPP;1 1/2-11;binnen;BSPP;2-11;binnen;;;6
8244-32-32;-;8244;Female thread coupling;Female BSPP thread;recht;BSPP;2-11;binnen;BSPP;2-11;binnen;;;6
8244-48-48;;8244;Female thread coupling;Female BSPP thread;recht;BSPP;3-11;binnen;BSPP;3-11;binnen;;;6
8245-05-04;;8245;Adapter;ADAPTER JIC FEMALE SWIVEL X BSP FEMALE FIXED;recht;JIC;1/2-20;wartelend;BSPP;1/4-19;binnen;;;
8245-08-08;;8245;Adapter;ADAPTER JIC FEMALE SWIVEL X BSP FEMALE FIXED;recht;JIC;3/4-16;wartelend;BSPP;1/2-14;binnen;;;
8246-04-14;;8246;Adapter;ADAPTER FEMALE BSP X MALE METRIC;recht;BSPP;1/4-19;binnen;Metric;M 14×1.5;buiten;;;
8246-04-18;;8246;Adapter;ADAPTER FEMALE BSP X MALE METRIC;recht;BSPP;1/4-19;binnen;Metric;M 18×1.5;buiten;;;
8246-06-18;;8246;Adapter;ADAPTER FEMALE BSP X MALE METRIC;recht;BSPP;3/8-19;binnen;Metric;M 18×1.5;buiten;;;
8246-08-18;;8246;Adapter;ADAPTER FEMALE BSP X MALE METRIC;recht;BSPP;1/2-14;binnen;Metric;M 18×1.5;buiten;;;
8246-10-08;;8246;Adapter;ADAPTER FEMALE METRIC X MALE BSP;recht;Metric;M 10×1.0;binnen;BSPP;1/2-14;buiten;;;
8246-14-08;;8246;Adapter;ADAPTER FEMALE METRIC X MALE BSP;recht;Metric;M 14×1.5;binnen;BSPP;1/2-14;buiten;;;
8246-16-06;;8246;Adapter;ADAPTER FEMALE METRIC X MALE BSP;recht;Metric;M 16×1.5;binnen;BSPP;3/8-19;buiten;;;
8246-18-04;;8246;Adapter;ADAPTER FEMALE METRIC X MALE BSP;recht;Metric;M 18×1.5;binnen;BSPP;1/4-19;buiten;;;
8246-18-06;;8246;Adapter;ADAPTER FEMALE METRIC X MALE BSP;recht;Metric;M 18×1.5;binnen;BSPP;3/8-19;buiten;;;
8246-18-08;;8246;Adapter;ADAPTER FEMALE METRIC X MALE BSP;recht;Metric;M 18×1.5;binnen;BSPP;1/2-14;buiten;;;
8246-18-18;;8246;Adapter;ADAPTER FEMALE METRIC X MALE METRIC;recht;Metric;M 18×1.5;binnen;Metric;M 18×1.5;buiten;;;
8246-22-04;;8246;Adapter;ADAPTER FEMALE METRIC X MALE BSP;recht;Metric;M 22×1.5;binnen;BSPP;1/4-19;buiten;;;
8246-22-08;;8246;Adapter;ADAPTER FEMALE METRIC X MALE BSP;recht;Metric;M 22×1.5;binnen;BSPP;1/2-14;buiten;;;
8248-02-02;;8248;Bulkhead union;BSPP 60° Cone end / Supplied with locknut;recht;BSPP;1/8-28;buiten;BSPP;1/8-28;buiten;;;4
8248-04-04;4WMK4WL4NMS;8248;Bulkhead union;BSPP 60° Cone end / Supplied with locknut;recht;BSPP;1/4-19;buiten;BSPP;1/4-19;buiten;;;4
8248-04-06;;8248;Bulkhead union;BSPP 60° Cone end / Supplied with locknut;recht;BSPP;1/4-19;buiten;BSPP;3/8-19;buiten;;;4
8248-06-06;6WMK4WL4NMS;8248;Bulkhead union;BSPP 60° Cone end / Supplied with locknut;recht;BSPP;3/8-19;buiten;BSPP;3/8-19;buiten;;;4
8248-08-06;;8248;Bulkhead union;BSPP 60° Cone end / Supplied with locknut;recht;BSPP;1/2-14;buiten;BSPP;3/8-19;buiten;;;4
8248-08-08;8WMK4WL4NMS;8248;Bulkhead union;BSPP 60° Cone end / Supplied with locknut;recht;BSPP;1/2-14;buiten;BSPP;1/2-14;buiten;;;4
8248-10-10;10WMK4WL4NMS;8248;Bulkhead union;BSPP 60° Cone end / Supplied with locknut;recht;BSPP;5/8-14;buiten;BSPP;5/8-14;buiten;;;4
8248-12-12;12WMK4WL4NMS;8248;Bulkhead union;BSPP 60° Cone end / Supplied with locknut;recht;BSPP;3/4-14;buiten;BSPP;3/4-14;buiten;;;4
8248-16-16;16WMK4WL4NMS;8248;Bulkhead union;BSPP 60° Cone end / Supplied with locknut;recht;BSPP;1-11;buiten;BSPP;1-11;buiten;;;4
8248-20-20;20WMK4WL4NMS;8248;Bulkhead union;BSPP 60° Cone end / Supplied with locknut;recht;BSPP;1 1/4-11;buiten;BSPP;1 1/4-11;buiten;;;4
8248-24-24;24WMK4WL4NMS;8248;Bulkhead union;BSPP 60° Cone end / Supplied with locknut;recht;BSPP;1 1/2-11;buiten;BSPP;1 1/2-11;buiten;;;4
8248-32-32;-;8248;Bulkhead union;BSPP 60° Cone end / Supplied with locknut;recht;BSPP;2-11;buiten;BSPP;2-11;buiten;;;4
8248-40-40;-;8248;Bulkhead union;BSPP 60° Cone end / Supplied with locknut;recht;BSPP;2 1/2-11;buiten;BSPP;2 1/2-11;buiten;;;4
8249-04-10;4M10F682EDMXS;8249;Swivel male stud;Triple-Lok® 37° Flare female swivel end / Male metric thread – ED seal;recht;JIC;7/16-20;wartelend;Metric;M 10×1.0;buiten;6;1/4;65
8249-05-12;5M12F682EDMXS;8249;Swivel male stud;Triple-Lok® 37° Flare female swivel end / Male metric thread – ED seal;recht;JIC;1/2-20;wartelend;Metric;M 12×1.5;buiten;8;5/16;65
8249-06-14;6M14F682EDMXS;8249;Swivel male stud;Triple-Lok® 37° Flare female swivel end / Male metric thread – ED seal;recht;JIC;9/16-18;wartelend;Metric;M 14×1.5;buiten;10;3/8;65
8249-08-16;8M16F682EDMXS;8249;Swivel male stud;Triple-Lok® 37° Flare female swivel end / Male metric thread – ED seal;recht;JIC;3/4-16;wartelend;Metric;M 16×1.5;buiten;12;1/2;65
8249-08-18;8M18F682EDMXS;8249;Swivel male stud;Triple-Lok® 37° Flare female swivel end / Male metric thread – ED seal;recht;JIC;3/4-16;wartelend;Metric;M 18×1.5;buiten;12;1/2;65
8249-10-18;10M18F682EDMXS;8249;Swivel male stud;Triple-Lok® 37° Flare female swivel end / Male metric thread – ED seal;recht;JIC;7/8-14;wartelend;Metric;M 18×1.5;buiten;14, 15, 16;5/8;65
8249-10-22;10M22F682EDMXS;8249;Swivel male stud;Triple-Lok® 37° Flare female swivel end / Male metric thread – ED seal;recht;JIC;7/8-14;wartelend;Metric;M 22×1.5;buiten;14, 15, 16;5/8;65
8249-12-22;12M22F682EDMXS;8249;Swivel male stud;Triple-Lok® 37° Flare female swivel end / Male metric thread – ED seal;recht;JIC;1 1/16-12;wartelend;Metric;M 22×1.5;buiten;18, 20;3/4;65
8249-12-27;12M27F682EDMXS;8249;Swivel male stud;Triple-Lok® 37° Flare female swivel end / Male metric thread – ED seal;recht;JIC;1 1/16-12;wartelend;Metric;M 27×2.0;buiten;18, 20;3/4;65
8249-16-33;16M33F682EDMXS;8249;Swivel male stud;Triple-Lok® 37° Flare female swivel end / Male metric thread – ED seal;recht;JIC;1 5/16-12;wartelend;Metric;M 33×2.0;buiten;25;1;65
8249-20-42;20M42F682EDMXS;8249;Swivel male stud;Triple-Lok® 37° Flare female swivel end / Male metric thread – ED seal;recht;JIC;1 5/8-12;wartelend;Metric;M 42×2.0;buiten;28, 30, 32;1 1/4;65
8254-02-04;4 F6X-S;8254;Swivel male stud;Triple-Lok® 37° Flare female swivel end / Male NPT thread;recht;NPT/NPTF;1/8-27;buiten;JIC;7/16-20;wartelend;6;1/4;66
8254-02-05;5F6MXS;8254;Swivel male stud;Triple-Lok® 37° Flare female swivel end / Male NPT thread;recht;NPT/NPTF;1/8-27;buiten;JIC;1/2-20;wartelend;8;5/16;66
8254-04-04;4-4 F6X-S;8254;Swivel male stud;Triple-Lok® 37° Flare female swivel end / Male NPT thread;recht;NPT/NPTF;1/4-18;buiten;JIC;7/16-20;wartelend;6;1/4;66
8254-04-05;5-4 F6X-S;8254;Swivel male stud;Triple-Lok® 37° Flare female swivel end / Male NPT thread;recht;NPT/NPTF;1/4-18;buiten;JIC;1/2-20;wartelend;8;5/16;66
8254-04-06;6 F6X-S;8254;Swivel male stud;Triple-Lok® 37° Flare female swivel end / Male NPT thread;recht;NPT/NPTF;1/4-18;buiten;JIC;9/16-18;wartelend;10;3/8;66
8254-04-08;8-4F6MXS;8254;Swivel male stud;Triple-Lok® 37° Flare female swivel end / Male NPT thread;recht;NPT/NPTF;1/4-18;buiten;JIC;3/4-16;wartelend;12;1/2;66
8254-06-06;6-6 F6X-S;8254;Swivel male stud;Triple-Lok® 37° Flare female swivel end / Male NPT thread;recht;NPT/NPTF;3/8-18;buiten;JIC;9/16-18;wartelend;10;3/8;66
8254-06-08;8 F6X-S;8254;Swivel male stud;Triple-Lok® 37° Flare female swivel end / Male NPT thread;recht;NPT/NPTF;3/8-18;buiten;JIC;3/4-16;wartelend;12;1/2;66
8254-06-10;10-6 F6X-S;8254;Swivel male stud;Triple-Lok® 37° Flare female swivel end / Male NPT thread;recht;NPT/NPTF;3/8-18;buiten;JIC;7/8-14;wartelend;14, 15, 16;5/8;66
8254-08-08;8-8 F6X-S;8254;Swivel male stud;Triple-Lok® 37° Flare female swivel end / Male NPT thread;recht;NPT/NPTF;1/2-14;buiten;JIC;3/4-16;wartelend;12;1/2;66
8254-08-10;10 F6X-S;8254;Swivel male stud;Triple-Lok® 37° Flare female swivel end / Male NPT thread;recht;NPT/NPTF;1/2-14;buiten;JIC;7/8-14;wartelend;14, 15, 16;5/8;66
8254-08-12;12-8 F6X-S;8254;Swivel male stud;Triple-Lok® 37° Flare female swivel end / Male NPT thread;recht;NPT/NPTF;1/2-14;buiten;JIC;1 1/16-12;wartelend;18, 20;3/4;66
8254-12-12;12 F6X-S;8254;Swivel male stud;Triple-Lok® 37° Flare female swivel end / Male NPT thread;recht;NPT/NPTF;3/4-14;buiten;JIC;1 1/16-12;wartelend;18, 20;3/4;66
8254-12-16;16-12 F6X-S;8254;Swivel male stud;Triple-Lok® 37° Flare female swivel end / Male NPT thread;recht;NPT/NPTF;3/4-14;buiten;JIC;1 5/16-12;wartelend;25;1;66
8254-16-16;16 F6X-S;8254;Swivel male stud;Triple-Lok® 37° Flare female swivel end / Male NPT thread;recht;NPT/NPTF;1-11.5;buiten;JIC;1 5/16-12;wartelend;25;1;66
8254-16-20;;8254;Swivel male stud;Triple-Lok® 37° Flare female swivel end / Male NPT thread;recht;NPT/NPTF;1-11.5;buiten;JIC;1 5/8-12;wartelend;28, 30, 32;1 1/4;66
8254-20-20;20 F6X-S;8254;Swivel male stud;Triple-Lok® 37° Flare female swivel end / Male NPT thread;recht;NPT/NPTF;1 1/4-11.5;buiten;JIC;1 5/8-12;wartelend;28, 30, 32;1 1/4;66
8254-24-24;24 F6X-S;8254;Swivel male stud;Triple-Lok® 37° Flare female swivel end / Male NPT thread;recht;NPT/NPTF;1 1/2-11.5;buiten;JIC;1 7/8-12;wartelend;35, 38;1 1/2;66
8-8F6MXS;8-8F6MXS;8254;Swivel male stud;Triple-Lok® 37° Flare female swivel end / Male NPT thread;recht;NPT/NPTF;1/2-14;buiten;JIC;3/4-16;wartelend;;1/2;
8255-02-02;1/8 FF-S;8255;Male nipple;Male NPTF thread;recht;NPT/NPTF;1/8-27;buiten;NPT/NPTF;1/8-27;buiten;;;21
8255-02-04;1/4 X 1/8 FF-S;8255;Male nipple;Male NPTF thread;recht;NPT/NPTF;1/4-18;buiten;NPT/NPTF;1/8-27;buiten;;;21
8255-02-06;3/8 X 1/8 FF-S;8255;Male nipple;Male NPTF thread;recht;NPT/NPTF;3/8-18;buiten;NPT/NPTF;1/8-27;buiten;;;21
8255-02-08;1/2 X 1/8 FF-S;8255;Male nipple;Male NPTF thread;recht;NPT/NPTF;1/2-14;buiten;NPT/NPTF;1/8-27;buiten;;;21
8255-04-04;1/4 FF-S;8255;Male nipple;Male NPTF thread;recht;NPT/NPTF;1/4-18;buiten;NPT/NPTF;1/4-18;buiten;;;21
8255-04-06;3/8 X 1/4 FF-S;8255;Male nipple;Male NPTF thread;recht;NPT/NPTF;3/8-18;buiten;NPT/NPTF;1/4-18;buiten;;;21
8255-04-08;1/2 X 1/4 FF-S;8255;Male nipple;Male NPTF thread;recht;NPT/NPTF;1/2-14;buiten;NPT/NPTF;1/4-18;buiten;;;21
8255-04-12;3/4 X 1/4 FF-S;8255;Male nipple;Male NPTF thread;recht;NPT/NPTF;3/4-14;buiten;NPT/NPTF;1/4-18;buiten;;;21
8255-04-16;1 X 1/4 FF-S;8255;Male nipple;Male NPTF thread;recht;NPT/NPTF;1-11.5;buiten;NPT/NPTF;1/4-18;buiten;;;21
8255-06-06;3/8 FF-S;8255;Male nipple;Male NPTF thread;recht;NPT/NPTF;3/8-18;buiten;NPT/NPTF;3/8-18;buiten;;;21
8255-06-08;1/2 X 3/8 FF-S;8255;Male nipple;Male NPTF thread;recht;NPT/NPTF;1/2-14;buiten;NPT/NPTF;3/8-18;buiten;;;21
8255-06-12;3/4 X 3/8 FF-S;8255;Male nipple;Male NPTF thread;recht;NPT/NPTF;3/4-14;buiten;NPT/NPTF;3/8-18;buiten;;;21
8255-08-08;1/2FFMS;8255;Male nipple;Male NPTF thread;recht;NPT/NPTF;1/2-14;buiten;NPT/NPTF;1/2-14;buiten;;;21
8255-08-12;3/4 X 1/2 FF-S;8255;Male nipple;Male NPTF thread;recht;NPT/NPTF;3/4-14;buiten;NPT/NPTF;1/2-14;buiten;;;21
8255-08-16;;8255;Male nipple;Male NPTF thread;recht;NPT/NPTF;1/2-14;buiten;NPT/NPTF;1-11.5;buiten;;;21
8255-08-20;;8255;Male nipple;Male NPTF thread;recht;NPT/NPTF;1/2-14;buiten;NPT/NPTF;1 1/4-11.5;buiten;;;21
8255-08-24;;8255;Male nipple;Male NPTF thread;recht;NPT/NPTF;1/2-14;buiten;NPT/NPTF;1 1/2-11.5;buiten;;;21
8255-12-12;3/4 FF-S;8255;Male nipple;Male NPTF thread;recht;NPT/NPTF;3/4-14;buiten;NPT/NPTF;3/4-14;buiten;;;21
8255-12-16;1 X 3/4 FF-S;8255;Male nipple;Male NPTF thread;recht;NPT/NPTF;1-11.5;buiten;NPT/NPTF;3/4-14;buiten;;;21
8255-12-20;;8255;Male nipple;Male NPTF thread;recht;NPT/NPTF;3/4-14;buiten;NPT/NPTF;1 1/4-11.5;buiten;;;21
8255-12-24;;8255;Male nipple;Male NPTF thread;recht;NPT/NPTF;3/4-14;buiten;NPT/NPTF;1 1/2-11.5;buiten;;;21
8255-16-16;1 FF-S;8255;Male nipple;Male NPTF thread;recht;NPT/NPTF;1-11.5;buiten;NPT/NPTF;1-11.5;buiten;;;21
8255-16-20;1 1/4 X 1 FF-S;8255;Male nipple;Male NPTF thread;recht;NPT/NPTF;1 1/4-11.5;buiten;NPT/NPTF;1-11.5;buiten;;;21
8255-16-24;1 1/2 X 1 FF-S;8255;Male nipple;Male NPTF thread;recht;NPT/NPTF;1 1/2-11.5;buiten;NPT/NPTF;1-11.5;buiten;;;21
8255-16-32;;8255;Male nipple;Male NPTF thread;recht;NPT/NPTF;1-11.5;buiten;NPT/NPTF;2-11.5;buiten;;;21
8255-20-20;1 1/4 FF-S;8255;Male nipple;Male NPTF thread;recht;NPT/NPTF;1 1/4-11.5;buiten;NPT/NPTF;1 1/4-11.5;buiten;;;21
8255-20-24;;8255;Male nipple;Male NPTF thread;recht;NPT/NPTF;1 1/4-11.5;buiten;NPT/NPTF;1 1/2-11.5;buiten;;;21
8255-20-32;;8255;Male nipple;Male NPTF thread;recht;NPT/NPTF;1 1/4-11.5;buiten;NPT/NPTF;2-11.5;buiten;;;21
8255-24-24;1 1/2 FF-S;8255;Male nipple;Male NPTF thread;recht;NPT/NPTF;1 1/2-11.5;buiten;NPT/NPTF;1 1/2-11.5;buiten;;;21
8255-24-32;;8255;Male nipple;Male NPTF thread;recht;NPT/NPTF;1 1/2-11.5;buiten;NPT/NPTF;2-11.5;buiten;;;21
8255-32-32;2 FF-S;8255;Male nipple;Male NPTF thread;recht;NPT/NPTF;2-11.5;buiten;NPT/NPTF;2-11.5;buiten;;;21
8255-40-40;;8255;Male nipple;Male NPTF thread;recht;NPT/NPTF;2 1/2-8;buiten;NPT/NPTF;2 1/2-8;buiten;;;21
8257-02-02;1/8 FG-S;8257;Thread reducer;Male NPTF thread / Female NPTF thread;recht;NPT/NPTF;1/8-27;buiten;NPT/NPTF;1/8-27;binnen;;;23
8257-02-04;1/4 X 1/8 FG-S;8257;Thread reducer;Male NPTF thread / Female NPTF thread;recht;NPT/NPTF;1/4-18;buiten;NPT/NPTF;1/8-27;binnen;;;23
8257-02-06;3/8 X 1/8 FG-S;8257;Thread reducer;Male NPTF thread / Female NPTF thread;recht;NPT/NPTF;3/8-18;buiten;NPT/NPTF;1/8-27;binnen;;;23
8257-02-08;1/2 X 1/8 FG-S;8257;Thread reducer;Male NPTF thread / Female NPTF thread;recht;NPT/NPTF;1/2-14;buiten;NPT/NPTF;1/8-27;binnen;;;23
8257-04-02;1/4 X 1/8 PTR-S;8257;Thread reducer;Male NPTF thread / Female NPTF thread;recht;NPT/NPTF;1/4-18;buiten;NPT/NPTF;1/8-27;binnen;;;22
8257-04-04;1/4 FG-S;8257;Thread reducer;Male NPTF thread / Female NPTF thread;recht;NPT/NPTF;1/4-18;buiten;NPT/NPTF;1/4-18;binnen;;;23
8257-04-06;3/8 X 1/4 FG-S;8257;Thread reducer;Male NPTF thread / Female NPTF thread;recht;NPT/NPTF;3/8-18;buiten;NPT/NPTF;1/4-18;binnen;;;23
8257-04-08;1/2 X 1/4 FG-S;8257;Thread reducer;Male NPTF thread / Female NPTF thread;recht;NPT/NPTF;1/2-14;buiten;NPT/NPTF;1/4-18;binnen;;;23
8257-04-12;3/4 X 1/4 FG-S;8257;Thread reducer;Male NPTF thread / Female NPTF thread;recht;NPT/NPTF;3/4-14;buiten;NPT/NPTF;1/4-18;binnen;;;23
8257-06-02;3/8 X 1/8 PTR-S;8257;Thread reducer;Male NPTF thread / Female NPTF thread;recht;NPT/NPTF;3/8-18;buiten;NPT/NPTF;1/8-27;binnen;;;22
8257-06-04;3/8 X 1/4 PTR-S;8257;Thread reducer;Male NPTF thread / Female NPTF thread;recht;NPT/NPTF;3/8-18;buiten;NPT/NPTF;1/4-18;binnen;;;22
8257-06-06;3/8 FG-S;8257;Thread reducer;Male NPTF thread / Female NPTF thread;recht;NPT/NPTF;3/8-18;buiten;NPT/NPTF;3/8-18;binnen;;;23
8257-06-08;3/8 X 1/2 FG-S;8257;Thread reducer;Male NPTF thread / Female NPTF thread;recht;NPT/NPTF;1/2-14;buiten;NPT/NPTF;3/8-18;binnen;;;23
8257-06-12;3/4 X 3/8 FG-S;8257;Thread reducer;Male NPTF thread / Female NPTF thread;recht;NPT/NPTF;3/8-18;buiten;NPT/NPTF;3/4-14;binnen;;;22
8257-06-16;1 X 3/8 PTR-S;8257;Thread reducer;Male NPTF thread / Female NPTF thread;recht;NPT/NPTF;3/8-18;buiten;NPT/NPTF;1-11.5;binnen;;;22
8257-08-02;1/2 X 1/8 PTR-S;8257;Thread reducer;Male NPTF thread / Female NPTF thread;recht;NPT/NPTF;1/2-14;buiten;NPT/NPTF;1/8-27;binnen;;;22
8257-08-04;1/2 X 1/4 PTR-S;8257;Thread reducer;Male NPTF thread / Female NPTF thread;recht;NPT/NPTF;1/2-14;buiten;NPT/NPTF;1/4-18;binnen;;;22
8257-08-06;1/2 X 3/8 PTR-S;8257;Thread reducer;Male NPTF thread / Female NPTF thread;recht;NPT/NPTF;1/2-14;buiten;NPT/NPTF;3/8-18;binnen;;;22
8257-08-08;1/2 FG-S;8257;Thread reducer;Male NPTF thread / Female NPTF thread;recht;NPT/NPTF;1/2-14;buiten;NPT/NPTF;1/2-14;binnen;;;23
8257-08-12;3/4 X 1/2 FG-S;8257;Thread reducer;Male NPTF thread / Female NPTF thread;recht;NPT/NPTF;3/4-14;buiten;NPT/NPTF;1/2-14;binnen;;;23
8257-08-16;1 X 1/2 FG-S;8257;Thread reducer;Male NPTF thread / Female NPTF thread;recht;NPT/NPTF;1-11.5;buiten;NPT/NPTF;1/2-14;binnen;;;23
8257-10-08;;8257;Thread reducer;Male NPTF thread / Female NPTF thread;recht;NPT/NPTF;;buiten;NPT/NPTF;1/2-14;binnen;;;22
8257-12-02;3/4 X 1/8 PTR-S;8257;Thread reducer;Male NPTF thread / Female NPTF thread;recht;NPT/NPTF;3/4-14;buiten;NPT/NPTF;1/8-27;binnen;;;22
8257-12-04;3/4 X 1/4 PTR-S;8257;Thread reducer;Male NPTF thread / Female NPTF thread;recht;NPT/NPTF;3/4-14;buiten;NPT/NPTF;1/4-18;binnen;;;22
8257-12-06;3/4 X 3/8 PTR-S;8257;Thread reducer;Male NPTF thread / Female NPTF thread;recht;NPT/NPTF;3/4-14;buiten;NPT/NPTF;3/8-18;binnen;;;22
8257-12-08;3/4 X 1/2 PTR-S;8257;Thread reducer;Male NPTF thread / Female NPTF thread;recht;NPT/NPTF;3/4-14;buiten;NPT/NPTF;1/2-14;binnen;;;22
8257-12-12;3/4 FG-S;8257;Thread reducer;Male NPTF thread / Female NPTF thread;recht;NPT/NPTF;3/4-14;buiten;NPT/NPTF;3/4-14;binnen;;;23
8257-12-16;1 X 3/4 FG-S;8257;Thread reducer;Male NPTF thread / Female NPTF thread;recht;NPT/NPTF;1-11.5;buiten;NPT/NPTF;3/4-14;binnen;;;23
8257-12-20;1 1/4 X 3/4 PTR-S;8257;Thread reducer;Male NPTF thread / Female NPTF thread;recht;NPT/NPTF;3/4-14;buiten;NPT/NPTF;1 1/4-11.5;binnen;;;22
8257-16-02;1 X 1/8 PTR-S;8257;Thread reducer;Male NPTF thread / Female NPTF thread;recht;NPT/NPTF;1-11.5;buiten;NPT/NPTF;1/8-27;binnen;;;22
8257-16-04;1 X 1/4 PTR-S;8257;Thread reducer;Male NPTF thread / Female NPTF thread;recht;NPT/NPTF;1-11.5;buiten;NPT/NPTF;1/4-18;binnen;;;22
8257-16-06;1 X 3/8 PTR-S;8257;Thread reducer;Male NPTF thread / Female NPTF thread;recht;NPT/NPTF;1-11.5;buiten;NPT/NPTF;3/8-18;binnen;;;22
8257-16-08;1 X 1/2 PTR-S;8257;Thread reducer;Male NPTF thread / Female NPTF thread;recht;NPT/NPTF;1-11.5;buiten;NPT/NPTF;1/2-14;binnen;;;22
8257-16-12;1 X 3/4 PTR-S;8257;Thread reducer;Male NPTF thread / Female NPTF thread;recht;NPT/NPTF;1-11.5;buiten;NPT/NPTF;3/4-14;binnen;;;22
8257-16-16;1 FG-S;8257;Thread reducer;Male NPTF thread / Female NPTF thread;recht;NPT/NPTF;1-11.5;buiten;NPT/NPTF;1-11.5;binnen;;;23
8257-16-20;1 1/4 X 1 FG-S;8257;Thread reducer;Male NPTF thread / Female NPTF thread;recht;NPT/NPTF;1 1/4-11.5;buiten;NPT/NPTF;1-11.5;binnen;;;23
8257-16-24;11/2X1PTRMS;8257;Thread reducer;Male NPTF thread / Female NPTF thread;recht;NPT/NPTF;1-11.5;buiten;NPT/NPTF;1 1/2-11.5;binnen;;;22
8257-20-08;1 1/4 X 1/2 PTR-S;8257;Thread reducer;Male NPTF thread / Female NPTF thread;recht;NPT/NPTF;1 1/4-11.5;buiten;NPT/NPTF;1/2-14;binnen;;;22
8257-20-12;1 1/4 X 3/4 PTR-S;8257;Thread reducer;Male NPTF thread / Female NPTF thread;recht;NPT/NPTF;1 1/4-11.5;buiten;NPT/NPTF;3/4-14;binnen;;;22
8257-20-16;11/4X1PTRMS;8257;Thread reducer;Male NPTF thread / Female NPTF thread;recht;NPT/NPTF;1 1/4-11.5;buiten;NPT/NPTF;1-11.5;binnen;;;22
8257-20-24;-;8257;Thread reducer;Male NPTF thread / Female NPTF thread;recht;NPT/NPTF;1 1/4-11.5;buiten;NPT/NPTF;1 1/2-11.5;binnen;;;23
8257-24-08;;8257;Thread reducer;Male NPTF thread / Female NPTF thread;recht;NPT/NPTF;1 1/2-11.5;buiten;NPT/NPTF;1/2-14;binnen;;;22
8257-24-12;1 1/2 X 3/4 PTR-S;8257;Thread reducer;Male NPTF thread / Female NPTF thread;recht;NPT/NPTF;1 1/2-11.5;buiten;NPT/NPTF;3/4-14;binnen;;;22
8257-24-16;11/2X1PTRMS;8257;Thread reducer;Male NPTF thread / Female NPTF thread;recht;NPT/NPTF;1 1/2-11.5;buiten;NPT/NPTF;1-11.5;binnen;;;22
8257-24-20;1 1/2 X 1 1/4 PTR-S;8257;Thread reducer;Male NPTF thread / Female NPTF thread;recht;NPT/NPTF;1 1/2-11.5;buiten;NPT/NPTF;1 1/4-11.5;binnen;;;22
8257-24-32;-;8257;Thread reducer;Male NPTF thread / Female NPTF thread;recht;NPT/NPTF;1 1/2-11.5;buiten;NPT/NPTF;2-11.5;binnen;;;23
8257-32-04;;8257;Thread reducer;Male NPTF thread / Female NPTF thread;recht;NPT/NPTF;2-11.5;buiten;NPT/NPTF;1/4-18;binnen;;;22
8257-32-08;2 X 1/2 PTR-S;8257;Thread reducer;Male NPTF thread / Female NPTF thread;recht;NPT/NPTF;2-11.5;buiten;NPT/NPTF;1/2-14;binnen;;;22
8257-32-12;;8257;Thread reducer;Male NPTF thread / Female NPTF thread;recht;NPT/NPTF;2-11.5;buiten;NPT/NPTF;3/4-14;binnen;;;22
8257-32-16;2 X 1 PTR-S;8257;Thread reducer;Male NPTF thread / Female NPTF thread;recht;NPT/NPTF;2-11.5;buiten;NPT/NPTF;1-11.5;binnen;;;22
8257-32-20;2 X 1 1/4 PTR-S;8257;Thread reducer;Male NPTF thread / Female NPTF thread;recht;NPT/NPTF;2-11.5;buiten;NPT/NPTF;1 1/4-11.5;binnen;;;22
8257-32-24;;8257;Thread reducer;Male NPTF thread / Female NPTF thread;recht;NPT/NPTF;2-11.5;buiten;NPT/NPTF;1 1/2-11.5;binnen;;;22
8257-40-32;;8257;Thread reducer;Male NPTF thread / Female NPTF thread;recht;NPT/NPTF;2 1/2-8;buiten;NPT/NPTF;2-11.5;binnen;;;22
8257-48-24;;8257;Thread reducer;Male NPTF thread / Female NPTF thread;recht;NPT/NPTF;3-8;buiten;NPT/NPTF;1 1/2-11.5;binnen;;;22
8257-48-32;;8257;Thread reducer;Male NPTF thread / Female NPTF thread;recht;NPT/NPTF;3-8;buiten;NPT/NPTF;2-11.5;binnen;;;22
8277-02-02;1/8 GG-S;8277;Female thread coupling;Female NPTF thread;recht;NPT/NPTF;1/8-27;binnen;NPT/NPTF;1/8-27;binnen;;;26
8277-02-04;1/4 X 1/8 GG-S;8277;Female thread coupling;Female NPTF thread;recht;NPT/NPTF;1/4-18;binnen;NPT/NPTF;1/8-27;binnen;;;26
8277-02-06;3/8 X 1/8 GG-S;8277;Female thread coupling;Female NPTF thread;recht;NPT/NPTF;3/8-18;binnen;NPT/NPTF;1/8-27;binnen;;;26
8277-04-04;1/4 GG-S;8277;Female thread coupling;Female NPTF thread;recht;NPT/NPTF;1/4-18;binnen;NPT/NPTF;1/4-18;binnen;;;26
8277-04-06;3/8 X 1/4 GG-S;8277;Female thread coupling;Female NPTF thread;recht;NPT/NPTF;3/8-18;binnen;NPT/NPTF;1/4-18;binnen;;;26
8277-04-08;1/2 X 1/4 GG-S;8277;Female thread coupling;Female NPTF thread;recht;NPT/NPTF;1/2-14;binnen;NPT/NPTF;1/4-18;binnen;;;26
8277-04-12;3/4 X 1/4 GG-S;8277;Female thread coupling;Female NPTF thread;recht;NPT/NPTF;3/4-14;binnen;NPT/NPTF;1/4-18;binnen;;;26
8277-06-06;3/8 GG-S;8277;Female thread coupling;Female NPTF thread;recht;NPT/NPTF;3/8-18;binnen;NPT/NPTF;3/8-18;binnen;;;26
8277-06-08;1/2 X 3/8 GG-S;8277;Female thread coupling;Female NPTF thread;recht;NPT/NPTF;1/2-14;binnen;NPT/NPTF;3/8-18;binnen;;;26
8277-08-08;1/2 GG-S;8277;Female thread coupling;Female NPTF thread;recht;NPT/NPTF;1/2-14;binnen;NPT/NPTF;1/2-14;binnen;;;26
8277-08-12;3/4 X 1/2 GG-S;8277;Female thread coupling;Female NPTF thread;recht;NPT/NPTF;3/4-14;binnen;NPT/NPTF;1/2-14;binnen;;;26
8277-08-16;1 X 1/2 GG-S;8277;Female thread coupling;Female NPTF thread;recht;NPT/NPTF;1-11.5;binnen;NPT/NPTF;1/2-14;binnen;;;26
8277-12-12;3/4 GG-S;8277;Female thread coupling;Female NPTF thread;recht;NPT/NPTF;3/4-14;binnen;NPT/NPTF;3/4-14;binnen;;;26
8277-12-16;1 X 3/4 GG-S;8277;Female thread coupling;Female NPTF thread;recht;NPT/NPTF;1-11.5;binnen;NPT/NPTF;3/4-14;binnen;;;26
8277-16-16;1 GG-S;8277;Female thread coupling;Female NPTF thread;recht;NPT/NPTF;1-11.5;binnen;NPT/NPTF;1-11.5;binnen;;;26
8277-16-20;1 1/4 X 1 GG-S;8277;Female thread coupling;Female NPTF thread;recht;NPT/NPTF;1 1/4-11.5;binnen;NPT/NPTF;1-11.5;binnen;;;26
8277-20-20;1 1/4 GG-S;8277;Female thread coupling;Female NPTF thread;recht;NPT/NPTF;1 1/4-11.5;binnen;NPT/NPTF;1 1/4-11.5;binnen;;;26
8277-20-24;1 1/4 X 1 1/2 GG-S;8277;Female thread coupling;Female NPTF thread;recht;NPT/NPTF;1 1/2-11.5;binnen;NPT/NPTF;1 1/4-11.5;binnen;;;26
8277-24-24;1 1/2 GG-S;8277;Female thread coupling;Female NPTF thread;recht;NPT/NPTF;1 1/2-11.5;binnen;NPT/NPTF;1 1/2-11.5;binnen;;;26
8277-32-32;2 GG-S;8277;Female thread coupling;Female NPTF thread;recht;NPT/NPTF;2-11.5;binnen;NPT/NPTF;2-11.5;binnen;;;26
8278-02-02;;8278;Heavy welding socket;WELDING SOCKET NPT 3000 PSI;n.v.t.;NPT/NPTF;1/8-27;binnen;;;;;;
8278-04-04;;8278;Heavy welding socket;WELDING SOCKET NPT 3000 PSI;n.v.t.;NPT/NPTF;1/4-18;binnen;;;;;;
8278-06-06;;8278;Heavy welding socket;WELDING SOCKET NPT 3000 PSI;n.v.t.;NPT/NPTF;3/8-18;binnen;;;;;;
8278-08-08;;8278;Heavy welding socket;WELDING SOCKET NPT 3000 PSI;n.v.t.;NPT/NPTF;1/2-14;binnen;;;;;;
8278-12-12;;8278;Heavy welding socket;WELDING SOCKET NPT 3000 PSI;n.v.t.;NPT/NPTF;3/4-14;binnen;;;;;;
8278-12-16;;8278;Heavy welding socket;WELDING SOCKET NPT 3000 PSI;n.v.t.;NPT/NPTF;3/4-14;binnen;;;;;;
8278-16-16;;8278;Heavy welding socket;WELDING SOCKET NPT 3000 PSI;n.v.t.;NPT/NPTF;1-11.5;binnen;;;;;;
8278-16-24;;8278;Heavy welding socket;WELDING SOCKET NPT 3000 PSI;n.v.t.;NPT/NPTF;1-11.5;binnen;;;;;;
8278-20-20;;8278;Heavy welding socket;WELDING SOCKET NPT 3000 PSI;n.v.t.;NPT/NPTF;1 1/4-11.5;binnen;;;;;;
8278-24-24;;8278;Heavy welding socket;WELDING SOCKET NPT 3000 PSI;n.v.t.;NPT/NPTF;1 1/2-11.5;binnen;;;;;;
8278-32-32;;8278;Heavy welding socket;WELDING SOCKET NPT 3000 PSI;n.v.t.;NPT/NPTF;2-11.5;binnen;;;;;;
8279-04-04;;8279;Heavy welding socket;WELDING SOCKET NPT 6000 PSI;n.v.t.;NPT/NPTF;1/4-18;binnen;;;;;;
8279-06-06;;8279;Heavy welding socket;WELDING SOCKET NPT 6000 PSI;n.v.t.;NPT/NPTF;3/8-18;binnen;;;;;;
8279-08-08;;8279;Heavy welding socket;WELDING SOCKET NPT 6000 PSI;n.v.t.;NPT/NPTF;1/2-14;binnen;;;;;;
8279-12-12;;8279;Heavy welding socket;WELDING SOCKET NPT 3/4 6000 PSI;n.v.t.;NPT/NPTF;3/4-14;binnen;;;;;;
8279-16-16;;8279;Heavy welding socket;WELDING SOCKET NPT 6000 PSI;n.v.t.;NPT/NPTF;1-11.5;binnen;;;;;;
8279-20-20;;8279;Heavy welding socket;WELDING SOCKET NPT 6000 PSI;n.v.t.;NPT/NPTF;1 1/4-11.5;binnen;;;;;;
8279-24-24;;8279;Heavy welding socket;WELDING SOCKET NPT 6000 PSI;n.v.t.;NPT/NPTF;1 1/2-11.5;binnen;;;;;;
8284-02-02;;8284;Heavy welding socket;Female BSPP thread / H / D;n.v.t.;BSPP;1/8-28;binnen;;;;;;7
8284-04-04;;8284;Heavy welding socket;Female BSPP thread / H / D;n.v.t.;BSPP;1/4-19;binnen;;;;;;7
8284-06-06;;8284;Heavy welding socket;Female BSPP thread / H / D;n.v.t.;BSPP;3/8-19;binnen;;;;;;7
8284-08-08;;8284;Heavy welding socket;Female BSPP thread / H / D;n.v.t.;BSPP;1/2-14;binnen;;;;;;7
8284-10-10;;8284;Heavy welding socket;Female BSPP thread / H / D;n.v.t.;BSPP;5/8-14;binnen;;;;;;7
8284-12-12;;8284;Heavy welding socket;Female BSPP thread / H / D;n.v.t.;BSPP;3/4-14;binnen;;;;;;7
8284-16-16;;8284;Heavy welding socket;Female BSPP thread / H / D;n.v.t.;BSPP;1-11;binnen;;;;;;7
8284-20-20;;8284;Heavy welding socket;Female BSPP thread / H / D;n.v.t.;BSPP;1 1/4-11;binnen;;;;;;7
8284-24-24;;8284;Heavy welding socket;Female BSPP thread / H / D;n.v.t.;BSPP;1 1/2-11;binnen;;;;;;7
8284-32-32;;8284;Heavy welding socket;Female BSPP thread / H / D;n.v.t.;BSPP;2-11;binnen;;;;;;7
8344-04-04;;8344;Cross;EQUAL CROSS BSP FEMALE;kruis;BSPP;1/4-19;binnen;BSPP;1/4-19;binnen;;;
8344-06-06;;8344;Cross;EQUAL CROSS BSP FEMALE;kruis;BSPP;3/8-19;binnen;BSPP;3/8-19;binnen;;;
8344-08-08;;8344;Cross;EQUAL CROSS BSP FEMALE;kruis;BSPP;1/2-14;binnen;BSPP;1/2-14;binnen;;;
8344-12-12;;8344;Cross;EQUAL CROSS BSP FEMALE;kruis;BSPP;3/4-14;binnen;BSPP;3/4-14;binnen;;;
8377-02-02;1/8 KMMOO-S;8377;Female thread cross;Female NPTF threads;kruis;NPT/NPTF;1/8-27;binnen;NPT/NPTF;1/8-27;binnen;;;31
8377-04-04;1/4 KMMOO-S;8377;Female thread cross;Female NPTF threads;kruis;NPT/NPTF;1/4-18;binnen;NPT/NPTF;1/4-18;binnen;;;31
8377-06-06;3/8 KMMOO-S;8377;Female thread cross;Female NPTF threads;kruis;NPT/NPTF;3/8-18;binnen;NPT/NPTF;3/8-18;binnen;;;31
8377-08-08;1/2 KMMOO-S;8377;Female thread cross;Female NPTF threads;kruis;NPT/NPTF;1/2-14;binnen;NPT/NPTF;1/2-14;binnen;;;31
8377-12-12;3/4 KMMOO-S;8377;Female thread cross;Female NPTF threads;kruis;NPT/NPTF;3/4-14;binnen;NPT/NPTF;3/4-14;binnen;;;31
8377-16-16;1 KMMOO-S;8377;Female thread cross;Female NPTF threads;kruis;NPT/NPTF;1-11.5;binnen;NPT/NPTF;1-11.5;binnen;;;31
8377-20-20;-;8377;Female thread cross;Female NPTF threads;kruis;NPT/NPTF;1 1/4-11.5;binnen;NPT/NPTF;1 1/4-11.5;binnen;;;31
8377-24-24;-;8377;Female thread cross;Female NPTF threads;kruis;NPT/NPTF;1 1/2-11.5;binnen;NPT/NPTF;1 1/2-11.5;binnen;;;31
8377-32-32;-;8377;Female thread cross;Female NPTF threads;kruis;NPT/NPTF;2-11.5;binnen;NPT/NPTF;2-11.5;binnen;;;31
8423-04-04;4 V5OX-S;8423;Male stud elbow 45°;Triple-Lok® 37° Flare end / Male UNF thread O-ring;45°;JIC;7/16-20;buiten;UN/UNF;7/16-20;buiten;6;1/4;71
8423-05-05;5 V5OX-S;8423;Male stud elbow 45°;Triple-Lok® 37° Flare end / Male UNF thread O-ring;45°;JIC;1/2-20;buiten;UN/UNF;1/2-20;buiten;8;5/16;71
8423-06-06;6V5OMXS;8423;Male stud elbow 45°;Triple-Lok® 37° Flare end / Male UNF thread O-ring;45°;JIC;9/16-18;buiten;UN/UNF;9/16-18;buiten;10;3/8;71
8423-06-08;6-8 V5OX-S;8423;Male stud elbow 45°;Triple-Lok® 37° Flare end / Male UNF thread O-ring;45°;JIC;9/16-18;buiten;UN/UNF;3/4-16;buiten;10;3/8;71
8423-08-06;8-6 V5OX-S;8423;Male stud elbow 45°;Triple-Lok® 37° Flare end / Male UNF thread O-ring;45°;JIC;3/4-16;buiten;UN/UNF;9/16-18;buiten;12;1/2;71
8423-08-08;8 V5OX-S;8423;Male stud elbow 45°;Triple-Lok® 37° Flare end / Male UNF thread O-ring;45°;JIC;3/4-16;buiten;UN/UNF;3/4-16;buiten;12;1/2;71
8423-08-10;8-10 V5OX-S;8423;Male stud elbow 45°;Triple-Lok® 37° Flare end / Male UNF thread O-ring;45°;JIC;3/4-16;buiten;UN/UNF;7/8-14;buiten;12;1/2;71
8423-10-08;10-8 V5OX-S;8423;Male stud elbow 45°;Triple-Lok® 37° Flare end / Male UNF thread O-ring;45°;JIC;7/8-14;buiten;UN/UNF;3/4-16;buiten;14, 15,16;5/8;71
8423-10-10;10 V5OX-S;8423;Male stud elbow 45°;Triple-Lok® 37° Flare end / Male UNF thread O-ring;45°;JIC;7/8-14;buiten;UN/UNF;7/8-14;buiten;14, 15,16;5/8;71
8423-12-10;12-10 V5OX-S;8423;Male stud elbow 45°;Triple-Lok® 37° Flare end / Male UNF thread O-ring;45°;JIC;1 1/16-12;buiten;UN/UNF;7/8-14;buiten;18, 20;3/4;71
8423-12-12;12 V5OX-S;8423;Male stud elbow 45°;Triple-Lok® 37° Flare end / Male UNF thread O-ring;45°;JIC;1 1/16-12;buiten;UN/UNF;1 1/16-12;buiten;18, 20;3/4;71
8423-12-16;16-12 V5OX-S;8423;Male stud elbow 45°;Triple-Lok® 37° Flare end / Male UNF thread O-ring;45°;JIC;1 1/16-12;buiten;UN/UNF;1 5/16-12;buiten;25;1;71
8423-14-14;14 V5OX-S;8423;Male stud elbow 45°;Triple-Lok® 37° Flare end / Male UNF thread O-ring;45°;JIC;1 3/16-12;buiten;UN/UNF;1 3/16-12;buiten;22;7/8;71
8423-16-12;12-16 V5OX-S;8423;Male stud elbow 45°;Triple-Lok® 37° Flare end / Male UNF thread O-ring;45°;JIC;1 5/16-12;buiten;UN/UNF;1 1/16-12;buiten;25;1;71
8423-16-16;16 V5OX-S;8423;Male stud elbow 45°;Triple-Lok® 37° Flare end / Male UNF thread O-ring;45°;JIC;1 5/16-12;buiten;UN/UNF;1 5/16-12;buiten;25;1;71
8423-20-16;16-20 V5OX-S;8423;Male stud elbow 45°;Triple-Lok® 37° Flare end / Male UNF thread O-ring;45°;JIC;1 5/8-12;buiten;UN/UNF;1 5/16-12;buiten;28, 30, 32;1 1/4;71
8423-20-20;20 V5OX-S;8423;Male stud elbow 45°;Triple-Lok® 37° Flare end / Male UNF thread O-ring;45°;JIC;1 5/8-12;buiten;UN/UNF;1 5/8-12;buiten;28, 30, 32;1 1/4;71
8423-24-24;24 V5OX-S;8423;Male stud elbow 45°;Triple-Lok® 37° Flare end / Male UNF thread O-ring;45°;JIC;1 7/8-12;buiten;UN/UNF;1 7/8-12;buiten;35, 38;1 1/2;71
16V6MXS;16V6MXS;8424;Swivel nut elbow 45°;Triple-Lok® 37° Flare end / Triple-Lok® 37° Flare female swivel end;45°;JIC;1 5/16-12;wartelend;JIC;1 5/16-12;buiten;;1;
8424-04-04;4 V6X-S;8424;Swivel nut elbow 45°;Triple-Lok® 37° Flare end / Triple-Lok® 37° Flare female swivel end;45°;UN/UNF;7/16-20;wartelend;JIC;7/16-20;buiten;6;1/4;54
8424-05-05;5 V6X-S;8424;Swivel nut elbow 45°;Triple-Lok® 37° Flare end / Triple-Lok® 37° Flare female swivel end;45°;UN/UNF;1/2-20;wartelend;JIC;1/2-20;buiten;8;5/16;54
8424-06-06;6V6MXS;8424;Swivel nut elbow 45°;Triple-Lok® 37° Flare end / Triple-Lok® 37° Flare female swivel end;45°;UN/UNF;9/16-18;wartelend;JIC;9/16-18;buiten;10;3/8;54
8424-08-08;8V6MXS;8424;Swivel nut elbow 45°;Triple-Lok® 37° Flare end / Triple-Lok® 37° Flare female swivel end;45°;UN/UNF;3/4-16;wartelend;JIC;3/4-16;buiten;12;1/2;54
8424-10-10;10V6MXS;8424;Swivel nut elbow 45°;Triple-Lok® 37° Flare end / Triple-Lok® 37° Flare female swivel end;45°;UN/UNF;7/8-14;wartelend;JIC;7/8-14;buiten;14, 15,16;5/8;54
8424-12-12;12V6MXS;8424;Swivel nut elbow 45°;Triple-Lok® 37° Flare end / Triple-Lok® 37° Flare female swivel end;45°;UN/UNF;1 1/16-12;wartelend;JIC;1 1/16-12;buiten;18, 20;3/4;54
8424-14-14;14 V6X-S;8424;Swivel nut elbow 45°;Triple-Lok® 37° Flare end / Triple-Lok® 37° Flare female swivel end;45°;UN/UNF;1 3/16-12;wartelend;JIC;1 3/16-12;buiten;22;7/8;54
8424-16-16;16 V6X-S;8424;Swivel nut elbow 45°;Triple-Lok® 37° Flare end / Triple-Lok® 37° Flare female swivel end;45°;UN/UNF;1 5/16-12;wartelend;JIC;1 5/16-12;buiten;25;1;54
8424-20-20;20 V6X-S;8424;Swivel nut elbow 45°;Triple-Lok® 37° Flare end / Triple-Lok® 37° Flare female swivel end;45°;UN/UNF;1 5/8-12;wartelend;JIC;1 5/8-12;buiten;28, 30, 32;1 1/4;54
8424-24-24;24 V6X-S;8424;Swivel nut elbow 45°;Triple-Lok® 37° Flare end / Triple-Lok® 37° Flare female swivel end;45°;UN/UNF;1 7/8-12;wartelend;JIC;1 7/8-12;buiten;35, 38;1 1/2;54
8424-32-32;32 V6X-S;8424;Swivel nut elbow 45°;Triple-Lok® 37° Flare end / Triple-Lok® 37° Flare female swivel end;45°;UN/UNF;2 1/2-12;wartelend;JIC;2 1/2-12;buiten;;2;54
8426-04-04;4 WNTX-WLN-S;8426;Bulkhead union elbow 45°;Triple-Lok® 37° Flare ends;45°;JIC;7/16-20;buiten;JIC;7/16-20;buiten;6;1/4;51
8426-05-05;5 WNTX-WLN-S;8426;Bulkhead union elbow 45°;Triple-Lok® 37° Flare ends;45°;JIC;1/2-20;buiten;JIC;1/2-20;buiten;8;5/16;51
8426-06-06;6 WNTX-WLN-S;8426;Bulkhead union elbow 45°;Triple-Lok® 37° Flare ends;45°;JIC;9/16-18;buiten;JIC;9/16-18;buiten;10;3/8;51
8426-08-08;8 WNTX-WLN-S;8426;Bulkhead union elbow 45°;Triple-Lok® 37° Flare ends;45°;JIC;3/4-16;buiten;JIC;3/4-16;buiten;12;1/2;51
8426-10-10;10 WNTX-WLN-S;8426;Bulkhead union elbow 45°;Triple-Lok® 37° Flare ends;45°;JIC;7/8-14;buiten;JIC;7/8-14;buiten;14, 15,16;5/8;51
8426-12-12;12 WNTX-WLN-S;8426;Bulkhead union elbow 45°;Triple-Lok® 37° Flare ends;45°;JIC;1 1/16-12;buiten;JIC;1 1/16-12;buiten;18, 20;3/4;51
8426-16-16;16 WNTX-WLN-S;8426;Bulkhead union elbow 45°;Triple-Lok® 37° Flare ends;45°;JIC;1 5/16-12;buiten;JIC;1 5/16-12;buiten;22, 25;1;51
8426-20-20;20 WNTX-WLN-S;8426;Bulkhead union elbow 45°;Triple-Lok® 37° Flare ends;45°;JIC;1 5/8-12;buiten;JIC;1 5/8-12;buiten;28, 30, 32;1 1/4;51
8438-04-04;3507-4-4;8438;Swivel male elbow 45°;Male UN/UNF thread O-ring / NPSM Female swivel end;45°;NPSM;1/4-18;wartelend;UN/UNF;7/16-20;buiten;;;38
8438-06-06;3507-6-6;8438;Swivel male elbow 45°;Male UN/UNF thread O-ring / NPSM Female swivel end;45°;NPSM;3/8-18;wartelend;UN/UNF;9/16-18;buiten;;;38
8438-08-06;3507-8-6;8438;Swivel male elbow 45°;Male UN/UNF thread O-ring / NPSM Female swivel end;45°;NPSM;3/8-18;wartelend;UN/UNF;3/4-16;buiten;;;38
8438-08-08;3507-8-8;8438;Swivel male elbow 45°;Male UN/UNF thread O-ring / NPSM Female swivel end;45°;NPSM;1/2-14;wartelend;UN/UNF;3/4-16;buiten;;;38
8438-08-12;3507-8-12;8438;Swivel male elbow 45°;Male UN/UNF thread O-ring / NPSM Female swivel end;45°;NPSM;3/4-14;wartelend;UN/UNF;3/4-16;buiten;;;38
8438-10-08;3507-10-8;8438;Swivel male elbow 45°;Male UN/UNF thread O-ring / NPSM Female swivel end;45°;NPSM;1/2-14;wartelend;UN/UNF;7/8-14;buiten;;;38
8438-12-12;3507-12-12;8438;Swivel male elbow 45°;Male UN/UNF thread O-ring / NPSM Female swivel end;45°;NPSM;3/4-14;wartelend;UN/UNF;1 1/16-12;buiten;;;38
8438-16-16;3507-16-16;8438;Swivel male elbow 45°;Male UN/UNF thread O-ring / NPSM Female swivel end;45°;NPSM;1-11.5;wartelend;UN/UNF;1 5/16-12;buiten;;;38
8443-04-04;;8443;Elbow 45°;ELBOW 45° BSP FEMALE FIXED X BSPT MALE;45°;BSPP;1/4-19;buiten;BSPT;1/4-19;buiten;;;
8443-08-08;;8443;Elbow 45°;ELBOW 45° BSP FEMALE FIXED X BSPT MALE;45°;BSPP;1/2-14;buiten;BSPT;1/2-14;buiten;;;
8443-12-12;;8443;Elbow 45°;ELBOW 45° BSP FEMALE FIXED X BSPT MALE;45°;BSPP;3/4-14;buiten;BSPT;3/4-14;buiten;;;
8444-02-02;;8444;Elbow 45°;BSPP Female;45°;BSPP;1/8-28;binnen;BSPP;1/8-28;binnen;;;17
8444-04-04;;8444;Elbow 45°;BSPP Female;45°;BSPP;1/4-19;binnen;BSPP;1/4-19;binnen;;;17
8444-06-06;;8444;Elbow 45°;BSPP Female;45°;BSPP;3/8-19;binnen;BSPP;3/8-19;binnen;;;17
8444-08-08;;8444;Elbow 45°;BSPP Female;45°;BSPP;1/2-14;binnen;BSPP;1/2-14;binnen;;;17
8444-10-10;;8444;Elbow 45°;BSPP Female;45°;BSPP;5/8-14;binnen;BSPP;5/8-14;binnen;;;17
8444-12-12;;8444;Elbow 45°;BSPP Female;45°;BSPP;3/4-14;binnen;BSPP;3/4-14;binnen;;;17
8444-16-16;;8444;Elbow 45°;BSPP Female;45°;BSPP;1-11;binnen;BSPP;1-11;binnen;;;17
8457-02-02;1/8 CD45-S;8457;Male / Female thread elbow 45°;Male NPTF thread / Female NPTF thread;45°;NPT/NPTF;1/8-27;buiten;NPT/NPTF;1/8-27;binnen;;;27
8457-04-04;1/4 CD45-S;8457;Male / Female thread elbow 45°;Male NPTF thread / Female NPTF thread;45°;NPT/NPTF;1/4-18;buiten;NPT/NPTF;1/4-18;binnen;;;27
8457-06-06;3/8 CD45-S;8457;Male / Female thread elbow 45°;Male NPTF thread / Female NPTF thread;45°;NPT/NPTF;3/8-18;buiten;NPT/NPTF;3/8-18;binnen;;;27
8457-08-08;1/2 CD45-S;8457;Male / Female thread elbow 45°;Male NPTF thread / Female NPTF thread;45°;NPT/NPTF;1/2-14;buiten;NPT/NPTF;1/2-14;binnen;;;27
8457-12-12;3/4 CD45-S;8457;Male / Female thread elbow 45°;Male NPTF thread / Female NPTF thread;45°;NPT/NPTF;3/4-14;buiten;NPT/NPTF;3/4-14;binnen;;;27
8457-16-16;1 CD45-S;8457;Male / Female thread elbow 45°;Male NPTF thread / Female NPTF thread;45°;NPT/NPTF;1-11.5;buiten;NPT/NPTF;1-11.5;binnen;;;27
8457-20-20;1 1/4 CD45-S;8457;Male / Female thread elbow 45°;Male NPTF thread / Female NPTF thread;45°;NPT/NPTF;1 1/4-11.5;buiten;NPT/NPTF;1 1/4-11.5;binnen;;;27
8526-04-04;4 WJTX-WLN-S;8526;Bulkhead branch tee;Triple-Lok® 37° Flare ends;T-stuk;JIC;7/16-20;buiten;JIC;7/16-20;buiten;6;1/4;52
8526-06-06;6 WJTX-WLN-S;8526;Bulkhead branch tee;Triple-Lok® 37° Flare ends;T-stuk;JIC;9/16-18;buiten;JIC;9/16-18;buiten;10;3/8;52
8526-08-08;8 WJTX-WLN-S;8526;Bulkhead branch tee;Triple-Lok® 37° Flare ends;T-stuk;JIC;3/4-16;buiten;JIC;3/4-16;buiten;12;1/2;52
8526-10-10;10 WJTX-WLN-S;8526;Bulkhead branch tee;Triple-Lok® 37° Flare ends;T-stuk;JIC;7/8-14;buiten;JIC;7/8-14;buiten;14, 15,16;5/8;52
8526-12-12;12 WJTX-WLN-S;8526;Bulkhead branch tee;Triple-Lok® 37° Flare ends;T-stuk;JIC;1 1/16-12;buiten;JIC;1 1/16-12;buiten;18, 20;3/4;52
8526-16-16;16 WJTX-WLN-S;8526;Bulkhead branch tee;Triple-Lok® 37° Flare ends;T-stuk;JIC;1 5/16-12;buiten;JIC;1 5/16-12;buiten;22, 25;1;52
8526-20-20;20 WJTX-WLN-S;8526;Bulkhead branch tee;Triple-Lok® 37° Flare ends;T-stuk;JIC;1 5/8-12;buiten;JIC;1 5/8-12;buiten;28, 30, 32;1 1/4;52
8527-04-04;4 WJJTX-WLN-SS;8527;Bulkhead run tee;Triple-Lok® 37° Flare ends;T-stuk;JIC;7/16-20;buiten;JIC;7/16-20;buiten;6;1/4;52
8527-06-06;6 WJJTX-WLN-SS;8527;Bulkhead run tee;Triple-Lok® 37° Flare ends;T-stuk;JIC;9/16-18;buiten;JIC;9/16-18;buiten;10;3/8;52
8527-08-08;8 WJJTX-WLN-SS;8527;Bulkhead run tee;Triple-Lok® 37° Flare ends;T-stuk;JIC;3/4-16;buiten;JIC;3/4-16;buiten;12;1/2;52
8527-10-10;10 WJJTX-WLN-SS;8527;Bulkhead run tee;Triple-Lok® 37° Flare ends;T-stuk;JIC;7/8-14;buiten;JIC;7/8-14;buiten;14, 15,16;5/8;52
8527-12-12;12 WJJTX-WLN-SS;8527;Bulkhead run tee;Triple-Lok® 37° Flare ends;T-stuk;JIC;1 1/16-12;buiten;JIC;1 1/16-12;buiten;18, 20;3/4;52
8527-16-16;16 WJJTX-WLN-SS;8527;Bulkhead run tee;Triple-Lok® 37° Flare ends;T-stuk;JIC;1 5/16-12;buiten;JIC;1 5/16-12;buiten;22, 25;1;52
8527-20-20;20 WJJTX-WLN-SS;8527;Bulkhead run tee;Triple-Lok® 37° Flare ends;T-stuk;JIC;1 5/8-12;buiten;JIC;1 5/8-12;buiten;28, 30, 32;1 1/4;52
8619-04-04;;8619;Elbow 90°;ELBOW 90° JIS FEMALE SWIVEL X JIS MALE;haaks;JIS;1/4-19;wartelend;JIS;1/4-19;buiten;;;
8619-06-06;;8619;Elbow 90°;ELBOW 90° JIS FEMALE SWIVEL X JIS MALE;haaks;JIS;3/8-19;wartelend;JIS;3/8-19;buiten;;;
8619-08-08;;8619;Elbow 90°;ELBOW 90° JIS FEMALE SWIVEL X JIS MALE;haaks;JIS;1/2-14;wartelend;JIS;1/2-14;buiten;;;
8619-12-12;;8619;Elbow 90°;ELBOW 90° JIS FEMALE SWIVEL X JIS MALE;haaks;JIS;3/4-14;wartelend;JIS;3/4-14;buiten;;;
8619-16-16;;8619;Elbow 90°;ELBOW 90° JIS FEMALE SWIVEL X JIS MALE;haaks;JIS;1-11;wartelend;JIS;1-11;buiten;;;
8623-02-02;2 C5OX-S;8623;Male stud elbow;Triple-Lok® 37° Flare end / Adjustable UN/UNF thread – O-ring;haaks;JIC;5/16-24;buiten;UN/UNF;5/16-24;buiten;;1/8;67
8623-03-03;3 C5OX-S;8623;Male stud elbow;Triple-Lok® 37° Flare end / Adjustable UN/UNF thread – O-ring;haaks;JIC;3/8-24;buiten;UN/UNF;3/8-24;buiten;;3/16;67
8623-04-04;4C5OMXS;8623;Male stud elbow;Triple-Lok® 37° Flare end / Adjustable UN/UNF thread – O-ring;haaks;JIC;7/16-20;buiten;UN/UNF;7/16-20;buiten;6;1/4;67
8623-04-06;4-6 C5OX-S;8623;Male stud elbow;Triple-Lok® 37° Flare end / Adjustable UN/UNF thread – O-ring;haaks;JIC;7/16-20;buiten;UN/UNF;9/16-18;buiten;6;1/4;67
8623-05-04;5-4 C5OX-S;8623;Male stud elbow;Triple-Lok® 37° Flare end / Adjustable UN/UNF thread – O-ring;haaks;JIC;1/2-20;buiten;UN/UNF;7/16-20;buiten;8;5/16;67
8623-05-05;5C5OMXS;8623;Male stud elbow;Triple-Lok® 37° Flare end / Adjustable UN/UNF thread – O-ring;haaks;JIC;1/2-20;buiten;UN/UNF;1/2-20;buiten;8;5/16;67
8623-05-06;5-6 C5OX-S;8623;Male stud elbow;Triple-Lok® 37° Flare end / Adjustable UN/UNF thread – O-ring;haaks;JIC;1/2-20;buiten;UN/UNF;9/16-18;buiten;8;5/16;67
8623-06-04;6-4 C5OX-S;8623;Male stud elbow;Triple-Lok® 37° Flare end / Adjustable UN/UNF thread – O-ring;haaks;JIC;9/16-18;buiten;UN/UNF;7/16-20;buiten;10;3/8;67
8623-06-05;6-5 C5OX-S;8623;Male stud elbow;Triple-Lok® 37° Flare end / Adjustable UN/UNF thread – O-ring;haaks;JIC;9/16-18;buiten;UN/UNF;1/2-20;buiten;10;3/8;67
8623-06-06;6C5OMXS;8623;Male stud elbow;Triple-Lok® 37° Flare end / Adjustable UN/UNF thread – O-ring;haaks;JIC;9/16-18;buiten;UN/UNF;9/16-18;buiten;10;3/8;67
8623-06-08;6-8 C5OX-S;8623;Male stud elbow;Triple-Lok® 37° Flare end / Adjustable UN/UNF thread – O-ring;haaks;JIC;9/16-18;buiten;UN/UNF;3/4-16;buiten;10;3/8;67
8623-06-10;6-10 C5OX-S;8623;Male stud elbow;Triple-Lok® 37° Flare end / Adjustable UN/UNF thread – O-ring;haaks;JIC;9/16-18;buiten;UN/UNF;7/8-14;buiten;10;3/8;67
8623-08-04;8-4 C5OX-S;8623;Male stud elbow;Triple-Lok® 37° Flare end / Adjustable UN/UNF thread – O-ring;haaks;JIC;3/4-16;buiten;UN/UNF;7/16-20;buiten;12;1/2;67
8623-08-06;8-6 C5OX-S;8623;Male stud elbow;Triple-Lok® 37° Flare end / Adjustable UN/UNF thread – O-ring;haaks;JIC;3/4-16;buiten;UN/UNF;9/16-18;buiten;12;1/2;67
8623-08-08;8C5OMXS;8623;Male stud elbow;Triple-Lok® 37° Flare end / Adjustable UN/UNF thread – O-ring;haaks;JIC;3/4-16;buiten;UN/UNF;3/4-16;buiten;12;1/2;67
8623-08-10;8-10C5OMXS;8623;Male stud elbow;Triple-Lok® 37° Flare end / Adjustable UN/UNF thread – O-ring;haaks;JIC;3/4-16;buiten;UN/UNF;7/8-14;buiten;12;1/2;67
8623-08-12;8-12 C5OX-S;8623;Male stud elbow;Triple-Lok® 37° Flare end / Adjustable UN/UNF thread – O-ring;haaks;JIC;3/4-16;buiten;UN/UNF;1 1/16-12;buiten;12;1/2;67
8623-10-06;10-6 C5OX-S;8623;Male stud elbow;Triple-Lok® 37° Flare end / Adjustable UN/UNF thread – O-ring;haaks;JIC;7/8-14;buiten;UN/UNF;9/16-18;buiten;14, 15, 16;5/8;67
8623-10-08;10-6 C5OX-S;8623;Male stud elbow;Triple-Lok® 37° Flare end / Adjustable UN/UNF thread – O-ring;haaks;JIC;7/8-14;buiten;UN/UNF;9/16-18;buiten;14, 15, 16;5/8;67
8623-10-10;10C5OMXS;8623;Male stud elbow;Triple-Lok® 37° Flare end / Adjustable UN/UNF thread – O-ring;haaks;JIC;7/8-14;buiten;UN/UNF;7/8-14;buiten;14, 15, 16;5/8;67
8623-10-12;10-12 C5OX-S;8623;Male stud elbow;Triple-Lok® 37° Flare end / Adjustable UN/UNF thread – O-ring;haaks;JIC;7/8-14;buiten;UN/UNF;1 1/16-12;buiten;14, 15, 16;5/8;67
8623-10-16;10-16 C5OX-S;8623;Male stud elbow;Triple-Lok® 37° Flare end / Adjustable UN/UNF thread – O-ring;haaks;JIC;7/8-14;buiten;UN/UNF;1 5/16-12;buiten;14, 15, 16;5/8;67
8623-12-08;12-8 C5OX-S;8623;Male stud elbow;Triple-Lok® 37° Flare end / Adjustable UN/UNF thread – O-ring;haaks;JIC;1 1/16-12;buiten;UN/UNF;3/4-16;buiten;18, 20;3/4;67
8623-12-10;12-10C5OMXS;8623;Male stud elbow;Triple-Lok® 37° Flare end / Adjustable UN/UNF thread – O-ring;haaks;JIC;1 1/16-12;buiten;UN/UNF;7/8-14;buiten;18, 20;3/4;67
8623-12-12;12C5OMXS;8623;Male stud elbow;Triple-Lok® 37° Flare end / Adjustable UN/UNF thread – O-ring;haaks;JIC;1 1/16-12;buiten;UN/UNF;1 1/16-12;buiten;18, 20;3/4;67
8623-12-16;12-16 C5OX-S;8623;Male stud elbow;Triple-Lok® 37° Flare end / Adjustable UN/UNF thread – O-ring;haaks;JIC;1 1/16-12;buiten;UN/UNF;1 5/16-12;buiten;18, 20;3/4;67
8623-12-16;16-12 C5OX-S;8623;Male stud elbow;Triple-Lok® 37° Flare end / Adjustable UN/UNF thread – O-ring;haaks;JIC;1 5/16-12;buiten;UN/UNF;1 1/16-12;buiten;25;1;67
8623-14-14;14 C5OX-S;8623;Male stud elbow;Triple-Lok® 37° Flare end / Adjustable UN/UNF thread – O-ring;haaks;JIC;1 3/16-12;buiten;UN/UNF;1 3/16-12;buiten;22;7/8;67
8623-16-16;16C5OMXS;8623;Male stud elbow;Triple-Lok® 37° Flare end / Adjustable UN/UNF thread – O-ring;haaks;JIC;1 5/16-12;buiten;UN/UNF;1 5/16-12;buiten;25;1;67
8623-16-20;20-16 C5OX-S;8623;Male stud elbow;Triple-Lok® 37° Flare end / Adjustable UN/UNF thread – O-ring;haaks;JIC;1 5/8-12;buiten;UN/UNF;1 5/16-12;buiten;28, 30, 32;1 1/4;67
8623-20-16;16-20 C5OX-S;8623;Male stud elbow;Triple-Lok® 37° Flare end / Adjustable UN/UNF thread – O-ring;haaks;JIC;1 5/16-12;buiten;UN/UNF;1 5/8-12;buiten;25;1;67
8623-20-20;20 C5OX-S;8623;Male stud elbow;Triple-Lok® 37° Flare end / Adjustable UN/UNF thread – O-ring;haaks;JIC;1 5/8-12;buiten;UN/UNF;1 5/8-12;buiten;28, 30, 32;1 1/4;67
8623-20-24;24-20 C5OX-S;8623;Male stud elbow;Triple-Lok® 37° Flare end / Adjustable UN/UNF thread – O-ring;haaks;JIC;1 7/8-12;buiten;UN/UNF;1 5/8-12;buiten;35, 38;1 1/2;67
8623-24-20;20-24 C5OX-S;8623;Male stud elbow;Triple-Lok® 37° Flare end / Adjustable UN/UNF thread – O-ring;haaks;JIC;1 5/8-12;buiten;UN/UNF;1 7/8-12;buiten;28, 30, 32;1 1/4;67
8623-24-24;24 C5OX-S;8623;Male stud elbow;Triple-Lok® 37° Flare end / Adjustable UN/UNF thread – O-ring;haaks;JIC;1 7/8-12;buiten;UN/UNF;1 7/8-12;buiten;35, 38;1 1/2;67
10-8 C5OX-SS;10-8C5OMXSS;8623;Male stud elbow 90°;Triple-Lok® 37° Flare end / Adjustable UN/UNF thread – O-ring;haaks;JIC;7/8-14;buiten;UN/UNF;3/4-16;buiten;;5/8;67
20C5OMXS;20C5OMXS;8623;Male stud elbow 90°;Triple-Lok® 37° Flare end / Adjustable UN/UNF thread – O-ring;haaks;JIC;1 5/8-12;buiten;UN/UNF;1 5/8-12;buiten;;1 1/4;
4 CC5OX-S;4 CC5OX-S;8623;Male stud elbow 90°;Triple-Lok® 37° Flare end / Adjustable UN/UNF thread – O-ring;haaks;JIC;7/16-20;buiten;UN/UNF;7/16-20;buiten;;1/4;
6 C5OX-S;6 C5OX-S;8623;Male stud elbow 90°;Triple-Lok® 37° Flare end / Adjustable UN/UNF thread – O-ring;haaks;JIC;9/16-18;buiten;UN/UNF;9/16-18;buiten;;3/8;67
6 CC5OX-S;6 CC5OX-S;8623;Male stud elbow 90°;Triple-Lok® 37° Flare end / Adjustable UN/UNF thread – O-ring;haaks;JIC;9/16-18;buiten;UN/UNF;9/16-18;buiten;;3/8;
8 C5OX-S;8 C5OX-S;8623;Male stud elbow 90°;Triple-Lok® 37° Flare end / Adjustable UN/UNF thread – O-ring;haaks;JIC;3/4-16;buiten;UN/UNF;3/4-16;buiten;;1/2;67
12-24 C6X;12-24 C6X;8624;Swivel nut elbow 90°;Triple-Lok® 37° Flare end / Triple-Lok® 37° Flare female swivel end;haaks;JIC;1 7/8-12;wartelend;JIC;1 1/16-12;buiten;;3/4;
16-12 C6X-S;16-12 C6X-S;8624;Swivel nut elbow 90°;Triple-Lok® 37° Flare end / Triple-Lok® 37° Flare female swivel end;haaks;JIC;1 1/16-12;wartelend;JIC;1 5/16-12;buiten;;1;
8624-03-03;3 C6X-S;8624;Swivel nut elbow 90°;Triple-Lok® 37° Flare end / Triple-Lok® 37° Flare female swivel end;haaks;UN/UNF;3/8-24;wartelend;JIC;3/8-24;buiten;;3/16;53
8624-04-04;4C6MXS;8624;Swivel nut elbow 90°;Triple-Lok® 37° Flare end / Triple-Lok® 37° Flare female swivel end;haaks;UN/UNF;7/16-20;wartelend;JIC;7/16-20;buiten;6;1/4;53
8624-05-05;5C6MXS;8624;Swivel nut elbow 90°;Triple-Lok® 37° Flare end / Triple-Lok® 37° Flare female swivel end;haaks;UN/UNF;1/2-20;wartelend;JIC;1/2-20;buiten;8;5/16;53
8624-06-06;6C6MXS;8624;Swivel nut elbow 90°;Triple-Lok® 37° Flare end / Triple-Lok® 37° Flare female swivel end;haaks;UN/UNF;9/16-18;wartelend;JIC;9/16-18;buiten;10;3/8;53
8624-08-06;;8624;Swivel nut elbow 90°;Triple-Lok® 37° Flare end / Triple-Lok® 37° Flare female swivel end;haaks;JIC;3/4-16;wartelend;JIC;9/16-18;buiten;12;1/2;53
8624-08-08;8C6MXS;8624;Swivel nut elbow 90°;Triple-Lok® 37° Flare end / Triple-Lok® 37° Flare female swivel end;haaks;UN/UNF;3/4-16;wartelend;JIC;3/4-16;buiten;12;1/2;53
8624-10-10;10C6MXS;8624;Swivel nut elbow 90°;Triple-Lok® 37° Flare end / Triple-Lok® 37° Flare female swivel end;haaks;UN/UNF;7/8-14;wartelend;JIC;7/8-14;buiten;14, 15,16;5/8;53
8624-12-12;12C6MXS;8624;Swivel nut elbow 90°;Triple-Lok® 37° Flare end / Triple-Lok® 37° Flare female swivel end;haaks;UN/UNF;1 1/16-12;wartelend;JIC;1 1/16-12;buiten;18, 20;3/4;53
8624-14-14;14 C6X-S;8624;Swivel nut elbow 90°;Triple-Lok® 37° Flare end / Triple-Lok® 37° Flare female swivel end;haaks;UN/UNF;1 3/16-12;wartelend;JIC;1 3/16-12;buiten;22;7/8;53
8624-16-16;16C6MXS;8624;Swivel nut elbow 90°;Triple-Lok® 37° Flare end / Triple-Lok® 37° Flare female swivel end;haaks;UN/UNF;1 5/16-12;wartelend;JIC;1 5/16-12;buiten;25;1;53
8624-20-20;20C6MXS;8624;Swivel nut elbow 90°;Triple-Lok® 37° Flare end / Triple-Lok® 37° Flare female swivel end;haaks;UN/UNF;1 5/8-12;wartelend;JIC;1 5/8-12;buiten;28, 30, 32;1 1/4;53
8624-24-24;24 C6X-S;8624;Swivel nut elbow 90°;Triple-Lok® 37° Flare end / Triple-Lok® 37° Flare female swivel end;haaks;UN/UNF;1 7/8-12;wartelend;JIC;1 7/8-12;buiten;35, 38;1 1/2;53
8624-32-32;32 C6X-S;8624;Swivel nut elbow 90°;Triple-Lok® 37° Flare end / Triple-Lok® 37° Flare female swivel end;haaks;UN/UNF;2 1/2-12;wartelend;JIC;2 1/2-12;buiten;;2;53
8626-04-04;4 WETX-WLN-S;8626;Bulkhead union elbow 90°;Triple-Lok® 37° Flare ends;haaks;JIC;7/16-20;buiten;JIC;7/16-20;buiten;6;1/4;51
8626-05-05;5WEMTXWLNMS;8626;Bulkhead union elbow 90°;Triple-Lok® 37° Flare ends;haaks;JIC;1/2-20;buiten;JIC;1/2-20;buiten;8;5/16;51
8626-06-06;6WEMTXWLNMS;8626;Bulkhead union elbow 90°;Triple-Lok® 37° Flare ends;haaks;JIC;9/16-18;buiten;JIC;9/16-18;buiten;10;3/8;51
8626-08-08;8WEMTXWLNMS;8626;Bulkhead union elbow 90°;Triple-Lok® 37° Flare ends;haaks;JIC;3/4-16;buiten;JIC;3/4-16;buiten;12;1/2;51
8626-10-10;10WEMTXWLNMS;8626;Bulkhead union elbow 90°;Triple-Lok® 37° Flare ends;haaks;JIC;7/8-14;buiten;JIC;7/8-14;buiten;14, 15,16;5/8;51
8626-12-12;12WEMTXWLNMS;8626;Bulkhead union elbow 90°;Triple-Lok® 37° Flare ends;haaks;JIC;1 1/16-12;buiten;JIC;1 1/16-12;buiten;18, 20;3/4;51
8626-14-14;14WEMTXWLNMS;8626;Bulkhead union elbow 90°;Triple-Lok® 37° Flare ends;haaks;JIC;1 3/16-12;buiten;JIC;1 3/16-12;buiten;22;7/8;51
8626-16-16;16WEMTXWLNMS;8626;Bulkhead union elbow 90°;Triple-Lok® 37° Flare ends;haaks;JIC;1 5/16-12;buiten;JIC;1 5/16-12;buiten;25;1;51
8626-20-20;20WEMTXWLNMS;8626;Bulkhead union elbow 90°;Triple-Lok® 37° Flare ends;haaks;JIC;1 5/8-12;buiten;JIC;1 5/8-12;buiten;28, 30, 32;1 1/4;51
8627-02-04;4 DTX-S;8627;Female elbow connector;Triple-Lok® 37° Flare end / Female NPTF thread;haaks;NPT/NPTF;1/8-27;binnen;JIC;7/16-20;buiten;6;1/4;80
8627-02-05;5 DTX-S;8627;Female elbow connector;Triple-Lok® 37° Flare end / Female NPTF thread;haaks;NPT/NPTF;1/8-27;binnen;JIC;1/2-20;buiten;8;5/16;80
8627-02-06;6-2 DTX-S;8627;Female elbow connector;Triple-Lok® 37° Flare end / Female NPTF thread;haaks;NPT/NPTF;1/8-27;binnen;JIC;9/16-18;buiten;10;3/8;80
8627-04-04;4-4 DTX-S;8627;Female elbow connector;Triple-Lok® 37° Flare end / Female NPTF thread;haaks;NPT/NPTF;1/4-18;binnen;JIC;7/16-20;buiten;6;1/4;80
8627-04-05;5-4 DTX-S;8627;Female elbow connector;Triple-Lok® 37° Flare end / Female NPTF thread;haaks;NPT/NPTF;1/4-18;binnen;JIC;1/2-20;buiten;8;5/16;80
8627-04-06;6 DTX-S;8627;Female elbow connector;Triple-Lok® 37° Flare end / Female NPTF thread;haaks;NPT/NPTF;1/4-18;binnen;JIC;9/16-18;buiten;10;3/8;80
8627-04-08;8-4 DTX-S;8627;Female elbow connector;Triple-Lok® 37° Flare end / Female NPTF thread;haaks;NPT/NPTF;1/4-18;binnen;JIC;3/4-16;buiten;12;1/2;80
8627-06-06;6-6 DTX-S;8627;Female elbow connector;Triple-Lok® 37° Flare end / Female NPTF thread;haaks;NPT/NPTF;3/8-18;binnen;JIC;9/16-18;buiten;10;3/8;80
8627-06-08;8 DTX-S;8627;Female elbow connector;Triple-Lok® 37° Flare end / Female NPTF thread;haaks;NPT/NPTF;3/8-18;binnen;JIC;3/4-16;buiten;12;1/2;80
8627-08-08;8-8 DTX-S;8627;Female elbow connector;Triple-Lok® 37° Flare end / Female NPTF thread;haaks;NPT/NPTF;1/2-14;binnen;JIC;3/4-16;buiten;12;1/2;80
8627-08-10;10 DTX-S;8627;Female elbow connector;Triple-Lok® 37° Flare end / Female NPTF thread;haaks;NPT/NPTF;1/2-14;binnen;JIC;7/8-14;buiten;14, 15,16;5/8;80
8627-08-12;12-8 DTX-S;8627;Female elbow connector;Triple-Lok® 37° Flare end / Female NPTF thread;haaks;NPT/NPTF;1/2-14;binnen;JIC;1 1/16-12;buiten;18, 20;3/4;80
8627-12-12;12 DTX-S;8627;Female elbow connector;Triple-Lok® 37° Flare end / Female NPTF thread;haaks;NPT/NPTF;3/4-14;binnen;JIC;1 1/16-12;buiten;18, 20;3/4;80
8627-12-14;14 DTX-S;8627;Female elbow connector;Triple-Lok® 37° Flare end / Female NPTF thread;haaks;NPT/NPTF;3/4-14;binnen;JIC;1 3/16-12;buiten;22;7/8;80
8627-16-16;16 DTX-S;8627;Female elbow connector;Triple-Lok® 37° Flare end / Female NPTF thread;haaks;NPT/NPTF;1-11.5;binnen;JIC;1 5/16-12;buiten;25;1;80
8627-20-20;20 DTX-S;8627;Female elbow connector;Triple-Lok® 37° Flare end / Female NPTF thread;haaks;NPT/NPTF;1 1/4-11.5;binnen;JIC;1 5/8-12;buiten;28, 30, 32;1 1/4;80
8627-24-24;24 DTX-S;8627;Female elbow connector;Triple-Lok® 37° Flare end / Female NPTF thread;haaks;NPT/NPTF;1 1/2-11.5;binnen;JIC;1 7/8-12;buiten;35, 38;1 1/2;80
8638-04-04;3507-4-4;8638;Swivel male elbow 90°;Male UN/UNF thread O-ring / NPSM Female swivel end;haaks;NPSM;1/4-18;wartelend;UN/UNF;7/16-20;buiten;;;39
8638-06-04;3507-6-4;8638;Swivel male elbow 90°;Male UN/UNF thread O-ring / NPSM Female swivel end;haaks;NPSM;1/4-18;wartelend;UN/UNF;9/16-18;buiten;;;39
8638-06-06;3507-6-6;8638;Swivel male elbow 90°;Male UN/UNF thread O-ring / NPSM Female swivel end;haaks;NPSM;3/8-18;wartelend;UN/UNF;9/16-18;buiten;;;39
8638-06-08;3507-6-8;8638;Swivel male elbow 90°;Male UN/UNF thread O-ring / NPSM Female swivel end;haaks;NPSM;1/2-14;wartelend;UN/UNF;9/16-18;buiten;;;39
8638-08-06;3507-8-6;8638;Swivel male elbow 90°;Male UN/UNF thread O-ring / NPSM Female swivel end;haaks;NPSM;3/8-18;wartelend;UN/UNF;3/4-16;buiten;;;39
8638-08-08;3507-8-8;8638;Swivel male elbow 90°;Male UN/UNF thread O-ring / NPSM Female swivel end;haaks;NPSM;1/2-14;wartelend;UN/UNF;3/4-16;buiten;;;39
8638-08-10;3507-10-8;8638;Swivel male elbow 90°;ELBOW 90° NPT FEMALE SWIVEL X UNF MALE ADJUSTABLE;haaks;NPT/NPTF;7/8-14;wartelend;UN/UNF;1/2-14;buiten;;;39
8638-08-12;3507-8-12;8638;Swivel male elbow 90°;Male UN/UNF thread O-ring / NPSM Female swivel end;haaks;NPSM;3/4-14;wartelend;UN/UNF;3/4-16;buiten;;;39
8638-10-06;3507-10-6;8638;Swivel male elbow 90°;Male UN/UNF thread O-ring / NPSM Female swivel end;haaks;NPSM;3/8-18;wartelend;UN/UNF;7/8-14;buiten;;;39
8638-10-08;3507-10-8;8638;Swivel male elbow 90°;Male UN/UNF thread O-ring / NPSM Female swivel end;haaks;NPSM;1/2-14;wartelend;UN/UNF;7/8-14;buiten;;;39
8638-10-12;3507-10-12;8638;Swivel male elbow 90°;Male UN/UNF thread O-ring / NPSM Female swivel end;haaks;NPSM;3/4-14;wartelend;UN/UNF;7/8-14;buiten;;;39
8638-12-08;3507-12-8;8638;Swivel male elbow 90°;Male UN/UNF thread O-ring / NPSM Female swivel end;haaks;NPSM;1/2-14;wartelend;UN/UNF;1 1/16-12;buiten;;;39
8638-12-12;3507-12-12;8638;Swivel male elbow 90°;Male UN/UNF thread O-ring / NPSM Female swivel end;haaks;NPSM;3/4-14;wartelend;UN/UNF;1 1/16-12;buiten;;;39
8638-16-16;3507-16-16;8638;Swivel male elbow 90°;Male UN/UNF thread O-ring / NPSM Female swivel end;haaks;NPSM;1-11.5;wartelend;UN/UNF;1 5/16-12;buiten;;;39
8638-20-20;3507-20-20;8638;Swivel male elbow 90°;Male UN/UNF thread O-ring / NPSM Female swivel end;haaks;NPSM;1 1/4-11.5;wartelend;UN/UNF;1 5/8-12;buiten;;;39
8638-24-24;3507-24-24;8638;Swivel male elbow 90°;Male UN/UNF thread O-ring / NPSM Female swivel end;haaks;NPSM;1 1/2-11.5;wartelend;UN/UNF;1 7/8-12;buiten;;;39
8643-02-02;;8643;Elbow 90°;BSPP female / BSPT Male;haaks;BSPT;1/8-28;buiten;BSPP;1/8-28;binnen;;;17
8643-04-04;;8643;Elbow 90°;BSPP female / BSPT Male;haaks;BSPT;1/4-19;buiten;BSPP;1/4-19;binnen;;;17
8643-06-06;;8643;Elbow 90°;BSPP female / BSPT Male;haaks;BSPT;3/8-19;buiten;BSPP;3/8-19;binnen;;;17
8643-08-08;;8643;Elbow 90°;BSPP female / BSPT Male;haaks;BSPT;1/2-14;buiten;BSPP;1/2-14;binnen;;;17
8643-10-10;;8643;Elbow 90°;BSPP female / BSPT Male;haaks;BSPT;5/8-14;buiten;BSPP;5/8-14;binnen;;;17
8643-12-12;;8643;Elbow 90°;BSPP female / BSPT Male;haaks;BSPT;3/4-14;buiten;BSPP;3/4-14;binnen;;;17
8643-16-16;;8643;Elbow 90°;BSPP female / BSPT Male;haaks;BSPT;1-11;buiten;BSPP;1-11;binnen;;;17
8643-20-20;;8643;Elbow 90°;BSPP female / BSPT Male;haaks;BSPT;1 1/4-11;buiten;BSPP;1 1/4-11;binnen;;;17
8644-02-02;;8644;Elbow 90°;BSPP Female;haaks;BSPP;1/8-28;binnen;BSPP;1/8-28;binnen;;;18
8644-04-04;;8644;Elbow 90°;BSPP Female;haaks;BSPP;1/4-19;binnen;BSPP;1/4-19;binnen;;;18
8644-06-06;;8644;Elbow 90°;BSPP Female;haaks;BSPP;3/8-19;binnen;BSPP;3/8-19;binnen;;;18
8644-08-08;;8644;Elbow 90°;BSPP Female;haaks;BSPP;1/2-14;binnen;BSPP;1/2-14;binnen;;;18
8644-10-10;;8644;Elbow 90°;BSPP Female;haaks;BSPP;5/8-14;binnen;BSPP;5/8-14;binnen;;;18
8644-12-12;;8644;Elbow 90°;BSPP Female;haaks;BSPP;3/4-14;binnen;BSPP;3/4-14;binnen;;;18
8644-16-16;;8644;Elbow 90°;BSPP Female;haaks;BSPP;1-11;binnen;BSPP;1-11;binnen;;;18
8644-20-20;;8644;Elbow 90°;BSPP Female;haaks;BSPP;1 1/4-11;binnen;BSPP;1 1/4-11;binnen;;;18
8644-24-24;;8644;Elbow 90°;BSPP Female;haaks;BSPP;1 1/2-11;binnen;BSPP;1 1/2-11;binnen;;;18
8644-32-32;;8644;Elbow 90°;BSPP Female;haaks;BSPP;2-11;binnen;BSPP;2-11;binnen;;;18
8648-04-04;;8648;Bulkhead union elbow 90°;BULKHEAD ELBOW 90° BSP;haaks;BSPP;1/4-19;buiten;BSPP;1/4-19;buiten;;;
8648-08-08;;8648;Bulkhead union elbow 90°;BULKHEAD ELBOW 90° BSP;haaks;BSPP;1/2-14;buiten;BSPP;1/2-14;buiten;;;
8648-12-12;;8648;Bulkhead union elbow 90°;BULKHEAD ELBOW 90° BSP;haaks;BSPP;3/4-14;buiten;BSPP;3/4-14;buiten;;;
8648-16-16;;8648;Bulkhead union elbow 90°;BULKHEAD ELBOW 90° BSP;haaks;BSPP;1-11;buiten;BSPP;1-11;buiten;;;
8655-02-02;1/8 CR-S;8655;Male thread elbow 90°;Male NPTF thread;haaks;NPT/NPTF;1/8-27;buiten;NPT/NPTF;1/8-27;buiten;;;27
8655-04-04;1/4 CR-S;8655;Male thread elbow 90°;Male NPTF thread;haaks;NPT/NPTF;1/4-18;buiten;NPT/NPTF;1/4-18;buiten;;;27
8655-04-06;3/8 X 1/4 CR-S;8655;Male thread elbow 90°;Male NPTF thread;haaks;NPT/NPTF;3/8-18;buiten;NPT/NPTF;1/4-18;buiten;;;27
8655-06-06;3/8 CR-S;8655;Male thread elbow 90°;Male NPTF thread;haaks;NPT/NPTF;3/8-18;buiten;NPT/NPTF;3/8-18;buiten;;;27
8655-06-08;1/2 X 3/8 CR-S;8655;Male thread elbow 90°;Male NPTF thread;haaks;NPT/NPTF;1/2-14;buiten;NPT/NPTF;3/8-18;buiten;;;27
8655-08-08;1/2 CR-S;8655;Male thread elbow 90°;Male NPTF thread;haaks;NPT/NPTF;1/2-14;buiten;NPT/NPTF;1/2-14;buiten;;;27
8655-08-12;3/4 X 1/2 CR-S;8655;Male thread elbow 90°;Male NPTF thread;haaks;NPT/NPTF;3/4-14;buiten;NPT/NPTF;1/2-14;buiten;;;27
8655-12-12;3/4 CR-S;8655;Male thread elbow 90°;Male NPTF thread;haaks;NPT/NPTF;3/4-14;buiten;NPT/NPTF;3/4-14;buiten;;;27
8655-16-16;1 CR-S;8655;Male thread elbow 90°;Male NPTF thread;haaks;NPT/NPTF;1-11.5;buiten;NPT/NPTF;1-11.5;buiten;;;27
8655-20-20;1 1/4 CR-S;8655;Male thread elbow 90°;Male NPTF thread;haaks;NPT/NPTF;1 1/4-11.5;buiten;NPT/NPTF;1 1/4-11.5;buiten;;;27
8655-24-24;1 1/2 CR-S;8655;Male thread elbow 90°;Male NPTF thread;haaks;NPT/NPTF;1 1/2-11.5;buiten;NPT/NPTF;1 1/2-11.5;buiten;;;27
8655-32-32;-;8655;Male thread elbow 90°;Male NPTF thread;haaks;NPT/NPTF;2-11.5;buiten;NPT/NPTF;2-11.5;buiten;;;27
8657-02-02;1/8 CD-S;8657;Male / Female thread elbow 90°;Male NPTF thread / Female NPTF thread;haaks;NPT/NPTF;1/8-27;buiten;NPT/NPTF;1/8-27;binnen;;;28
8657-02-04;1/4 X 1/8 CD-S;8657;Male / Female thread elbow 90°;Male NPTF thread / Female NPTF thread;haaks;NPT/NPTF;1/8-27;buiten;NPT/NPTF;1/4-18;binnen;;;28
8657-04-02;1/4 X 1/8 CD-S;8657;Male / Female thread elbow 90°;Male NPTF thread / Female NPTF thread;haaks;NPT/NPTF;1/4-18;buiten;NPT/NPTF;1/8-27;binnen;;;28
8657-04-04;1/4CDMS;8657;Male / Female thread elbow 90°;Male NPTF thread / Female NPTF thread;haaks;NPT/NPTF;1/4-18;buiten;NPT/NPTF;1/4-18;binnen;;;28
8657-04-08;1/4 X 1/2 CD-S;8657;Male / Female thread elbow 90°;Male NPTF thread / Female NPTF thread;haaks;NPT/NPTF;1/4-18;buiten;NPT/NPTF;1/2-14;binnen;;;28
8657-06-04;3/8 X 1/4 CD-S;8657;Male / Female thread elbow 90°;Male NPTF thread / Female NPTF thread;haaks;NPT/NPTF;3/8-18;buiten;NPT/NPTF;1/4-18;binnen;;;28
8657-06-06;3/8CDMS;8657;Male / Female thread elbow 90°;Male NPTF thread / Female NPTF thread;haaks;NPT/NPTF;3/8-18;buiten;NPT/NPTF;3/8-18;binnen;;;28
8657-06-08;3/8 X 1/2 CD-S;8657;Male / Female thread elbow 90°;Male NPTF thread / Female NPTF thread;haaks;NPT/NPTF;3/8-18;buiten;NPT/NPTF;1/2-14;binnen;;;28
8657-08-06;1/2 X 3/8 CD-S;8657;Male / Female thread elbow 90°;Male NPTF thread / Female NPTF thread;haaks;NPT/NPTF;1/2-14;buiten;NPT/NPTF;3/8-18;binnen;;;28
8657-08-08;1/2 CD-S;8657;Male / Female thread elbow 90°;Male NPTF thread / Female NPTF thread;haaks;NPT/NPTF;1/2-14;buiten;NPT/NPTF;1/2-14;binnen;;;28
8657-08-12;1/2 X 3/4 CD-S;8657;Male / Female thread elbow 90°;Male NPTF thread / Female NPTF thread;haaks;NPT/NPTF;1/2-14;buiten;NPT/NPTF;3/4-14;binnen;;;28
8657-12-08;3/4 X 1/2 CD-S;8657;Male / Female thread elbow 90°;Male NPTF thread / Female NPTF thread;haaks;NPT/NPTF;3/4-14;buiten;NPT/NPTF;1/2-14;binnen;;;28
8657-12-12;3/4 CD-S;8657;Male / Female thread elbow 90°;Male NPTF thread / Female NPTF thread;haaks;NPT/NPTF;3/4-14;buiten;NPT/NPTF;3/4-14;binnen;;;28
8657-16-16;1 CD-S;8657;Male / Female thread elbow 90°;Male NPTF thread / Female NPTF thread;haaks;NPT/NPTF;1-11.5;buiten;NPT/NPTF;1-11.5;binnen;;;28
8657-20-20;1 1/4 CD-S;8657;Male / Female thread elbow 90°;Male NPTF thread / Female NPTF thread;haaks;NPT/NPTF;1 1/4-11.5;buiten;NPT/NPTF;1 1/4-11.5;binnen;;;28
8657-24-24;1 1/2 CD-S;8657;Male / Female thread elbow 90°;Male NPTF thread / Female NPTF thread;haaks;NPT/NPTF;1 1/2-11.5;buiten;NPT/NPTF;1 1/2-11.5;binnen;;;28
8657-32-32;2 CD-S;8657;Male / Female thread elbow 90°;Male NPTF thread / Female NPTF thread;haaks;NPT/NPTF;2-11.5;buiten;NPT/NPTF;2-11.5;binnen;;;28
8677-02-02;1/8 DD-S;8677;Female thread elbow;Female NPTF thread;haaks;NPT/NPTF;1/8-27;binnen;NPT/NPTF;1/8-27;binnen;;;29
8677-04-04;1/4 DD-S;8677;Female thread elbow;Female NPTF thread;haaks;NPT/NPTF;1/4-18;binnen;NPT/NPTF;1/4-18;binnen;;;29
8677-06-06;3/8 DD-S;8677;Female thread elbow;Female NPTF thread;haaks;NPT/NPTF;3/8-18;binnen;NPT/NPTF;3/8-18;binnen;;;29
8677-08-08;1/2 DD-S;8677;Female thread elbow;Female NPTF thread;haaks;NPT/NPTF;1/2-14;binnen;NPT/NPTF;1/2-14;binnen;;;29
8677-12-12;3/4 DD-S;8677;Female thread elbow;Female NPTF thread;haaks;NPT/NPTF;3/4-14;binnen;NPT/NPTF;3/4-14;binnen;;;29
8677-16-16;1 DD-S;8677;Female thread elbow;Female NPTF thread;haaks;NPT/NPTF;1-11.5;binnen;NPT/NPTF;1-11.5;binnen;;;29
8677-20-20;1 1/4 DD-S;8677;Female thread elbow;Female NPTF thread;haaks;NPT/NPTF;1 1/4-11.5;binnen;NPT/NPTF;1 1/4-11.5;binnen;;;29
8677-24-24;1 1/2 DD-S;8677;Female thread elbow;Female NPTF thread;haaks;NPT/NPTF;1 1/2-11.5;binnen;NPT/NPTF;1 1/2-11.5;binnen;;;29
8677-32-32;-;8677;Female thread elbow;Female NPTF thread;haaks;NPT/NPTF;2-11.5;binnen;NPT/NPTF;2-11.5;binnen;;;29
8677-40-40;-;8677;Female thread elbow;Female NPTF thread;haaks;NPT/NPTF;2 1/2-11.5;binnen;NPT/NPTF;2 1/2-11.5;binnen;;;29
8727-02-04;4 OTX-S;8727;Female branch tee;Triple-Lok® 37° Flare ends / Female NPTF thread;T-stuk;NPT/NPTF;1/8-27;binnen;JIC;7/16-20;buiten;6;1/4;81
8727-02-05;5 OTX-S;8727;Female branch tee;Triple-Lok® 37° Flare ends / Female NPTF thread;T-stuk;NPT/NPTF;1/8-27;binnen;JIC;1/2-20;buiten;8;5/16;81
8727-04-06;6 OTX-S;8727;Female branch tee;Triple-Lok® 37° Flare ends / Female NPTF thread;T-stuk;NPT/NPTF;1/4-18;binnen;JIC;9/16-18;buiten;10;3/8;81
8727-06-08;8 OTX-S;8727;Female branch tee;Triple-Lok® 37° Flare ends / Female NPTF thread;T-stuk;NPT/NPTF;3/8-18;binnen;JIC;3/4-16;buiten;12;1/2;81
8727-08-10;10 OTX-S;8727;Female branch tee;Triple-Lok® 37° Flare ends / Female NPTF thread;T-stuk;NPT/NPTF;1/2-14;binnen;JIC;7/8-14;buiten;14, 15,16;5/8;81
8727-12-12;12 OTX-S;8727;Female branch tee;Triple-Lok® 37° Flare ends / Female NPTF thread;T-stuk;NPT/NPTF;3/4-14;binnen;JIC;1 1/16-12;buiten;18, 20;3/4;81
8727-16-16;16 OTX-S;8727;Female branch tee;Triple-Lok® 37° Flare ends / Female NPTF thread;T-stuk;NPT/NPTF;1-11.5;binnen;JIC;1 5/16-12;buiten;25;1;81
8727-20-20;20 OTX-S;8727;Female branch tee;Triple-Lok® 37° Flare ends / Female NPTF thread;T-stuk;NPT/NPTF;1 1/4-11.5;binnen;JIC;1 5/8-12;buiten;28, 30, 32;1 1/4;81
8727-24-24;24 OTX-S;8727;Female branch tee;Triple-Lok® 37° Flare ends / Female NPTF thread;T-stuk;NPT/NPTF;1 1/2-11.5;binnen;JIC;1 7/8-12;buiten;35, 38;1 1/2;81
8728-02-04;4 MTX-S;8728;Female run tee;Triple-Lok® 37° Flare ends / Female NPTF thread;T-stuk;NPT/NPTF;1/8-27;binnen;JIC;7/16-20;buiten;6;1/4;81
8728-04-06;6 MTX-S;8728;Female run tee;Triple-Lok® 37° Flare ends / Female NPTF thread;T-stuk;NPT/NPTF;1/4-18;binnen;JIC;9/16-18;buiten;10;3/8;81
8728-06-08;8 MTX-S;8728;Female run tee;Triple-Lok® 37° Flare ends / Female NPTF thread;T-stuk;NPT/NPTF;3/8-18;binnen;JIC;3/4-16;buiten;12;1/2;81
8728-08-06;8 MTX-S;8728;Female run tee;Triple-Lok® 37° Flare ends / Female NPTF thread;T-stuk;NPT/NPTF;3/8-18;binnen;JIC;3/4-16;buiten;12;1/2;81
8728-08-10;10 MTX-S;8728;Female run tee;Triple-Lok® 37° Flare ends / Female NPTF thread;T-stuk;NPT/NPTF;1/2-14;binnen;JIC;7/8-14;buiten;14, 15,16;5/8;81
8728-12-12;12 MTX-S;8728;Female run tee;Triple-Lok® 37° Flare ends / Female NPTF thread;T-stuk;NPT/NPTF;3/4-14;binnen;JIC;1 1/16-12;buiten;18, 20;3/4;81
8728-12-14;14 MTX-S;8728;Female run tee;Triple-Lok® 37° Flare ends / Female NPTF thread;T-stuk;NPT/NPTF;3/4-14;binnen;JIC;1 3/16-12;buiten;22;7/8;81
8728-16-16;16 MTX-S;8728;Female run tee;Triple-Lok® 37° Flare ends / Female NPTF thread;T-stuk;NPT/NPTF;1-11.5;binnen;JIC;1 5/16-12;buiten;25;1;81
8728-20-20;20 MTX-S;8728;Female run tee;Triple-Lok® 37° Flare ends / Female NPTF thread;T-stuk;NPT/NPTF;1 1/4-11.5;binnen;JIC;1 5/8-12;buiten;28, 30, 32;1 1/4;81
8744-02-02;-;8744;Female thread tee;Female BSPP threads;T-stuk;BSPP;1/8-28;binnen;BSPP;1/8-28;binnen;;;18
8744-04-04;1/4MMO444MS;8744;Female thread tee;Female BSPP threads;T-stuk;BSPP;1/4-19;binnen;BSPP;1/4-19;binnen;;;18
8744-06-06;3/8MMO444MS;8744;Female thread tee;Female BSPP threads;T-stuk;BSPP;3/8-19;binnen;BSPP;3/8-19;binnen;;;18
8744-08-08;1/2MMO444MS;8744;Female thread tee;Female BSPP threads;T-stuk;BSPP;1/2-14;binnen;BSPP;1/2-14;binnen;;;18
8744-10-10;-;8744;Female thread tee;Female BSPP threads;T-stuk;BSPP;5/8-14;binnen;BSPP;5/8-14;binnen;;;18
8744-12-12;3/4MMO444MS;8744;Female thread tee;Female BSPP threads;T-stuk;BSPP;3/4-14;binnen;BSPP;3/4-14;binnen;;;18
8744-16-16;1MMO444MS;8744;Female thread tee;Female BSPP threads;T-stuk;BSPP;1-11;binnen;BSPP;1-11;binnen;;;18
8744-20-20;-;8744;Female thread tee;Female BSPP threads;T-stuk;BSPP;1 1/4-11;binnen;BSPP;1 1/4-11;binnen;;;18
8744-24-24;-;8744;Female thread tee;Female BSPP threads;T-stuk;BSPP;1 1/2-11;binnen;BSPP;1 1/2-11;binnen;;;18
8744-32-32;-;8744;Female thread tee;Female BSPP threads;T-stuk;BSPP;2-11;binnen;BSPP;2-11;binnen;;;18
8745-02-02;;8745;Branch tee;Female BSPP thread / male BSPT thread;T-stuk;BSPP;1/8-28;binnen;BSPP;1/8-28;binnen;;;19
8745-04-04;;8745;Branch tee;Female BSPP thread / male BSPT thread;T-stuk;BSPP;1/4-19;binnen;BSPP;1/4-19;binnen;;;19
8745-06-06;;8745;Branch tee;Female BSPP thread / male BSPT thread;T-stuk;BSPP;3/8-19;binnen;BSPP;3/8-19;binnen;;;19
8745-08-08;;8745;Branch tee;Female BSPP thread / male BSPT thread;T-stuk;BSPP;1/2-14;binnen;BSPP;1/2-14;binnen;;;19
8745-10-10;;8745;Branch tee;Female BSPP thread / male BSPT thread;T-stuk;BSPP;5/8-14;binnen;BSPP;5/8-14;binnen;;;19
8745-12-12;;8745;Branch tee;Female BSPP thread / male BSPT thread;T-stuk;BSPP;3/4-14;binnen;BSPP;3/4-14;binnen;;;19
8745-16-16;;8745;Branch tee;Female BSPP thread / male BSPT thread;T-stuk;BSPP;1-11;binnen;BSPP;1-11;binnen;;;19
8746-02-02;;8746;Run tee;Female BSPP thread / male BSPT thread;T-stuk;BSPP;1/8-28;binnen;BSPP;1/8-28;binnen;;;19
8746-04-04;;8746;Run tee;Female BSPP thread / male BSPT thread;T-stuk;BSPP;1/4-19;binnen;BSPP;1/4-19;binnen;;;19
8746-06-06;;8746;Run tee;Female BSPP thread / male BSPT thread;T-stuk;BSPP;3/8-19;binnen;BSPP;3/8-19;binnen;;;19
8746-08-08;;8746;Run tee;Female BSPP thread / male BSPT thread;T-stuk;BSPP;1/2-14;binnen;BSPP;1/2-14;binnen;;;19
8746-10-10;;8746;Run tee;Female BSPP thread / male BSPT thread;T-stuk;BSPP;5/8-14;binnen;BSPP;5/8-14;binnen;;;19
8746-12-12;;8746;Run tee;Female BSPP thread / male BSPT thread;T-stuk;BSPP;3/4-14;binnen;BSPP;3/4-14;binnen;;;19
8746-16-16;;8746;Run tee;Female BSPP thread / male BSPT thread;T-stuk;BSPP;1-11;binnen;BSPP;1-11;binnen;;;19
8755-02-02;1/8 RR-S;8755;Male thread tee;Male NPTF thread;T-stuk;NPT/NPTF;1/8-27;buiten;NPT/NPTF;1/8-27;buiten;;;30
8755-04-04;1/4 RR-S;8755;Male thread tee;Male NPTF thread;T-stuk;NPT/NPTF;1/4-18;buiten;NPT/NPTF;1/4-18;buiten;;;30
8755-06-06;3/8 RR-S;8755;Male thread tee;Male NPTF thread;T-stuk;NPT/NPTF;3/8-18;buiten;NPT/NPTF;3/8-18;buiten;;;30
8755-08-08;1/2 RR-S;8755;Male thread tee;Male NPTF thread;T-stuk;NPT/NPTF;1/2-14;buiten;NPT/NPTF;1/2-14;buiten;;;30
8755-12-12;3/4 RR-S;8755;Male thread tee;Male NPTF thread;T-stuk;NPT/NPTF;3/4-14;buiten;NPT/NPTF;3/4-14;buiten;;;30
8755-16-16;-;8755;Male thread tee;Male NPTF thread;T-stuk;NPT/NPTF;1-11.5;buiten;NPT/NPTF;1-11.5;buiten;;;30
8755-20-20;-;8755;Male thread tee;Male NPTF thread;T-stuk;NPT/NPTF;1 1/4-11.5;buiten;NPT/NPTF;1 1/4-11.5;buiten;;;30
8755-24-24;-;8755;Male thread tee;Male NPTF thread;T-stuk;NPT/NPTF;1 1/2-11.5;buiten;NPT/NPTF;1 1/2-11.5;buiten;;;30
8775-02-02;1/8 MMS-S;8775;Male / female thread tee;Male NPTF thread / Female NPTF thread;T-stuk;NPT/NPTF;1/8-27;buiten;NPT/NPTF;1/8-27;binnen;;;30
8775-04-04;1/4 MMS-S;8775;Male / female thread tee;Male NPTF thread / Female NPTF thread;T-stuk;NPT/NPTF;1/4-18;buiten;NPT/NPTF;1/4-18;binnen;;;30
8775-06-06;3/8 MMS-S;8775;Male / female thread tee;Male NPTF thread / Female NPTF thread;T-stuk;NPT/NPTF;3/8-18;buiten;NPT/NPTF;3/8-18;binnen;;;30
8775-08-08;1/2 MMS-S;8775;Male / female thread tee;Male NPTF thread / Female NPTF thread;T-stuk;NPT/NPTF;1/2-14;buiten;NPT/NPTF;1/2-14;binnen;;;30
8775-12-12;3/4 MMS-S;8775;Male / female thread tee;Male NPTF thread / Female NPTF thread;T-stuk;NPT/NPTF;3/4-14;buiten;NPT/NPTF;3/4-14;binnen;;;30
8775-16-16;1 MMS-S;8775;Male / female thread tee;Male NPTF thread / Female NPTF thread;T-stuk;NPT/NPTF;1-11.5;buiten;NPT/NPTF;1-11.5;binnen;;;30
8776-02-02;1/8 MRO-S;8776;Male / female thread tee;Male NPTF thread / Female NPTF thread;T-stuk;NPT/NPTF;1/8-27;buiten;NPT/NPTF;1/8-27;binnen;;;31
8776-04-04;1/4 MRO-S;8776;Male / female thread tee;Male NPTF thread / Female NPTF thread;T-stuk;NPT/NPTF;1/4-18;buiten;NPT/NPTF;1/4-18;binnen;;;31
8776-06-06;3/8 MRO-S;8776;Male / female thread tee;Male NPTF thread / Female NPTF thread;T-stuk;NPT/NPTF;3/8-18;buiten;NPT/NPTF;3/8-18;binnen;;;31
8776-08-08;1/2 MRO-S;8776;Male / female thread tee;Male NPTF thread / Female NPTF thread;T-stuk;NPT/NPTF;1/2-14;buiten;NPT/NPTF;1/2-14;binnen;;;31
8776-12-12;3/4 MRO-S;8776;Male / female thread tee;Male NPTF thread / Female NPTF thread;T-stuk;NPT/NPTF;3/4-14;buiten;NPT/NPTF;3/4-14;binnen;;;31
8776-16-16;1 MRO-S;8776;Male / female thread tee;Male NPTF thread / Female NPTF thread;T-stuk;NPT/NPTF;1-11.5;buiten;NPT/NPTF;1-11.5;binnen;;;31
8776-24-24;;8776;Male / female thread tee;Male NPTF thread / Female NPTF thread;T-stuk;NPT/NPTF;1 1/2-11.5;buiten;NPT/NPTF;1 1/2-11.5;binnen;;;31
8777-02-02;1/8 MMO-S;8777;Female thread tee;Female NPTF threads;T-stuk;NPT/NPTF;1/8-27;binnen;NPT/NPTF;1/8-27;binnen;;;29
8777-04-04;1/4 MMO-S;8777;Female thread tee;Female NPTF threads;T-stuk;NPT/NPTF;1/4-18;binnen;NPT/NPTF;1/4-18;binnen;;;29
8777-06-06;3/8 MMO-S;8777;Female thread tee;Female NPTF threads;T-stuk;NPT/NPTF;3/8-18;binnen;NPT/NPTF;3/8-18;binnen;;;29
8777-08-08;1/2 MMO-S;8777;Female thread tee;Female NPTF threads;T-stuk;NPT/NPTF;1/2-14;binnen;NPT/NPTF;1/2-14;binnen;;;29
8777-12-12;3/4 MMO-S;8777;Female thread tee;Female NPTF threads;T-stuk;NPT/NPTF;3/4-14;binnen;NPT/NPTF;3/4-14;binnen;;;29
8777-16-16;1 MMO-S;8777;Female thread tee;Female NPTF threads;T-stuk;NPT/NPTF;1-11.5;binnen;NPT/NPTF;1-11.5;binnen;;;29
8777-20-20;1 1/4 MMO-S;8777;Female thread tee;Female NPTF threads;T-stuk;NPT/NPTF;1 1/4-11.5;binnen;NPT/NPTF;1 1/4-11.5;binnen;;;29
8777-24-24;1 1/2 MMO-S;8777;Female thread tee;Female NPTF threads;T-stuk;NPT/NPTF;1 1/2-11.5;binnen;NPT/NPTF;1 1/2-11.5;binnen;;;29
8777-32-32;-;8777;Female thread tee;Female NPTF threads;T-stuk;NPT/NPTF;2-11.5;binnen;NPT/NPTF;2-11.5;binnen;;;29
8778-12-12;;8778;Female thread tee;EQUAL TEE NPT 3000 PSI;T-stuk;NPT/NPTF;3/4-14;binnen;NPT/NPTF;3/4-14;binnen;;;
8778-24-24;;8778;Female thread tee;EQUAL TEE NPT 3000 PSI;T-stuk;NPT/NPTF;1 1/2-11.5;binnen;NPT/NPTF;1 1/2-11.5;binnen;;;
8778-32-32;;8778;Female thread tee;EQUAL TEE NPT 3000 PSI;T-stuk;NPT/NPTF;2-11.5;binnen;NPT/NPTF;2-11.5;binnen;;;
72225-04-04;4 XHL6-S;72225;Union;ADAPTER ORFS FEMALE SWIVEL X JIC MALE;recht;ORFS;9/16-18;wartelend;JIC;9/16-18;buiten;6;1/4;86
72225-06-06;6 XHL6-S;72225;Union;ADAPTER ORFS FEMALE SWIVEL X JIC MALE;recht;ORFS;11/16-16;wartelend;JIC;9/16-18;buiten;8, 10;;86
72225-08-08;8 XHL6-S;72225;Union;ADAPTER ORFS FEMALE SWIVEL X JIC MALE;recht;ORFS;13/16-16;wartelend;JIC;13/16-16;buiten;12;1/2;86
72225-10-10;10 XHL6-S;72225;Union;ADAPTER ORFS FEMALE SWIVEL X JIC MALE;recht;ORFS;1-14;wartelend;JIC;1-14;buiten;14, 15, 16;5/8;86
72225-12-12;12 XHL6-S;72225;Union;ADAPTER ORFS FEMALE SWIVEL X JIC MALE;recht;ORFS;1 3/16-12;wartelend;JIC;1 1/16-12;buiten;18, 20;3/4;86
72225-16-16;16 XHL6-S;72225;Union;ADAPTER ORFS FEMALE SWIVEL X JIC MALE;recht;ORFS;1 7/16-12;wartelend;JIC;1 5/16-12;buiten;;1;86
75924-04-04;4S6MLOS;75924;Swivel nut branch tee;SWIVEL NUT BRANCH TEE ORFS;T-stuk;UN/UNF;9/16-18;wartelend;ORFS;9/16-18;buiten;;1/4;
75924-06-06;6S6MLOS;75924;Swivel nut branch tee;SWIVEL NUT BRANCH TEE ORFS;T-stuk;UN/UNF;11/16-16;wartelend;ORFS;11/16-16;buiten;;3/8;
75924-08-08;8S6MLOS;75924;Swivel nut branch tee;SWIVEL NUT BRANCH TEE ORFS;T-stuk;UN/UNF;13/16-16;wartelend;ORFS;13/16-16;buiten;;1/2;
75924-10-10;10S6MLOS;75924;Swivel nut branch tee;SWIVEL NUT BRANCH TEE ORFS;T-stuk;UN/UNF;1-14;wartelend;ORFS;1-14;buiten;;5/8;
75924-12-12;12 S6LO-S;75924;Swivel nut branch tee;SWIVEL NUT BRANCH TEE ORFS;T-stuk;UN/UNF;1 3/16-12;wartelend;ORFS;1 3/16-12;buiten;;3/4;
75924-16-16;16S6MLOS;75924;Swivel nut branch tee;SWIVEL NUT BRANCH TEE ORFS;T-stuk;UN/UNF;1 7/16-12;wartelend;ORFS;1 7/16-12;buiten;;1;
75924-20-20;20 S6LO-S;75924;Swivel nut branch tee;SWIVEL NUT BRANCH TEE ORFS;T-stuk;UN/UNF;1 11/16-12;wartelend;ORFS;1 11/16-12;buiten;;1 1/4;
6 R6LO-S;6 R6LO-S;75925;Swivel nut run tee;SWIVEL NUT RUN TEE ORFS ;T-stuk;UN/UNF;11/16-16;wartelend;ORFS;11/16-16;buiten;;3/8;
75925-04-04;4R6MLOS;75925;Swivel nut run tee;SWIVEL NUT RUN TEE ORFS ;T-stuk;UN/UNF;9/16-18;wartelend;ORFS;9/16-18;buiten;;1/4;
75925-06-06;6 R6LO-S;75925;Swivel nut run tee;SWIVEL NUT RUN TEE ORFS ;T-stuk;UN/UNF;11/16-16;wartelend;ORFS;11/16-16;buiten;;3/8;
75925-08-08;8R6MLOS;75925;Swivel nut run tee;SWIVEL NUT RUN TEE ORFS ;T-stuk;UN/UNF;13/16-16;wartelend;ORFS;13/16-16;buiten;;1/2;
75925-10-10;10R6MLOS;75925;Swivel nut run tee;SWIVEL NUT RUN TEE ORFS ;T-stuk;UN/UNF;1-14;wartelend;ORFS;1-14;buiten;;5/8;
75925-12-12;12 R6LO-S;75925;Swivel nut run tee;SWIVEL NUT RUN TEE ORFS ;T-stuk;UN/UNF;1 3/16-12;wartelend;ORFS;1 3/16-12;buiten;;3/4;
75925-16-16;16 R6LO-S;75925;Swivel nut run tee;SWIVEL NUT RUN TEE ORFS ;T-stuk;UN/UNF;1 7/16-12;wartelend;ORFS;1 7/16-12;buiten;;1;
75925-20-20;20 R6LO-S;75925;Swivel nut run tee;SWIVEL NUT RUN TEE ORFS ;T-stuk;UN/UNF;1 11/16-12;wartelend;ORFS;1 11/16-12;buiten;;1 1/4;
75925-24-24;24 R6LO-S;75925;Swivel nut run tee;SWIVEL NUT RUN TEE ORFS ;T-stuk;UN/UNF;2-12;wartelend;ORFS;2-12;buiten;;1 1/2;
78224-06-04;6-4 TRLON-S;78224;Reducer;REDUCER ORFS SWIVEL FEMALE X ORFS MALE;recht;UN/UNF;11/16-16;wartelend;UN/UNF;9/16-18;buiten;;3/8;
78224-08-04;8-4 TRLO-S;78224;Reducer;REDUCER ORFS SWIVEL FEMALE X ORFS MALE;recht;;;;ORFS;9/16-18;buiten;;;
78224-08-06;8-6TRMLONS;78224;Reducer;REDUCER ORFS SWIVEL FEMALE X ORFS MALE;recht;UN/UNF;13/16-16;wartelend;UN/UNF;11/16-16;buiten;;1/2;
78224-10-04;10-4 TRLO-S;78224;Reducer;REDUCER ORFS SWIVEL FEMALE X ORFS MALE;recht;;;;ORFS;9/16-18;buiten;;;
78224-10-06;10-6 TRLO-S;78224;Reducer;REDUCER ORFS SWIVEL FEMALE X ORFS MALE;recht;;;;ORFS;11/16-16;buiten;;;
78224-10-08;10-8 TRLO-S;78224;Reducer;REDUCER ORFS SWIVEL FEMALE X ORFS MALE;recht;;;;ORFS;13/16-16;buiten;;;
78224-12-04;12-4 TRLO-S;78224;Reducer;REDUCER ORFS SWIVEL FEMALE X ORFS MALE;recht;;;;ORFS;9/16-18;buiten;;;
78224-12-06;12-6 TRLO-S;78224;Reducer;REDUCER ORFS SWIVEL FEMALE X ORFS MALE;recht;;;;ORFS;11/16-16;buiten;;;
78224-12-08;12-8 TRLO-S;78224;Reducer;REDUCER ORFS SWIVEL FEMALE X ORFS MALE;recht;;;;ORFS;13/16-16;buiten;;;
78224-12-10;12-10TRMLONS;78224;Reducer;REDUCER ORFS SWIVEL FEMALE X ORFS MALE;recht;UN/UNF;1 3/16-12;wartelend;UN/UNF;1-14;buiten;;3/4;
78224-16-08;16-8 TRLO-S;78224;Reducer;REDUCER ORFS SWIVEL FEMALE X ORFS MALE;recht;;;;ORFS;13/16-16;buiten;;;
78224-16-10;16-10 TRLO-S;78224;Reducer;REDUCER ORFS SWIVEL FEMALE X ORFS MALE;recht;;;;ORFS;1-14;buiten;;;
78224-16-12;16-12 TRLON-S;78224;Reducer;REDUCER ORFS SWIVEL FEMALE X ORFS MALE;recht;UN/UNF;1 7/16-12;wartelend;UN/UNF;1 3/16-12;buiten;;1;
78224-20-12;20-12 TRLO-S;78224;Reducer;REDUCER ORFS SWIVEL FEMALE X ORFS MALE;recht;;;;ORFS;1 3/16-12;buiten;;;
78224-20-16;20-16 TRLON-S;78224;Reducer;REDUCER ORFS SWIVEL FEMALE X ORFS MALE;recht;UN/UNF;1 11/16-12;wartelend;UN/UNF;1 7/16-12;buiten;;1 1/4;
78224-24-16;24-16 TRLO-S;78224;Reducer;REDUCER ORFS SWIVEL FEMALE X ORFS MALE;recht;;;;ORFS;1 7/16-12;buiten;;;
78224-24-20;24-20 TRLO-S;78224;Reducer;REDUCER ORFS SWIVEL FEMALE X ORFS MALE;recht;UN/UNF;;;ORFS;1 11/16-12;buiten;;;
78241-16-12;;78241;Adapter;ADAPTER ORFS FEMALE SWIVEL X BSP MALE;recht;UN/UNF;1 7/16-12;wartelend;BSPP;3/4-14;buiten;;;
78241-20-16;;78241;Adapter;ADAPTER ORFS FEMALE SWIVEL X BSP MALE;recht;UN/UNF;1 11/16-12;wartelend;BSPP;1-11;buiten;;;
78241-04-02;4F642EDMLS;78241;Swivel male stud;ADAPTER ORFS FEMALE SWIVEL X BSP MALE;recht;UN/UNF;9/16-18;wartelend;BSPP;1/8-28;buiten;;1/4;
78241-04-04;4-4F642EDMLS;78241;Swivel male stud;ADAPTER ORFS FEMALE SWIVEL X BSP MALE;recht;UN/UNF;9/16-18;wartelend;BSPP;1/4-19;buiten;;1/4;
78241-06-04;6F642EDMLS;78241;Swivel male stud;ADAPTER ORFS FEMALE SWIVEL X BSP MALE;recht;UN/UNF;11/16-16;wartelend;BSPP;1/4-19;buiten;;3/8;
78241-06-06;6-6F642EDMLS;78241;Swivel male stud;ADAPTER ORFS FEMALE SWIVEL X BSP MALE;recht;UN/UNF;11/16-16;wartelend;BSPP;3/8-19;buiten;;3/8;
78241-06-08;6-8F642EDMLS;78241;Swivel male stud;ADAPTER ORFS FEMALE SWIVEL X BSP MALE;recht;UN/UNF;11/16-16;wartelend;BSPP;1/2-14;buiten;;3/8;
78241-08-04;8-4F642EDMLS;78241;Swivel male stud;ADAPTER ORFS FEMALE SWIVEL X BSP MALE;recht;UN/UNF;13/16-16;wartelend;BSPP;1/4-19;buiten;;1/2;
78241-08-06;8F642EDMLS;78241;Swivel male stud;ADAPTER ORFS FEMALE SWIVEL X BSP MALE;recht;UN/UNF;13/16-16;wartelend;BSPP;3/8-19;buiten;;1/2;
78241-08-08;8-8F642EDMLS;78241;Swivel male stud;ADAPTER ORFS FEMALE SWIVEL X BSP MALE;recht;UN/UNF;13/16-16;wartelend;BSPP;1/2-14;buiten;;1/2;
78241-10-08;10F642EDMLS;78241;Swivel male stud;ADAPTER ORFS FEMALE SWIVEL X BSP MALE;recht;UN/UNF;1-14;wartelend;BSPP;1/2-14;buiten;;5/8;
78241-10-12;10-12F642EDMLS;78241;Swivel male stud;ADAPTER ORFS FEMALE SWIVEL X BSP MALE;recht;UN/UNF;1-14;wartelend;BSPP;3/4-14;buiten;;5/8;
78241-12-08;12-8F642EDMLS;78241;Swivel male stud;ADAPTER ORFS FEMALE SWIVEL X BSP MALE;recht;UN/UNF;1 3/16-12;wartelend;BSPP;1/2-14;buiten;;3/4;
78241-12-12;12F642EDMLS;78241;Swivel male stud;ADAPTER ORFS FEMALE SWIVEL X BSP MALE;recht;UN/UNF;1 3/16-12;wartelend;BSPP;3/4-14;buiten;;3/4;
78241-16-16;16F642EDMLS;78241;Swivel male stud;ADAPTER ORFS FEMALE SWIVEL X BSP MALE;recht;UN/UNF;1 7/16-12;wartelend;BSPP;1-11;buiten;;1;
78241-20-20;20F642EDMLS;78241;Swivel male stud;ADAPTER ORFS FEMALE SWIVEL X BSP MALE;recht;UN/UNF;1 11/16-12;wartelend;BSPP;1 1/4-11;buiten;;1 1/4;
12BBMTXS;12BBMTXS;BBMTX;Swivel nut female connector;T-LOK SWIVEL NUT FEMALE CONNECTION;recht;JIC;1 1/16-12;binnen;JIC;1 1/16-12;wartelend;;3/4;
4BBMTXS;4BBMTXS;BBMTX;Swivel nut female connector;T-LOK SWIVEL NUT FEMALE CONNECTION;recht;JIC;7/16-20;binnen;JIC;7/16-20;wartelend;;1/4;
8BBMTXS;8BBMTXS;BBMTX;Swivel nut female connector;T-LOK SWIVEL NUT FEMALE CONNECTION;recht;JIC;3/4-16;binnen;JIC;3/4-16;wartelend;;1/2;
12-8C3MXS;12-8C3MXS;C3MX;Male stud elbow 90°;KNIESTUK 90 GR JIC / BSPT;haaks;JIC;1 1/16-12;buiten;BSPT;1/2-14;buiten;;3/4;
12C3MXS;12C3MXS;C3MX;Male stud elbow 90°;KNIESTUK 90 GR JIC / BSPT;haaks;JIC;1 1/16-12;buiten;BSPT;3/4-14;buiten;;3/4;
16C3MXS;16C3MXS;C3MX;Male stud elbow 90°;KNIESTUK 90 GR JIC / BSPT;haaks;JIC;1 5/16-12;buiten;BSPT;1-11;buiten;;1;
20-16C3MXS;20-16C3MXS;C3MX;Male stud elbow 90°;KNIESTUK 90 GR JIC / BSPT;haaks;JIC;1 5/8-12;buiten;BSPT;1-11;buiten;;1 1/4;
4-4C3MXS;4-4C3MXS;C3MX;Male stud elbow 90°;KNIESTUK 90 GR JIC / BSPT;haaks;JIC;7/16-20;buiten;BSPT;1/4-19;buiten;;1/4;
4C3MXS;4C3MXS;C3MX;Male stud elbow 90°;KNIESTUK 90 GR JIC / BSPT;haaks;JIC;7/16-20;buiten;BSPT;1/8-28;buiten;;1/4;
5-4C3MXS;5-4C3MXS;C3MX;Male stud elbow 90°;KNIESTUK 90 GR JIC / BSPT;haaks;JIC;1/2-20;buiten;BSPT;1/4-19;buiten;;5/16;
5C3MXS;5C3MXS;C3MX;Male stud elbow 90°;KNIESTUK 90 GR JIC / BSPT;haaks;JIC;1/2-20;buiten;BSPT;1/8-28;buiten;;5/16;
6-6C3MXS;6-6C3MXS;C3MX;Male stud elbow 90°;KNIESTUK 90 GR JIC / BSPT;haaks;JIC;9/16-18;buiten;BSPT;3/8-19;buiten;;3/8;
6-8C3MXS;6-8C3MXS;C3MX;Male stud elbow 90°;KNIESTUK 90 GR JIC / BSPT;haaks;JIC;9/16-18;buiten;BSPT;1/2-14;buiten;;3/8;
6C3MXS;6C3MXS;C3MX;Male stud elbow 90°;KNIESTUK 90 GR JIC / BSPT;haaks;JIC;9/16-18;buiten;BSPT;1/4-19;buiten;;3/8;
8-4C3MXS;8-4C3MXS;C3MX;Male stud elbow 90°;KNIESTUK 90 GR JIC / BSPT;haaks;JIC;3/4-16;buiten;BSPT;1/4-19;buiten;;1/2;
8-8C3MXS;8-8C3MXS;C3MX;Male stud elbow 90°;KNIESTUK 90 GR JIC / BSPT;haaks;JIC;3/4-16;buiten;BSPT;1/2-14;buiten;;1/2;
8C3MXS;8C3MXS;C3MX;Male stud elbow 90°;KNIESTUK 90 GR JIC / BSPT;haaks;JIC;3/4-16;buiten;BSPT;3/8-19;buiten;;1/2;
10-12F3MXS;10-12F3MXS;F3MX;Male stud connector;MALE CONNECTOR BSPT 37° FLARE/BSPT;recht;BSPT;5/8-14;buiten;BSPT;3/4-14;buiten;;5/8;
10-6F3MXS;10-6F3MXS;F3MX;Male stud connector;MALE CONNECTOR BSPT 37° FLARE/BSPT;recht;BSPT;5/8-14;buiten;BSPT;3/8-19;buiten;;5/8;
12-16F3MXS;12-16F3MXS;F3MX;Male stud connector;MALE CONNECTOR BSPT 37° FLARE/BSPT;recht;BSPT;3/4-14;buiten;BSPT;1-11;buiten;;3/4;
12-8F3MXS;12-8F3MXS;F3MX;Male stud connector;MALE CONNECTOR BSPT 37° FLARE/BSPT;recht;BSPT;3/4-14;buiten;BSPT;1/2-14;buiten;;3/4;
12F3MXS;12F3MXS;F3MX;Male stud connector;MALE CONNECTOR BSPT 37° FLARE/BSPT;recht;BSPT;3/4-14;buiten;BSPT;3/4-14;buiten;;3/4;
16-12F3MXS;16-12F3MXS;F3MX;Male stud connector;MALE CONNECTOR BSPT 37° FLARE/BSPT;recht;BSPT;1-11;buiten;BSPT;3/4-14;buiten;;1;
16F3MXS;16F3MXS;F3MX;Male stud connector;MALE CONNECTOR BSPT 37° FLARE/BSPT;recht;BSPT;1-11;buiten;BSPT;1-11;buiten;;1;
20-16F3MXS;20-16F3MXS;F3MX;Male stud connector;MALE CONNECTOR BSPT 37° FLARE/BSPT;recht;BSPT;1 1/4-11;buiten;BSPT;1-11;buiten;;1 1/4;
4-4F3MXS;4-4F3MXS;F3MX;Male stud connector;MALE CONNECTOR BSPT 37° FLARE/BSPT;recht;BSPT;1/4-19;buiten;BSPT;1/4-19;buiten;;1/4;
4F3MXS;4F3MXS;F3MX;Male stud connector;MALE CONNECTOR BSPT 37° FLARE/BSPT;recht;BSPT;1/4-19;buiten;BSPT;1/4-19;buiten;;1/4;
5-4F3MXS;5-4F3MXS;F3MX;Male stud connector;MALE CONNECTOR BSPT 37° FLARE/BSPT;recht;BSPT;5/16-19;buiten;BSPT;1/4-19;buiten;;5/16;
5F3MXS;5F3MXS;F3MX;Male stud connector;MALE CONNECTOR BSPT 37° FLARE/BSPT;recht;BSPT;5/16-19;buiten;BSPT;5/16-19;buiten;;5/16;
6-6F3MXS;6-6F3MXS;F3MX;Male stud connector;MALE CONNECTOR BSPT 37° FLARE/BSPT;recht;BSPT;3/8-19;buiten;BSPT;3/8-19;buiten;;3/8;
6-8F3MXS;6-8F3MXS;F3MX;Male stud connector;MALE CONNECTOR BSPT 37° FLARE/BSPT;recht;JIC;9/16-18;buiten;BSPT;1/2-14;buiten;;3/8;
6F3MXS;6F3MXS;F3MX;Male stud connector;MALE CONNECTOR BSPT 37° FLARE/BSPT;recht;BSPT;3/8-19;buiten;BSPT;3/8-19;buiten;;3/8;
8-4F3MXS;8-4F3MXS;F3MX;Male stud connector;MALE CONNECTOR BSPT 37° FLARE/BSPT;recht;BSPT;1/2-14;buiten;BSPT;1/4-19;buiten;;1/2;
8-8F3MXS;8-8F3MXS;F3MX;Male stud connector;MALE CONNECTOR BSPT 37° FLARE/BSPT;recht;BSPT;1/2-14;buiten;BSPT;1/2-14;buiten;;1/2;
8F3MXS;8F3MXS;F3MX;Male stud connector;MALE CONNECTOR BSPT 37° FLARE/BSPT;recht;BSPT;1/2-14;buiten;BSPT;1/2-14;buiten;;1/2;
10-12F4OMXS;10-12F4OMXS;2224;Male stud connector;ADAPTER JIC MALE X BSP MALE;recht;JIC;7/8-14;buiten;BSPP;3/4-14;buiten;;5/8;
10F4OMXS;10F4OMXS;2224;Male stud connector;ADAPTER JIC MALE X BSP MALE;recht;JIC;7/8-14;buiten;BSPP;1/2-14;buiten;;5/8;
12-16F4OMXS;12-16F4OMXS;2224;Male stud connector;ADAPTER JIC MALE X BSP MALE;recht;BSPP;3/4-14;buiten;BSPP;1-11;buiten;;3/4;
12-8F4OMXS;12-8F4OMXS;2224;Male stud connector;ADAPTER JIC MALE X BSP MALE;recht;JIC;1 1/16-12;buiten;BSPP;1/2-14;buiten;;3/4;
12F4OMXS;12F4OMXS;2224;Male stud connector;ADAPTER JIC MALE X BSP MALE;recht;JIC;1 1/16-12;buiten;BSPP;3/4-14;buiten;;3/4;
16F4OMXS;16F4OMXS;2224;Male stud connector;ADAPTER JIC MALE X BSP MALE;recht;JIC;1 5/16-12;buiten;BSPP;1-11;buiten;;1;
20-16F4OMXS;20-16F4OMXS;2224;Male stud connector;ADAPTER JIC MALE X BSP MALE;recht;JIC;1 5/8-12;buiten;BSPP;1-11;buiten;;1 1/4;
20-24F4OMXS;20-24F4OMXS;2224;Male stud connector;ADAPTER JIC MALE X BSP MALE;recht;JIC;1 5/8-12;buiten;BSPP;1 1/2-11;buiten;;1 1/4;
20F4OMXS;20F4OMXS;2224;Male stud connector;ADAPTER JIC MALE X BSP MALE;recht;JIC;1 5/8-12;buiten;BSPP;1 1/4-11;buiten;;1 1/4;
4-4F4OMXS;4-4F4OMXS;2224;Male stud connector;ADAPTER JIC MALE X BSP MALE;recht;JIC;7/16-20;buiten;BSPP;1/4-19;buiten;;1/4;
4-6F4OMXS;4-6F4OMXS;2224;Male stud connector;ADAPTER JIC MALE X BSP MALE;recht;JIC;7/16-20;buiten;BSPP;3/8-19;buiten;;1/4;
4F4OMXS;4F4OMXS;2224;Male stud connector;ADAPTER JIC MALE X BSP MALE;recht;JIC;7/16-20;buiten;BSPP;1/8-28;buiten;;1/4;
5-4F4OMXS;5-4F4OMXS;2224;Male stud connector;ADAPTER JIC MALE X BSP MALE;recht;JIC;1/2-20;buiten;BSPP;1/4-19;buiten;;5/16;
5F4OMXS;5F4OMXS;2224;Male stud connector;ADAPTER JIC MALE X BSP MALE;recht;JIC;1/2-20;buiten;BSPP;1/8-28;buiten;;5/16;
6-6F4OMXS;6-6F4OMXS;2224;Male stud connector;ADAPTER JIC MALE X BSP MALE;recht;JIC;9/16-18;buiten;BSPP;3/8-19;buiten;;3/8;
6-8F4OMXS;6-8F4OMXS;2224;Male stud connector;ADAPTER JIC MALE X BSP MALE;recht;JIC;9/16-18;buiten;BSPP;1/2-14;buiten;;3/8;
6F4OMXS;6F4OMXS;2224;Male stud connector;ADAPTER JIC MALE X BSP MALE;recht;JIC;9/16-18;buiten;BSPP;1/4-19;buiten;;3/8;
8-8F4OMXS;8-8F4OMXS;2224;Male stud connector;ADAPTER JIC MALE X BSP MALE;recht;JIC;3/4-16;buiten;BSPP;1/2-14;buiten;;1/2;
8F4OMXS;8F4OMXS;2224;Male stud connector;ADAPTER JIC MALE X BSP MALE;recht;JIC;3/4-16;buiten;BSPP;3/8-19;buiten;;1/2;
10-12 F5OG5-S;10-12 F5OG5-S;F5OG5;Thread reducer;MALE FEMALE THREAD ADAPTER;recht;UN/UNF;7/8-14;buiten;UN/UNF;1 1/16-12;binnen;;;
10-3/4 F5OG-S;10-3/4 F5OG-S;F5OG5;Thread reducer;MALE FEMALE THREAD ADAPTER;recht;UN/UNF;7/8-14;buiten;NPT/NPTF;;buiten;;;
10-4 F5OG5S;10-4 F5OG5-S;F5OG5;Thread reducer;MALE FEMALE THREAD ADAPTER;recht;UN/UNF;7/8-14;buiten;UN/UNF;7/16-20;binnen;;;
12-1/2 F5OG-S;12-1/2 F5OG-S;F5OG5;Thread reducer;MALE FEMALE THREAD ADAPTER;recht;UN/UNF;1 1/16-12;buiten;NPT/NPTF;1/2-14;binnen;;;
12-3/4 F5OG-S;12-3/4 F5OG-S;F5OG5;Thread reducer;MALE FEMALE THREAD ADAPTER;recht;UN/UNF;1 1/16-12;buiten;NPT/NPTF;;buiten;;;
12-8 F5OG5-S;12-8 F5OG5-S;F5OG5;Thread reducer;MALE FEMALE THREAD ADAPTER;recht;UN/UNF;1 1/16-12;buiten;UN/UNF;3/4-16;binnen;;;
16-12 F5OG5-S;16-12 F5OG5-S;F5OG5;Thread reducer;MALE FEMALE THREAD ADAPTER;recht;UN/UNF;1 5/16-12;buiten;UN/UNF;1 1/16-12;binnen;;;
16-8 F5OG5-S;16-8 F5OG5-S;F5OG5;Thread reducer;MALE FEMALE THREAD ADAPTER;recht;UN/UNF;1 5/16-12;buiten;UN/UNF;3/4-16;binnen;;;
20-1 1/4 F5OG-S;20-1 1/4 F5OG-S;F5OG5;Thread reducer;MALE FEMALE THREAD ADAPTER;recht;UN/UNF;1 5/8-12;buiten;NPT/NPTF;1/16-27;buiten;;;
24-16 F5OG5-S;24-16 F5OG5-S;F5OG5;Thread reducer;MALE FEMALE THREAD ADAPTER;recht;UN/UNF;1 7/8-12;buiten;UN/UNF;1 5/16-12;binnen;;;
24-20 F5OG5-S;24-20 F5OG5-S;F5OG5;Thread reducer;MALE FEMALE THREAD ADAPTER;recht;UN/UNF;1 7/8-12;buiten;UN/UNF;1 5/8-12;binnen;;;
4-6 F5OG5-S;4-6 F5OG5-S;F5OG5;Thread reducer;MALE FEMALE THREAD ADAPTER;recht;UN/UNF;7/16-20;buiten;UN/UNF;9/16-18;binnen;;;
5-1/4 F5OG-S;5-1/4 F5OG-S;F5OG5;Thread reducer;MALE FEMALE THREAD ADAPTER;recht;UN/UNF;1/2-20;buiten;NPT/NPTF;1/4-18;binnen;;;
6-8 F5OG5-S;6-8 F5OG5-S;F5OG5;Thread reducer;MALE FEMALE THREAD ADAPTER;recht;UN/UNF;9/16-18;buiten;UN/UNF;3/4-16;binnen;;;
8-1/2 F5OG-S;8-1/2 F5OG-S;F5OG5;Thread reducer;MALE FEMALE THREAD ADAPTER;recht;UN/UNF;3/4-16;buiten;NPT/NPTF;1/2-14;binnen;;;
8-1/4 F5OG-S;8-1/4 F5OG-S;F5OG5;Thread reducer;MALE FEMALE THREAD ADAPTER;recht;UN/UNF;3/4-16;buiten;NPT/NPTF;1/4-18;binnen;;;
8-3/8 F5OG-S;8-3/8 F5OG-S;F5OG5;Thread reducer;MALE FEMALE THREAD ADAPTER;recht;UN/UNF;3/4-16;buiten;NPT/NPTF;3/8-18;binnen;;;
8-6 F5OG5-S;8-6 F5OG5-S;F5OG5;Thread reducer;MALE FEMALE THREAD ADAPTER;recht;UN/UNF;3/4-16;buiten;UN/UNF;9/16-18;binnen;;;
10-1/2F5OHG4S;10-1/2F5OHG4S;F5OHG4;Thread reducer;MALE SAE TO FEMALE BSPP;recht;UN/UNF;7/8-14;buiten;BSPP;1/2-14;binnen;;;
12-3/4F5OHG4S;12-3/4F5OHG4S;F5OHG4;Thread reducer;MALE SAE TO FEMALE BSPP;recht;UN/UNF;1 1/16-12;buiten;BSPP;3/4-14;binnen;;;
16-1F5OHG4S;16-1F5OHG4S;F5OHG4;Thread reducer;MALE SAE TO FEMALE BSPP;recht;UN/UNF;1 5/16-12;buiten;BSPP;1-11;binnen;;;
4-1/4F5OHG4S;4-1/4F5OHG4S;F5OHG4;Thread reducer;MALE SAE TO FEMALE BSPP;recht;UN/UNF;7/16-20;buiten;BSPP;1/4-19;binnen;;;
4-1/8F5OHG4S;4-1/8F5OHG4S;F5OHG4;Thread reducer;MALE SAE TO FEMALE BSPP;recht;UN/UNF;7/16-20;buiten;BSPP;1/8-28;binnen;;;
6-1/4F5OHG4S;6-1/4F5OHG4S;F5OHG4;Thread reducer;MALE SAE TO FEMALE BSPP;recht;UN/UNF;9/16-18;buiten;BSPP;1/4-19;binnen;;;
6-3/8F5OHG4S;6-3/8F5OHG4S;F5OHG4;Thread reducer;MALE SAE TO FEMALE BSPP;recht;UN/UNF;9/16-18;buiten;BSPP;3/8-19;binnen;;;
8-1/4F5OHG4S;8-1/4F5OHG4S;F5OHG4;Thread reducer;MALE SAE TO FEMALE BSPP;recht;UN/UNF;3/4-16;buiten;BSPP;1/4-19;binnen;;;
10F63MXS;10F63MXS;F63MX;Swivel male stud;FEMALE SWIVVEL CONNECTOR  37° FLARE/BSPT;recht;JIC;7/8-14;wartelend;BSPT;5/8-14;binnen;;5/8;
16-12F63MXS;16-12F63MXS;F63MX;Swivel male stud;FEMALE SWIVVEL CONNECTOR  37° FLARE/BSPT;recht;JIC;1 5/16-12;wartelend;BSPT;3/4-14;binnen;;1;
4-4F63MXS;4-4F63MXS;F63MX;Swivel male stud;FEMALE SWIVVEL CONNECTOR  37° FLARE/BSPT;recht;JIC;7/16-20;wartelend;BSPT;1/4-19;binnen;;1/4;
6-6F63MXS;6-6F63MXS;F63MX;Swivel male stud;FEMALE SWIVVEL CONNECTOR  37° FLARE/BSPT;recht;JIC;9/16-18;wartelend;BSPT;3/8-19;buiten;;3/8;
6F63MXS;6F63MXS;F63MX;Swivel male stud;FEMALE SWIVVEL CONNECTOR  37° FLARE/BSPT;recht;JIC;9/16-18;wartelend;BSPT;3/8-19;binnen;;3/8;
8-4F63MXS;8-4F63MXS;F63MX;Swivel male stud;FEMALE SWIVVEL CONNECTOR  37° FLARE/BSPT;recht;JIC;3/4-16;wartelend;BSPT;1/4-19;binnen;;1/2;
8F63MXS;8F63MXS;F63MX;Swivel male stud;FEMALE SWIVVEL CONNECTOR  37° FLARE/BSPT;recht;JIC;3/4-16;wartelend;BSPT;1/2-14;binnen;;1/2;
10F64OMXS;10F64OMXS;F64OMX;Swivel male stud;T-LOK SWIVEL MALE STUD;recht;JIC;7/8-14;wartelend;BSPP;1/2-14;buiten;;5/8;
12F64OMXS;12F64OMXS;F64OMX;Swivel male stud;T-LOK SWIVEL MALE STUD;recht;JIC;1 1/16-12;wartelend;BSPP;3/4-14;buiten;;3/4;
20F64OMXS;20F64OMXS;F64OMX;Swivel male stud;T-LOK SWIVEL MALE STUD;recht;JIC;1 5/8-12;wartelend;BSPP;1 1/4-11;buiten;;1 1/4;
4F64OMXS;4F64OMXS;F64OMX;Swivel male stud;T-LOK SWIVEL MALE STUD;recht;JIC;7/16-20;wartelend;BSPP;1/8-28;buiten;;1/4;
6-6F64OMXS;6-6F64OMXS;F64OMX;Swivel male stud;T-LOK SWIVEL MALE STUD;recht;JIC;9/16-18;wartelend;BSPP;3/8-19;buiten;;3/8;
6F64OMXS;6F64OMXS;F64OMX;Swivel male stud;T-LOK SWIVEL MALE STUD;recht;JIC;9/16-18;wartelend;BSPP;1/4-19;buiten;;3/8;
8-8F64OMXS;8-8F64OMXS;F64OMX;Swivel male stud;T-LOK SWIVEL MALE STUD;recht;JIC;3/4-16;wartelend;BSPP;1/2-14;buiten;;1/2;
8F64OMXS;8F64OMXS;F64OMX;Swivel male stud;T-LOK SWIVEL MALE STUD;recht;JIC;3/4-16;wartelend;BSPP;3/8-19;buiten;;1/2;
8M16F87OMXS;8M16F87OMXS;F87OMX;Male stud connector;ADAPTER JIC MALE X METRIC MALE;recht;JIC;3/4-16;buiten;Metric;M 16×1.5;buiten;;1/2;
8M18F87OMXS;8M18F87OMXS;F87OMX;Male stud connector;ADAPTER JIC MALE X METRIC MALE;recht;JIC;3/4-16;buiten;Metric;M 18×1.5;buiten;;1/2;
M10-1/8F8OHGS;M10-1/8F8OHGS;F8OHG;Thread reducer;CONVERSION ADAPTER METRIC-ORR / NPTF;recht;Metric;M 10×1.0;buiten;NPT/NPTF;1/8-27;binnen;;;
M12-1/4F8OHGS;M12-1/4F8OHGS;F8OHG;Thread reducer;CONVERSION ADAPTER METRIC-ORR / NPTF;recht;Metric;M 12×1.5;buiten;NPT/NPTF;1/4-18;binnen;;;
M18-1/2F8OHGS;M18-1/2F8OHGS;F8OHG;Thread reducer;CONVERSION ADAPTER METRIC-ORR / NPTF;recht;Metric;M 18×1.5;buiten;NPT/NPTF;1/2-14;binnen;;;
M22-1/2F8OHGS;M22-1/2F8OHGS;F8OHG;Thread reducer;CONVERSION ADAPTER METRIC-ORR / NPTF;recht;Metric;M 22×1.5;buiten;NPT/NPTF;1/2-14;binnen;;;
3/4X3/4FHG4S;3/4X3/4FHG4S;FHG4;Male stud connector;MALE PIPE TO BSPP;recht;BSPP;;buiten;BSPP;3/4-14;binnen;;;
3/8X3/8FHG4S;3/8X3/8FHG4S;FHG4;Male stud connector;MALE PIPE TO BSPP;recht;BSPP;;buiten;BSPP;3/8-19;binnen;;;
12-6G4MK4S;12-6G4MK4S;G4MK4;Female connector;FEMALE CONNECTOR;recht;BSPP;3/4-14;buiten;BSPP;3/8-19;binnen;;;
12-8G4MK4S;12-8G4MK4S;G4MK4;Female connector;FEMALE CONNECTOR;recht;BSPP;3/4-14;buiten;BSPP;1/2-14;binnen;;;
16-12G4MK4S;16-12G4MK4S;G4MK4;Female connector;FEMALE CONNECTOR;recht;BSPP;1-11;buiten;BSPP;3/4-14;binnen;;;
16-4G4MK4S;16-4G4MK4S;G4MK4;Female connector;FEMALE CONNECTOR;recht;BSPP;1-11;buiten;BSPP;1/4-19;binnen;;;
16-6G4MK4S;16-6G4MK4S;G4MK4;Female connector;FEMALE CONNECTOR;recht;BSPP;1-11;buiten;BSPP;3/8-19;binnen;;;
16-8G4MK4S;16-8G4MK4S;G4MK4;Female connector;FEMALE CONNECTOR;recht;BSPP;1-11;buiten;BSPP;1/2-14;binnen;;;
6G4MK4S;6G4MK4S;G4MK4;Female connector;FEMALE CONNECTOR;recht;BSPP;3/8-19;buiten;BSPP;3/8-19;binnen;;;
8-4G4MK4S;8-4G4MK4S;G4MK4;Female connector;FEMALE CONNECTOR;recht;BSPP;1/2-14;buiten;BSPP;1/4-19;binnen;;;
4-4G4MLOSMO;4-4G4MLOSMO;G4MLOSMO;Pressure gauge connector;O-LOK PRESSURE GAUGE CONNECTOR;recht;ORFS;9/16-18;buiten;BSPP;1/4-19;binnen;;1/4;
6G4MLOSMO;6G4MLOSMO;G4MLOSMO;Pressure gauge connector;O-LOK PRESSURE GAUGE CONNECTOR;recht;ORFS;11/16-16;buiten;BSPP;1/4-19;binnen;;3/8;
8-4G4MLOSMO;8-4G4MLOSMO;G4MLOSMO;Pressure gauge connector;O-LOK PRESSURE GAUGE CONNECTOR;recht;ORFS;13/16-16;buiten;BSPP;1/4-19;binnen;;1/2;
12 G6X-S;12 G6X-S;G6X;Swivel nut female connector;SWIVEL NUT FEMALE CONNECTOR 37° SWIVEL/NPTF;recht;JIC;1 1/16-12;wartelend;NPT/NPTF;3/4-14;binnen;;3/4;
16 G6X-S;16 G6X-S;G6X;Swivel nut female connector;SWIVEL NUT FEMALE CONNECTOR 37° SWIVEL/NPTF;recht;JIC;1 5/16-12;wartelend;NPT/NPTF;1-11.5;binnen;;1;
20 G6X-S;20 G6X-S;G6X;Swivel nut female connector;SWIVEL NUT FEMALE CONNECTOR 37° SWIVEL/NPTF;recht;JIC;1 5/8-12;wartelend;NPT/NPTF;1 1/4-11.5;binnen;;1 1/4;
4-4 G6X-S;4-4 G6X-S;G6X;Swivel nut female connector;SWIVEL NUT FEMALE CONNECTOR 37° SWIVEL/NPTF;recht;JIC;7/16-20;wartelend;NPT/NPTF;1/4-18;binnen;;1/4;
6 G6X-S;6 G6X-S;G6X;Swivel nut female connector;SWIVEL NUT FEMALE CONNECTOR 37° SWIVEL/NPTF;recht;JIC;9/16-18;wartelend;NPT/NPTF;1/4-18;binnen;;3/8;
6-6 G6X-S;6-6 G6X-S;G6X;Swivel nut female connector;SWIVEL NUT FEMALE CONNECTOR 37° SWIVEL/NPTF;recht;JIC;9/16-18;wartelend;NPT/NPTF;3/8-18;binnen;;3/8;
8 G6X-S;8 G6X-S;G6X;Swivel nut female connector;SWIVEL NUT FEMALE CONNECTOR 37° SWIVEL/NPTF;recht;JIC;3/4-16;wartelend;NPT/NPTF;3/8-18;binnen;;1/2;
8-8 G6X-S;8-8 G6X-S;G6X;Swivel nut female connector;SWIVEL NUT FEMALE CONNECTOR 37° SWIVEL/NPTF;recht;JIC;3/4-16;wartelend;NPT/NPTF;1/2-14;binnen;;1/2;
4 HP5ON-S;4 HP5ON-S;HP5ON;Plug;HEXAGON HEAD PLUG;n.v.t.;UN/UNF;7/16-20;buiten;;;;;;
5 P5ON-S;5 P5ON-S;HP5ON;Plug;HEXAGON HEAD PLUG;n.v.t.;UN/UNF;1/2-20;buiten;;;;;;
8 HP5ON-S;8 HP5ON-S;HP5ON;Plug;HEXAGON HEAD PLUG;n.v.t.;UN/UNF;3/4-16;buiten;;;;;;
10-4K6PP4MXS;10-4K6PP4MXS;K6PP4MX;Test point connector;T-LOK TEST POINT CONNECTOR;kruis;JIC;7/8-14;buiten;JIC;7/8-14;wartelend;;5/8;
16-4K6PP4MXS;16-4K6PP4MXS;K6PP4MX;Test point connector;T-LOK TEST POINT CONNECTOR;kruis;JIC;1 5/16-12;buiten;JIC;1 5/16-12;wartelend;;1;
4-4K6PP4MXS;4-4K6PP4MXS;K6PP4MX;Test point connector;T-LOK TEST POINT CONNECTOR;kruis;JIC;7/16-20;buiten;JIC;7/16-20;wartelend;;1/4;
6-4K6PP4MXS;6-4K6PP4MXS;K6PP4MX;Test point connector;T-LOK TEST POINT CONNECTOR;kruis;JIC;9/16-18;buiten;JIC;9/16-18;wartelend;;3/8;
8-4K6PP4MXS;8-4K6PP4MXS;K6PP4MX;Test point connector;T-LOK TEST POINT CONNECTOR;kruis;JIC;3/4-16;buiten;JIC;3/4-16;wartelend;;1/2;
10 P5ON-S;10 P5ON-S;P5ON;Plug;STRAIGHT THREAD HEX HEAD PLUG;n.v.t.;UN/UNF;7/8-14;buiten;;;;;;
12 P5ON-S;12 P5ON-S;P5ON;Plug;STRAIGHT THREAD HEX HEAD PLUG;n.v.t.;UN/UNF;1 1/16-12;buiten;;;;;;
16 P5ON-S;16 P5ON-S;P5ON;Plug;STRAIGHT THREAD HEX HEAD PLUG;n.v.t.;UN/UNF;1 5/16-12;buiten;;;;;;
2 HP5ON-S;2 HP5ON-S;P5ON;Plug;STRAIGHT THREAD HEX HEAD PLUG;n.v.t.;UN/UNF;5/16-24;buiten;;;;;;
3 P5ON-S;3 P5ON-S;P5ON;Plug;STRAIGHT THREAD HEX HEAD PLUG;n.v.t.;UN/UNF;3/8-24;buiten;;;;;;
4 P5ON-S;4 P5ON-S;P5ON;Plug;STRAIGHT THREAD HEX HEAD PLUG;n.v.t.;UN/UNF;7/16-20;buiten;;;;;;
8 P5ON-S;8 P5ON-S;P5ON;Plug;STRAIGHT THREAD HEX HEAD PLUG;n.v.t.;UN/UNF;3/4-16;buiten;;;;;;
10-4R6P4MLOS;10-4R6P4MLOS;R6P4MLO;Test point connector;O-LOK TEST POINT  ADAPTER;T-stuk;ORFS;1-14;buiten;ORFS;1-14;wartelend;;5/8;
12-4R6P4MLOS;12-4R6P4MLOS;R6P4MLO;Test point connector;O-LOK TEST POINT  ADAPTER;T-stuk;ORFS;1 3/16-12;buiten;ORFS;1 3/16-12;wartelend;;3/4;
16-4R6P4MLOS;16-4R6P4MLOS;R6P4MLO;Test point connector;O-LOK TEST POINT  ADAPTER;T-stuk;ORFS;1 7/16-12;buiten;ORFS;1 7/16-12;wartelend;;1;
4-4R6P4MLOS;4-4R6P4MLOS;R6P4MLO;Test point connector;O-LOK TEST POINT  ADAPTER;T-stuk;ORFS;9/16-18;buiten;ORFS;9/16-18;wartelend;;1/4;
6-4R6P4MLOS;6-4R6P4MLOS;R6P4MLO;Test point connector;O-LOK TEST POINT  ADAPTER;T-stuk;ORFS;11/16-16;buiten;ORFS;11/16-16;wartelend;;3/8;
8-4R6P4MLOS;8-4R6P4MLOS;R6P4MLO;Test point connector;O-LOK TEST POINT  ADAPTER;T-stuk;ORFS;13/16-16;buiten;ORFS;13/16-16;wartelend;;1/2;
10-4R6P4MXS;10-4R6P4MXS;R6P4MX;Test point connector;O-LOK TEST POINT  ADAPTER;T-stuk;JIC;7/8-14;buiten;JIC;7/8-14;wartelend;;5/8;
12-4R6P4MXS;12-4R6P4MXS;R6P4MX;Test point connector;O-LOK TEST POINT  ADAPTER;T-stuk;JIC;1 1/16-12;buiten;JIC;1 1/16-12;wartelend;;3/4;
16-4R6P4MXS;16-4R6P4MXS;R6P4MX;Test point connector;O-LOK TEST POINT  ADAPTER;T-stuk;JIC;1 5/16-12;buiten;JIC;1 5/16-12;wartelend;;1;
4-4R6P4MXS;4-4R6P4MXS;R6P4MX;Test point connector;O-LOK TEST POINT  ADAPTER;T-stuk;JIC;7/16-20;buiten;JIC;7/16-20;wartelend;;1/4;
5-4R6P4MXS;5-4R6P4MXS;R6P4MX;Test point connector;O-LOK TEST POINT  ADAPTER;T-stuk;JIC;1/2-20;buiten;JIC;1/2-20;wartelend;;5/16;
6-4R6P4MXS;6-4R6P4MXS;R6P4MX;Test point connector;O-LOK TEST POINT  ADAPTER;T-stuk;JIC;9/16-18;buiten;JIC;9/16-18;wartelend;;3/8;
8-4R6P4MXS;8-4R6P4MXS;R6P4MX;Test point connector;O-LOK TEST POINT  ADAPTER;T-stuk;JIC;3/4-16;buiten;JIC;3/4-16;wartelend;;1/2;
RI1/2BSPTX1/2BSP;;RI;Thread reducer;THREAD REDUCER / EXPANDER BSPT / BSPT;recht;BSPT;1/2-14;buiten;BSPP;1/2-14;binnen;;;
RI1/2BSPTX1/2NPT;;RI;Thread reducer;THREAD REDUCER / EXPANDER BSPT / NPT;recht;BSPT;1/2-14;buiten;NPT/NPTF;1/2-14;binnen;;;
RI1/2BSPX1/2BSPT;;RI;Thread reducer;REDUCER BSP MALE X BSPT FEMALE FIXED;recht;BSPP;1/2-14;buiten;BSPT;1/2-14;binnen;;;
RI1/2BSPX1/2NPT;;RI;Thread reducer;THREAD REDUCER / EXPANDER BSPP / NPT;recht;BSPP;1/2-14;buiten;NPT/NPTF;1/2-14;binnen;;;
RI1/2BSPX1/4NPT;;RI;Thread reducer;THREAD REDUCER / EXPANDER BSPP / NPT;recht;BSPP;1/2-14;buiten;NPT/NPTF;1/4-18;binnen;;;
RI1/2BSPX3/4NPT;;RI;Thread reducer;THREAD REDUCER / EXPANDER BSPP / NPT;recht;BSPP;1/2-14;buiten;NPT/NPTF;3/4-14;binnen;;;
RI1/2NPTX1/2BSP;;RI;Thread reducer;THREAD REDUCER / EXPANDER NPT / BSP;recht;NPT/NPTF;1/2-14;buiten;BSPP;1/2-14;binnen;;;
RI1/2NPTX1/4BSP;;RI;Thread reducer;THREAD REDUCER / EXPANDER NPT / BSP;recht;NPT/NPTF;1/2-14;buiten;BSPP;1/4-19;binnen;;;
RI1/2NPTX3/4BSP;;RI;Thread reducer;THREAD REDUCER / EXPANDER NPT / BSP;recht;NPT/NPTF;1/2-14;buiten;BSPP;3/4-14;binnen;;;
RI1/2NPTX3/8BSP;;RI;Thread reducer;THREAD REDUCER / EXPANDER NPT / BSP;recht;NPT/NPTF;1/2-14;buiten;BSPP;3/8-19;binnen;;;
RI1/4BSPX1/4BSPT;;RI;Thread reducer;THREAD REDUCER / EXPANDER BSP / BSPT;recht;BSPP;1/4-19;buiten;BSPT;1/4-19;binnen;;;
RI1/4BSPX1/8NPT;;RI;Thread reducer;THREAD REDUCER / EXPANDER BSP / NPT;recht;BSPP;1/4-19;buiten;NPT/NPTF;1/8-27;binnen;;;
RI1/4BSPX3/8NPT;;RI;Thread reducer;THREAD REDUCER / EXPANDER BSP / NPT;recht;BSPP;1/4-19;buiten;NPT/NPTF;3/8-18;binnen;;;
RI1/4NPTX1/4BSP;;RI;Thread reducer;REDUCER NPT MALE X BSP FEMALE FIXED;recht;NPT/NPTF;1/4-18;buiten;BSPP;1/4-19;binnen;;;
RI1/8BSPX1/8NPT;;RI;Thread reducer;THREAD REDUCER / EXPANDER BSP / NPT;recht;BSPP;1/8-28;buiten;NPT/NPTF;1/8-27;binnen;;;
RI11/2NPTX1BSP;;RI;Thread reducer;REDUCER NPT MALE X BSP FEMALE FIXED;recht;NPT/NPTF;1 1/2-11.5;buiten;BSPP;1-11;binnen;;;
RI11/2NPTX3/4BSP;;RI;Thread reducer;REDUCER NPT MALE X BSP FEMALE FIXED;recht;NPT/NPTF;1 1/2-11.5;buiten;BSPP;3/4-14;binnen;;;
RI11/4BSPX1NPT;;RI;Thread reducer;THREAD REDUCER / EXPANDER BSP / NPT;recht;BSPP;1 1/4-11;buiten;NPT/NPTF;1-11.5;binnen;;;
RI11/4NPTX1BSP;;RI;Thread reducer;REDUCER NPT MALE X BSP FEMALE FIXED;recht;NPT/NPTF;1 1/4-11.5;buiten;BSPP;1-11;binnen;;;
RI1BSPTX1BSP;;RI;Thread reducer;THREAD REDUCER / EXPANDER BSPT / BSP;recht;BSPT;1-11;buiten;BSPP;1-11;binnen;;;
RI1BSPX11/2NPT;;RI;Thread reducer;REDUCER BSP MALE X NPT FEMALE FIXED;recht;BSPP;1-11;buiten;NPT/NPTF;1 1/2-11.5;binnen;;;
RI1BSPX115/16UNF;;RI;Thread reducer;REDUCER BSP MALE X SAE FEMALE FIXED;recht;BSPP;1-11;buiten;UN/UNF;;binnen;;;
RI1BSPX1NPT;;RI;Thread reducer;REDUCER BSP MALE X NPT FEMALE FIXED;recht;BSPP;1-11;buiten;NPT/NPTF;1-11.5;binnen;;;
RI1BSPX3/4NPT;;RI;Thread reducer;REDUCER BSP MALE X NPT FEMALE FIXED;recht;BSPP;1-11;buiten;NPT/NPTF;3/4-14;binnen;;;
RI1NPTX1/2BSP;;RI;Thread reducer;REDUCER NPT MALE X BSP FEMALE FIXED;recht;NPT/NPTF;1-11.5;buiten;BSPP;1/2-14;binnen;;;
RI1NPTX1BSP;;RI;Thread reducer;REDUCER NPT MALE X BSP FEMALE FIXED;recht;NPT/NPTF;1-11.5;buiten;BSPP;1-11;binnen;;;
RI1NPTX3/4BSP;;RI;Thread reducer;REDUCER NPT MALE X BSP FEMALE FIXED;recht;NPT/NPTF;1-11.5;buiten;BSPP;3/4-14;binnen;;;
RI3/4BSPX1/8NPT;;RI;Thread reducer;REDUCER BSP MALE X NPT FEMALE FIXED;recht;BSPP;3/4-14;buiten;NPT/NPTF;1/8-27;binnen;;;
RI3/4BSPX3/4NPT;;RI;Thread reducer;REDUCER BSP MALE X NPT FEMALE FIXED;recht;BSPP;3/4-14;buiten;NPT/NPTF;3/4-14;binnen;;;
RI3/4NPTX1/4BSP;;RI;Thread reducer;REDUCER NPT MALE X BSP FEMALE FIXED;recht;NPT/NPTF;3/4-14;buiten;BSPP;1/4-19;binnen;;;
RI3/4NPTX3/4BSP;;RI;Thread reducer;REDUCER NPT MALE X BSP FEMALE FIXED;recht;NPT/NPTF;3/4-14;buiten;BSPP;3/4-14;binnen;;;
RI3/8BSPTX3/8BSP;;RI;Thread reducer;THREAD REDUCER / EXPANDER BSPT / BSPT;recht;BSPT;3/8-19;buiten;BSPP;3/8-19;binnen;;;
RI3/8BSPX1/4NPT;;RI;Thread reducer;REDUCER BSP MALE X NPT FEMALE FIXED;recht;BSPP;3/8-19;buiten;NPT/NPTF;1/4-18;binnen;;;
RI3/8BSPX1/8NPT;;RI;Thread reducer;REDUCER BSP MALE X NPT FEMALE FIXED;recht;BSPP;3/8-19;buiten;NPT/NPTF;1/8-27;binnen;;;
RI3/8BSPX3/8BSPT;;RI;Thread reducer;THREAD REDUCER / EXPANDER BSP / BSPT;recht;BSPP;3/8-19;buiten;BSPT;3/8-19;binnen;;;
RI3/8BSPX3/8NPT;;RI;Thread reducer;REDUCER BSP MALE X NPT FEMALE FIXED;recht;BSPP;3/8-19;buiten;NPT/NPTF;3/8-18;binnen;;;
RIM12X1.5X1/4NPT;;RI;Thread reducer;REDUCER M/F METR / NPT;recht;Metric;M 12×1.5;buiten;NPT/NPTF;1/4-18;binnen;;;
RIM14X1.5X1/4NPT;;RI;Thread reducer;REDUCER M/F METR / NPT;recht;Metric;M 14×1.5;buiten;NPT/NPTF;1/4-18;binnen;;;
RIM14X1.5X10X1;;RI;Thread reducer;REDUCER M/F METR / METR;recht;Metric;M 14×1.5;buiten;Metric;M 10×1.0;binnen;;;
RIM14X1.5X12X1.5;;RI;Thread reducer;REDUCER M/F METR / METR;recht;Metric;M 14×1.5;buiten;Metric;M 12×1.5;binnen;;;
RIM14X1.5X16X1.5;;RI;Thread reducer;REDUCER M/F METR / METR;recht;Metric;M 14×1.5;buiten;Metric;M 16×1.5;binnen;;;
RIM16X1.5X1/4NPT;;RI;Thread reducer;REDUCER M/F METR / NPT;recht;Metric;M 16×1.5;buiten;NPT/NPTF;1/4-18;binnen;;;
RIM16X1.5X10X1;;RI;Thread reducer;REDUCER M/F METR / METR;recht;Metric;M 16×1.5;buiten;Metric;M 10×1.0;binnen;;;
RIM16X1.5X12X1.5;;RI;Thread reducer;REDUCER M/F METR / METR;recht;Metric;M 16×1.5;buiten;Metric;M 12×1.5;binnen;;;
RIM16X1.5X14X1.5;;RI;Thread reducer;REDUCER M/F METR / METR;recht;Metric;M 16×1.5;buiten;Metric;M 14×1.5;binnen;;;
RIM18X1.5X3/8NPT;;RI;Thread reducer;VERLOOPRING METR / NPT;recht;Metric;M 18×1.5;buiten;NPT/NPTF;3/8-18;binnen;;;
RIM27X1/2NPT;;RI;Thread reducer;VERLOOPRING METR / NPT;recht;Metric;M 27×2.0;buiten;NPT/NPTF;1/2-14;binnen;;;
RIM6X1X1/2NPT;;RI;Thread reducer;VERLOOPRING METR / NPT;recht;Metric;M 6×1.0;buiten;NPT/NPTF;1/2-14;binnen;;;
RIM6X1X1/8NPT;;RI;Thread reducer;VERLOOPRING METR / NPT;recht;Metric;M 6×1.0;buiten;NPT/NPTF;1/8-27;binnen;;;
10 TL-S;10 TL-S;TL;Braze sleeve;WELDING SLEEVE ORFS INCH ;n.v.t.;;;;;;;;5/8;
16-12 TL-S;16-12 TL-S;TL;Braze sleeve;WELDING SLEEVE ORFS INCH ;n.v.t.;;;;;;;;3/4;
4 TL-S;4 TL-S;TL;Braze sleeve;WELDING SLEEVE ORFS INCH ;n.v.t.;;;;;;;;1/4;
6 TL-S;6 TL-S;TL;Braze sleeve;WELDING SLEEVE ORFS INCH ;n.v.t.;;;;;;;;3/8;
8 TL-S;8 TL-S;TL;Braze sleeve;WELDING SLEEVE ORFS INCH ;n.v.t.;;;;;;;;1/2;
16V3MXS;16V3MXS;V3MXS;Male stud elbow 45°;KNIESTUK 45 GR JIC / BSPT;45°;JIC;1 5/16-12;buiten;BSPT;1-11;buiten;;1;
4-4V3MXS;4-4V3MXS;V3MXS;Male stud elbow 45°;KNIESTUK 45 GR JIC / BSPT;45°;JIC;7/16-20;buiten;BSPT;1/4-19;buiten;;1/4;
4V3MXS;4V3MXS;V3MXS;Male stud elbow 45°;KNIESTUK 45 GR JIC / BSPT;45°;JIC;7/16-20;buiten;BSPT;1/8-28;buiten;;1/4;
5-4V3MXS;5-4V3MXS;V3MXS;Male stud elbow 45°;KNIESTUK 45 GR JIC / BSPT;45°;JIC;1/2-20;buiten;BSPT;1/4-19;buiten;;5/16;
5V3MXS;5V3MXS;V3MXS;Male stud elbow 45°;KNIESTUK 45 GR JIC / BSPT;45°;JIC;1/2-20;buiten;BSPT;1/8-28;buiten;;5/16;
10WLNMLS;10WLNMLS;WNLML;Bulkhead locknut;BULKHEAD LOCKNUT ORFS 1X14;n.v.t.;ORFS;1-14;binnen;;;;;5/8;
12WLNMLS;12WLNMLS;WNLML;Bulkhead locknut;BULKHEAD LOCKNUT ORFS 1X15;n.v.t.;ORFS;1 3/16-12;binnen;;;;;3/4;
16WLNMLS;16WLNMLS;WNLML;Bulkhead locknut;BULKHEAD LOCKNUT ORFS 1X16;n.v.t.;ORFS;1 7/16-12;binnen;;;;;1;
6WLNMLS;6WLNMLS;WNLML;Bulkhead locknut;BULKHEAD LOCKNUT ORFS 1X17;n.v.t.;ORFS;11/16-16;binnen;;;;;3/8;
8WLNMLS;8WLNMLS;WNLML;Bulkhead locknut;BULKHEAD LOCKNUT ORFS 1X18;n.v.t.;ORFS;13/16-16;binnen;;;;;1/2;
8WLNMS;8WLNMS;WNLML;Bulkhead locknut;BULKHEAD LOCKNUT ORFS 1X19;n.v.t.;JIC;3/4-16;binnen;;;;;1/2;
12 X6EF-S;12 X6EF-S;X6EF;Swivel male elbow;ELBOW MALE NPT X FEMALE JIC SWIVEL;haaks;NPT/NPTF;3/4-14;buiten;JIC;1 1/16-12;wartelend;;3/4;
16 X6EF-S;16 X6EF-S;X6EF;Swivel male elbow;ELBOW MALE NPT X FEMALE JIC SWIVEL;haaks;NPT/NPTF;1-11.5;buiten;JIC;1 5/16-12;wartelend;;1;
4 X6EF-S;4 X6EF-S;X6EF;Swivel male elbow;ELBOW MALE NPT X FEMALE JIC SWIVEL;haaks;NPT/NPTF;1/4-18;buiten;JIC;7/16-20;wartelend;;1/4;
4-4 X6EF-S;4-4 X6EF-S;X6EF;Swivel male elbow;ELBOW MALE NPT X FEMALE JIC SWIVEL;haaks;NPT/NPTF;1/4-18;buiten;JIC;7/16-20;wartelend;;1/4;
6-6 X6EF-S;6-6 X6EF-S;X6EF;Swivel male elbow;ELBOW MALE NPT X FEMALE JIC SWIVEL;haaks;NPT/NPTF;3/8-18;buiten;JIC;9/16-18;wartelend;;3/8;
8 X6EF-S;8 X6EF-S;X6EF;Swivel male elbow;ELBOW MALE NPT X FEMALE JIC SWIVEL;haaks;NPT/NPTF;1/2-14;buiten;JIC;3/4-16;wartelend;;1/2;
8-8 X6EF-S;8-8 X6EF-S;X6EF;Swivel male elbow;ELBOW MALE NPT X FEMALE JIC SWIVEL;haaks;NPT/NPTF;1/2-14;buiten;JIC;3/4-16;wartelend;;1/2;
12XEMK46S;12XEMK46S;XEMK46;Swivel nut elbow 90°;PARKER CONVERSION ADAPTER;haaks;JIC;1 1/16-12;buiten;BSPP;3/4-14;wartelend;;3/4;
16XEMK46S;16XEMK46S;XEMK46;Swivel nut elbow 90°;PARKER CONVERSION ADAPTER;haaks;JIC;1 5/16-12;buiten;BSPP;1-11;wartelend;;1;
8XEMK46S;8XEMK46S;XEMK46;Swivel nut elbow 90°;PARKER CONVERSION ADAPTER;haaks;JIC;3/4-16;buiten;BSPP;1/2-14;wartelend;;1/2;
12XHMK46S;12XHMK46S;XHMK46;Swivel male stud;PARKER CONVERSION ADAPTER;recht;JIC;1 1/16-12;buiten;BSPP;3/4-14;wartelend;;3/4;
16XHMK46S;16XHMK46S;XHMK46;Swivel male stud;PARKER CONVERSION ADAPTER;recht;JIC;1 5/16-12;buiten;BSPP;1-11;wartelend;;1;
6XHMK46S;6XHMK46S;XHMK46;Swivel male stud;PARKER CONVERSION ADAPTER;recht;JIC;9/16-18;buiten;BSPP;3/8-19;wartelend;;3/8;
8XHMK46S;8XHMK46S;XHMK46;Swivel male stud;PARKER CONVERSION ADAPTER;recht;JIC;3/4-16;buiten;BSPP;1/2-14;wartelend;;1/2;
8-8XHMKA6S;8-8XHMKA6S;XHMKA6;Adapter;PARKER CONVERSION ADAPTER;recht;JIC;3/4-16;buiten;Metric;M 22×1.5;wartelend;;1/2;
10-15L XHU86-S;10-15L XHU86-S;XHU86;Swivel male stud;CONVERSION 37° FLARE TO 24° FLARELESS;recht;JIC;7/8-14;buiten;Metric;M 22×1.5;wartelend;15;5/8;
10-16S XHU86-S;10-16S XHU86-S;XHU86;Swivel male stud;CONVERSION 37° FLARE TO 24° FLARELESS;recht;JIC;7/8-14;buiten;Metric;M 24×1.5;wartelend;16;5/8;
12-18L XHU86-S;12-18L XHU86-S;XHU86;Swivel male stud;CONVERSION 37° FLARE TO 24° FLARELESS;recht;JIC;1 1/16-12;buiten;Metric;M 26×1.5;wartelend;18;3/4;
12-20S XHU86-S;12-20S XHU86-S;XHU86;Swivel male stud;CONVERSION 37° FLARE TO 24° FLARELESS;recht;JIC;1 1/16-12;buiten;Metric;M 30×2.0;wartelend;20;3/4;
16-22L XHU86-S;16-22L XHU86-S;XHU86;Swivel male stud;CONVERSION 37° FLARE TO 24° FLARELESS;recht;JIC;1 5/16-12;buiten;Metric;M 30×2.0;wartelend;22;1;
16-25S XHU86-S;16-25S XHU86-S;XHU86;Swivel male stud;CONVERSION 37° FLARE TO 24° FLARELESS;recht;JIC;1 5/16-12;buiten;Metric;M 36×2.0;wartelend;25;1;
16-28L XHU86-S;16-28L XHU86-S;XHU86;Swivel male stud;CONVERSION 37° FLARE TO 24° FLARELESS;recht;JIC;1 5/16-12;buiten;Metric;M 36×2.0;wartelend;28;1;
4-6L XHU86-S;4-6L XHU86-S;XHU86;Swivel male stud;CONVERSION 37° FLARE TO 24° FLARELESS;recht;JIC;7/16-20;buiten;Metric;M 12×1.5;wartelend;6;1/4;
4-6S XHU86-S;4-6S XHU86-S;XHU86;Swivel male stud;CONVERSION 37° FLARE TO 24° FLARELESS;recht;JIC;7/16-20;buiten;Metric;M 14×1.5;wartelend;6;1/4;
6-10L XHU86-S;6-10L XHU86-S;XHU86;Swivel male stud;CONVERSION 37° FLARE TO 24° FLARELESS;recht;JIC;9/16-18;buiten;Metric;M 16×1.5;wartelend;10;3/8;
6-10S XHU86-S;6-10S XHU86-S;XHU86;Swivel male stud;CONVERSION 37° FLARE TO 24° FLARELESS;recht;JIC;9/16-18;buiten;Metric;M 18×1.5;wartelend;10;3/8;
6-8L XHU86-S;6-8L XHU86-S;XHU86;Swivel male stud;CONVERSION 37° FLARE TO 24° FLARELESS;recht;JIC;9/16-18;buiten;Metric;M 14×1.5;wartelend;8;3/8;
6-8S XHU86-S;6-8S XHU86-S;XHU86;Swivel male stud;CONVERSION 37° FLARE TO 24° FLARELESS;recht;JIC;9/16-18;buiten;Metric;M 16×1.5;wartelend;8;3/8;
8-12L XHU86-S;8-12L XHU86-S;XHU86;Swivel male stud;CONVERSION 37° FLARE TO 24° FLARELESS;recht;JIC;3/4-16;buiten;Metric;M 18×1.5;wartelend;12;1/2;
8-12LLOHU86S;8-12LLOHU86S;XHU86;Swivel male stud;CONVERSION 37° FLARE TO 24° FLARELESS;recht;JIC;13/16-16;buiten;Metric;M 12×1.5;wartelend;12;1/2;
8-12S XHU86-S;8-12S XHU86-S;XHU86;Swivel male stud;CONVERSION 37° FLARE TO 24° FLARELESS;recht;JIC;3/4-16;buiten;Metric;M 20×1.5;wartelend;12;1/2;
10-4 XHX6G5TP-S;10-4 XHX6G5TP-S;XHX6G5TP;Test point connector;DIAGNOSTIC TEE;T-stuk;JIC;7/8-14;buiten;JIC;7/8-14;wartelend;;5/8;
12-4 XHX6G5TP-S;12-4 XHX6G5TP-S;XHX6G5TP;Test point connector;DIAGNOSTIC TEE;T-stuk;JIC;1 1/16-12;buiten;JIC;1 1/16-12;wartelend;;3/4;
16-4 XHX6G5TP-S;16-4 XHX6G5TP-S;XHX6G5TP;Test point connector;DIAGNOSTIC TEE;T-stuk;JIC;1 5/16-12;buiten;JIC;1 5/16-12;wartelend;;1;
20-4 XHX6G5TP-S;20-4 XHX6G5TP-S;XHX6G5TP;Test point connector;DIAGNOSTIC TEE;T-stuk;JIC;1 5/8-12;buiten;JIC;1 5/8-12;wartelend;;1 1/4;
24-4 XHX6G5TP-S;24-4 XHX6G5TP-S;XHX6G5TP;Test point connector;DIAGNOSTIC TEE;T-stuk;JIC;1 7/8-12;buiten;JIC;1 7/8-12;wartelend;;1 1/2;
4-4 XHX6G5TP-S;4-4 XHX6G5TP-S;XHX6G5TP;Test point connector;DIAGNOSTIC TEE;T-stuk;JIC;7/16-20;buiten;JIC;7/16-20;wartelend;;1/4;
6-4 XHX6G5TP-S;6-4 XHX6G5TP-S;XHX6G5TP;Test point connector;DIAGNOSTIC TEE;T-stuk;JIC;9/16-18;buiten;JIC;9/16-18;wartelend;;3/8;
