artnr;artnm;Leverancier;Artikelnr leverancier;Buitenmaat slang (mm);RVS Omvlechting;PolyGuard;ParKoil;Spring Guard;Firesleeve;SpiralGuard;Texsleeve;Huls tex staal;Huls tex RVS
0187ST-10;NO-SKIVE 15.9MM (5/8) DN16 T.C. GLOBALCORE W.P. 70 BAR;Parker;187ST-10;24;9122-10-316L;HG-125;PG-100;SG-097;FS-F-16,9125-16;9121-025;TEXS31;19001-30;9223-030
0187ST-12;NO-SKIVE 19.1MM (3/4) DN19 S.T. GLOBALCORE W.P. 70 BAR;Parker;187ST-12;27;9122-12-316L;HG-125;PG-119;SG-113;FS-F-20,9125-19;9121-025;TEXS33;19001-32;9223-032
0187ST-16;NO-SKIVE 25.4MM (1) DN25 T.C. GLOBALCORE W.P. 70 BAR;Parker;187ST-16;36;9122-16-316L;HG-150;PG-188;SG-155;FS-F-24,9125-25;9121-040;TEXS44;19001-45;9223-044
0187ST-20;NO-SKIVE 31.8MM (11/4) DN31 S.T. GLOBALCORE W.P. 70 BAR;Parker;187ST-20;44;9122-20-316L;HG-200;PG-188;SG-182;FS-F-30,9125-32;9121-040;TEXS53;19001-52;9223-053
0187ST-24;NO-SKIVE 38.1MM (11/2) DN38 S.T. GLOBALCORE W.P. 70 BAR;Parker;187ST-24;52;9122-24-316L;HG-350;PG-188;SG-209;FS-F-38,9125-38;9121-050;TEXS60;;
0187ST-32;NO-SKIVE 50.8MM (2) DN50 T.C. GLOBALCORE W.P. 70 BAR;Parker;187ST-32;65;9122-32-316L;HG-350;PG-188;SG-292;FS-F-48,9125-51;9121-050;TEXS73;19001-70;9223-072
0187TC-24;NO-SKIVE 38.1MM (1-1/2) DN38 T.C. COMPACT 2SC W.P. 70 BAR;Parker;187TC-24;52;9122-24-316L;HG-350;PG-188;SG-209;FS-F-38,9125-38;9121-050;TEXS60;;
0187TC-32;NO-SKIVE 50.8MM (2) DN50 T.C. GLOBALCORE W.P. 70 BAR;Parker;187TC-32;65;9122-32-316L;HG-350;PG-188;SG-292;FS-F-48,9125-51;9121-050;TEXS73;19001-70;9223-072
0187TC-40;NO-SKIVE 63.5MM (2-1/2) DN63 T.C. COMPACT 2SC W.P. 70 BAR 46;Parker;187TC-40;75;9122-40-316L;HG-350;PG-188;;9125-64;9121-075;TEXS85;19001-85;9223-080
0201-04;3/16 R5/J1402AII HOSE 201-4;Parker;201-4;12,2;9122-04-316L;HG-075;PG-062;SG-060;FS-F-10,9125-06;9121-012;TEXS20;;9223-019
0201-05;1/4 R5/J1402AII HOSE 201-5;Parker;201-5;15;9122-05-316L;HG-075;PG-062;SG-060;FS-F-11,9125-08;9121-016;TEXS20;19001-24;9223-022
0201-06;5/16 R5/J1402AII HOSE 201-6;Parker;201-6;17;9122-06-316L;HG-075;PG-075;SG-072;FS-F-12,9125-10;9121-016;TEXS23;19001-24;9223-022
0201-08;13/32 R5/J1402AII HOSE 201-8;Parker;201-8;19,5;9122-08-316L;HG-125;PG-088;SG-084;FS-F-14,9125-13;9121-020;TEXS25;19001-25;9223-023
0201-12;5/8 R5/J1402AII HOSE 201-12;Parker;201-12;27;9122-12-316L;HG-125;PG-119;SG-113;FS-F-18,9125-19;9121-025;TEXS33;19001-32;9223-032
0201-16;"PARKER HOSE 201-16 7/8"" R5/J1402AII";Parker;201-16;31;9122-16-316L;HG-125;PG-138;SG-131;FS-F-22,9125-25;9121-032;TEXS36;19001-38;9223-037
0201-20;1-1/8 R5/J1402AII HOSE 201-20;Parker;201-20;38;9122-20-316L;HG-150;PG-188;SG-155;FS-F-28,9125-32;9121-040;TEXS44;19001-45;9223-044
0201-24;1-3/8 R5/J1402AII HOSE 201-24;Parker;201-24;44,5;9122-24-316L;HG-200;PG-188;SG-182;FS-F-30,9125-38;9121-040;TEXS53;19001-52;9223-053
0201-32;1-13/16 R5/J1402AII HOSE 201-32;Parker;201-32;56;9122-32-316L;HG-350;PG-188;SG-232;FS-F-38,9125-51;9121-050;TEXS66;;9223-066
0304-04;NO-SKIVE 6.3MM (1/4) DN06 SAE100R2AT W.P. 345 BAR PH.ESTER 3;Parker;304-4;15;9122-04-316L;HG-075;PG-062;SG-060;FS-F-11,9125-06;9121-016;TEXS20;19001-24;9223-022
0304-06;NO-SKIVE 9.5MM (3/8) DN10 SAE100R2AT W.P. 275 BAR PH.ESTER 3;Parker;304-6;19;9122-06-316L;HG-075;PG-075;SG-084;FS-F-14,9125-10;9121-020;TEXS25;19001-24;9223-023
0304-08;NO-SKIVE 12.7MM (1/2) DN12 SAE100R2AT W.P. 240 BAR PH.ESTER;Parker;304-8;22;9122-08-316L;HG-125;PG-088;SG-097;FS-F-16,9125-13;9121-020;TEXS27;19001-27;9223-030
0304-12;NO-SKIVE 19.1MM 3/4 DN19 SAE100R2AT W.P. 155 BAR PH.ESTER;Parker;304-12;30;9122-12-316L;HG-125;PG-119;SG-122;FS-F-20,9125-19;9121-032;TEXS36;19001-35;9223-035
0304-16;NO-SKIVE 25.4MM (1) DN25 SAE100R2AT W.P. 138 BAR PH.ESTER 30;Parker;304-16;38;9122-16-316L;HG-150;PG-188;SG-155;FS-F-28,9125-25;9121-040;TEXS44;19001-45;9223-044
0304-20;NO-SKIVE 31.8MM (11/4) DN32 SAE100R2AT WP.112 BAR PH.ESTER;Parker;304-20;48;9122-20-316L;HG-200;PG-188;SG-209;FS-F-32,9125-32;9121-050;TEXS53;19001-55;9223-053
0304-24;NO-SKIVE 38.1MM (11/2) DN38 SAE100R2AT WP.90 BAR PH.ESTER;Parker;304-24;55;9122-24-316L;HG-350;PG-188;;FS-F-38,9125-38;9121-050;TEXS60;;
0304-32;NO-SKIVE 50.8MM (2) DN50 SAE100R2AT W.P. 78 BAR PH.ESTHER 30;Parker;304-32;68;9122-32-316L;HG-350;PG-188;SG-292;FS-F-48,9125-51;9121-075;TEXS73;19001-75;
0311-04;421SN NO-SKIVE 6.3MM (1/4) DN06 R1AT 1SN W.P. 225 BAR;Parker;421SN-4;13.4;9122-04-316L;;PG-050;SG-060;FS-F-10,9125-06;9121-016;TEXS20;;9223-019
0311-05;421SN NO-SKIVE 7.9MM (5/16) DN08 R1AT 1SN W.P. 215 BAR;Parker;421SN-5;15;9122-05-316L;;PG-050;SG-066;FS-F-11,9125-08;9121-016;TEXS20;19001-24;9223-022
0311-06;421SN NO-SKIVE 9.5MM (3/8) DN10 R1AT 1SN W.P. 180 BAR;Parker;421SN-6;17.4;9122-06-316L;;PG-062;SG-072;FS-F-14,9125-10;9121-020;TEXS23;19001-24;9223-023
0311-08;421SN NO-SKIVE 12.7MM (1/2) DN12 R1AT 1SN W.P. 160 BAR;Parker;421SN-8;20.7;9122-08-316L;HG-075;PG-075;SG-084;FS-F-16,9125-13;9121-020;TEXS27;19001-27;9223-030
0311-10;421SN NO-SKIVE 15.9MM (5/8) DN16 R1AT 1SN W.P. 130 BAR;Parker;421SN-10;23.9;9122-10-316L;HG-075;PG-088;SG-097;FS-F-18,9125-16;9121-025;TEXS31;19001-30;9223-030
0311-12;421SN NO-SKIVE 19.1MM (3/4) DN20 R1AT 1SN W.P. 105 BAR;Parker;421SN-12;27.8;9122-12-316L;HG-100;PG-100;SG-113;FS-F-20,9125-19;9121-025;TEXS33;19001-35;9223-035
0311-16;421SN NO-SKIVE 25.4MM (1) DN25 R1AT 1SN W.P. 88 BAR;Parker;421SN-16;35.8;9122-16-316L;HG-125;PG-138;SG-155;FS-F-24,9125-25;9121-040;TEXS44;19001-45;9223-044
0311-20;421SN NO-SKIVE 31.8MM (1-1/4) DN32 R1AT 1SN W.P. 63 BAR;Parker;421SN-20;44.8;9122-20-316L;HG-150;PG-138;SG-182;FS-F-32,9125-32;9121-050;TEXS53;19001-52;9223-053
0311-24;421SN NO-SKIVE 38.1MM (1-1/2) DN40 R1AT 1SN W.P. 50 BAR;Parker;421SN-24;51.1;9122-24-316L;HG-200;PG-188;SG-209;FS-F-38,9125-38;9121-050;TEXS60;;
0311-32;421SN NO-SKIVE 50.8MM (2) DN50 R1AT 1SN W.P. 40 BAR;Parker;421SN-32;64.7;9122-32-316L;HG-200;PG-188;SG-270;FS-F-48,9125-51;9121-050;TEXS73;19001-70;9223-072
0312-04;NO-SKIVE 6.3MM (1/4) DN06 SAE100R1AT 1SN W.P. 225 BAR;Interpump;TFD0011-04;12.8;9122-04-316L;;;;9125-06;9121-012;TEXS20;;9223-019
0312-05;NO-SKIVE 7.9MM (5/16) DN08 SAE100R1AT 1SN W.P. 215 BAR;Interpump;TFD0011-05;14.4;9122-05-316L;;;;9125-08;9121-016;TEXS20;19001-24;9223-022
0312-06;NO-SKIVE 9.5MM (3/8) DN10 SAE100R1AT 1SN W.P. 180 BAR;Interpump;TFD2012-06;16.9;9122-06-316L;;;;9125-10;9121-016;TEXS23;19001-24;9223-022
0312-08;NO-SKIVE 12.7MM (1/2) DN12 SAE100R1AT 1SN W.P. 160 BAR;Interpump;TFD0012-08;19.9;9122-08-316L;;;;9125-13;9121-020;TEXS25;19001-25;9223-023
0312-10;NO-SKIVE 15.9MM (5/8) DN16 SAE100R1AT 1SN W.P. 130 BAR;Interpump;TFD0011-10;23.1;9122-10-316L;;;;9125-16;9121-025;TEXS31;19001-30;9223-030
0312-12;NO-SKIVE 19.1MM (3/4) DN20 SAE100R1AT 1SN W.P. 105 BAR;Interpump;TFD0012-12;27.2;9122-12-316L;;;;9125-19;9121-025;TEXS33;19001-35;9223-035
0312-16;NO-SKIVE 25.4MM (1) DN25 SAE100R1AT 1SN W.P. 88 BAR;Interpump;TFD0011-16;35.2;9122-16-316L;;;;9125-25;9121-040;TEXS44;19001-45;9223-044
0312-20;NO-SKIVE 31.8MM (1-1/4) DN32 SAE100R1AT 1SN W.P. 63 BAR;Interpump;TFD0012-20;42.6;9122-20-316L;;;;9125-32;9121-040;TEXS53;19001-52;9223-047
0312-24;NO-SKIVE 38.1MM (1-1/2) DN40 SAE100R1AT 1SN W.P. 50 BAR;Interpump;TFD0011-24;49.6;9122-24-316L;;;;9125-38;9121-050;TEXS55;19001-55;9223-056
0312-32;NO-SKIVE 50.8MM (2) DN50 SAE100R1AT 1SN W.P. 40 BAR;Interpump;TFD0012-32;63;9122-32-316L;;;;9125-51;9121-050;TEXS73;19001-70;9223-072
0314-04;TRELL-JETT 1 WIRE TYPE 581 DN06 W.P. 400 BAR;Trelleborg;TJ581+100DN06;;9122-04-316L;;;;9125-06;;;;
0314-05;TRELL-JETT 1 WIRE TYPE 581 DN08 W.P. 400 BAR;Parker;0314-05;;9122-05-316L;;;;9125-08;;;;
0314-06;TRELL-JETT 1 WIRE TYPE 581 DN10 W.P. 400 BAR;Trelleborg;TJ581+100DN10;;9122-06-316L;;;;9125-10;;;;
0314-08;TRELL-JETT 1 WIRE TYPE 581 DN12 W.P. 350 BAR;Trelleborg;TJ581-13 1/2 BLUE +100 2910470;;9122-08-316L;;;;9125-13;;;;
0315-05;TRELL-JETT 2 WIRE TYPE 580 DN08 W.P. 650 BAR;Trelleborg;TJ580+100DN8;;9122-05-316L;;;;9125-08;;;;
0315-06;TRELL-JETT 2 WIRE TYPE 580 DN10 W.P. 650 BAR;Trelleborg;"2910370-TJ580-10 3/8"" BLUE100+";;9122-06-316L;;;;9125-10;;;;
0315-08;TRELL-JETT 2 WIRE TYPE 580 DN12 W.P. 500 BAR;Trelleborg;"2910420-TJ580-13-1/2"" BLUE100+";;9122-08-316L;;;;9125-13;;;;
0317-04;2SC 6.3MM (1/4) DN06 COMPACT W.P. 400 BAR BLUE;Interpump;THB002K-04;13.3;9122-04-316L;;;;9125-06;9121-016;TEXS20;;9223-019
0317-05;2SC 7.9MM (5/16) DN08 COMPACT W.P. 400 BAR BLUE;Interpump;TFB002KN05;14.8;9122-05-316L;;;;9125-08;9121-016;TEXS20;19001-24;9223-022
0317-06;2SC 9.5MM (3/8) DN10 COMPACT W.P. 400 BAR BLUE;Interpump;THB0021-06;17.1;9122-06-316L;;;;9125-10;9121-020;TEXS23;19001-24;9223-023
0317-08;2SC 12.7MM (1/2) DN12 COMPACT W.P. 400 BAR BLUE;Interpump;TCB2E42-08M005;20.4;9122-08-316L;;;;9125-13;9121-020;TEXS27;19001-27;9223-030
0319-06;2SC 9.5MM (3/8) DN10 COMPACT W.P. 500 BAR BLUE;Interpump;TFB002K-06EI;17.1;9122-06-316L;;;;9125-10;9121-020;TEXS23;19001-24;9223-023
0323-04;NO-SKIVE 6.3MM (1/4) DN06 COMPACT 1SC.250 BAR LONGLIFE;Interpump;THE201K-04;12.3;9122-04-316L;;;;9125-06;9121-012;TEXS20;;9223-019
0323-04-04;NO-SKIVE 6.3MM (1/4) DN06 COMPACT 1SC W.P. 250 BAR TWIN LONG;Interpump;T2E101KI04;12.4;9122-04-316L;;;;9125-06;9121-012;TEXS20;;9223-019
0323-05;NO-SKIVE 7.9MM (5/16) DN08 COMPACT 1SC.250 BAR LONGLIFE;Interpump;THE201K-05;13.5;9122-05-316L;;;;9125-08;9121-016;TEXS20;;9223-019
0323-06;NO-SKIVE 9.5MM (3/8) DN10 COMPACT 1SC W.P. 250 BAR LONGLIFE;Interpump;THE201K-06;15.7;9122-06-316L;;;;9125-10;9121-016;TEXS23;19001-24;9223-022
0323-06-06;NO-SKIVE 9.5MM (3/8) DN10 COMPACT 1SC W.P. 250 BAR TWIN LONG;Interpump;T2E101K-06;15.6;9122-06-316L;;;;9125-10;9121-016;TEXS23;19001-24;9223-022
0323-08;NO-SKIVE 12.7MM (1/2) DN12 COMPACT 1SC W.P. 200 BAR LONGLIF;Interpump;THE201K-08;18.9;9122-08-316L;;;;9125-13;9121-020;TEXS25;19001-24;9223-023
0323-10;NO-SKIVE 15.9MM (5/8) DN16 COMPACT 1SC.150 BAR LONGLIFE;Interpump;THE201K-10;22.4;9122-10-316L;;;;9125-16;9121-025;TEXS31;19001-30;9223-030
0323-12;NO-SKIVE 19.1MM (3/4) DN20 COMPACT 1SC.150 BAR LONGLIFE;Interpump;THE201K-12;26;9122-12-316L;;;;9125-19;9121-025;TEXS31;19001-32;9223-032
0323-16;NO-SKIVE 25.4MM (1) DN25 COMPACT 1SC.110 BAR LONGLIFE;Interpump;THE201K-16;33.7;9122-16-316L;;;;9125-25;9121-040;TEXS40;19001-40;9223-040
0323-20;NO-SKIVE 31.8MM (11/4) DN32 COMPACT 1SC. 100 BAR LONGLIFE;Interpump;THE201K-20;41.1;9122-20-316L;;;;9125-32;9121-040;TEXS47;;9223-047
0323-24;NO-SKIVE 38.1MM (11/2) DN40 COMPACT 1SC. 90 BAR LONGLIFE;Interpump;THE201K-24;48.6;9122-24-316L;;;;9125-38;9121-050;TEXS55;19001-55;9223-056
0323-32;NO-SKIVE 50.8MM (2) DN50 COMPACT 1SC.75 BAR LONGLIFE;Interpump;THE201K-32;61.5;9122-32-316L;;;;9125-51;9121-050;TEXS73;19001-70;
0328-03;THERMOPLASTIC HIGH PRESSURE R8 (3/16) DN05 W.P. 350 BAR;Calseyde;R8-DN05-0751;;;;;;;;;;
0328-04;THERMOPLASTIC HIGH PRESSURE (1/4) DN06 W.P. 350 BAR;Hansaflex;NY806;;9122-04-316L;;;;9125-06;;;;
0328-04D;THERMOPLASTIC HIGH PRESSURE (1/4) DN06 W.P. 350 BAR TWIN;Dicsa;MT28004;;9122-04-316L;;;;9125-06;;;;
0328-05;THERMOPLASTIC HIGH PRESSURE (5/16) DN08 W.P. 300 BAR;Calseyde;0753-5;;9122-05-316L;;;;9125-08;;;;
0328-05D;THERMOPLASTIC HIGH PRESSURE (5/16) DN08 W.P. 300 BAR TWIN;Calseyde;R8D-DN08-1753;;9122-05-316L;;;;9125-08;;;;
0328-06;THERMOPLASTIC HIGH PRESSURE (3/8) DN10 W.P. 280 BAR;Hansaflex;NY810;;9122-06-316L;;;;9125-10;;;;
0328-06D;THERMOPLASTIC HIGH PRESSURE (3/8) DN10 W.P. 280 BAR TWIN;Calseyde;R8D-DN10-1754;;9122-06-316L;;;;9125-10;;;;
0328-08;THERMOPLASTIC HIGH PRESSURE (1/2) DN12 W.P. 245 BAR;Hansaflex;NY813;;9122-08-316L;;;;9125-13;;;;
0328-08D;THERMOPLASTIC HIGH PRESSURE (1/2) DN12 W.P. 245 BAR TWIN;Hansaflex;NYZ 813;;9122-08-316L;;;;9125-13;;;;
0328-12;THERMOPLASTIC HIGH PRESSURE (3/4) DN19;Schmitter;626320;;9122-12-316L;;;;9125-19;;;;
0331-03;THERMOPLASTIC HIGH PRESSURE (3/16) DN05 W.P. 360 BAR;Hansaflex;NY104;;;;;;;;;;
0331-03CO2;THERMOPLASTIC HIGH PRESSURE (3/16) DN05 W.P. 360 BAR;Calseyde;0501-SB1-CO2-DN05;;;;;;;;;;
0331-03D;THERMOPLASTIC HIGH PRESSURE (3/16) DN05 W.P. 360 BAR TWIN;Hansaflex;NYZ 104;;;;;;;;;;
0331-04;THERMOPLASTIC HIGH PRESSURE (1/4) DN06 W.P. 310 BAR;Hansaflex;NY106;;9122-04-316L;;;;9125-06;;;;
0331-04CO2;THERMOPLASTIC HIGH PRESSURE (1/4) DN06 W.P. 310 BAR;Calseyde;0502-SB1-C02-DN06;;9122-04-316L;;;;;;;;
0331-04D;THERMOPLASTIC HIGH PRESSURE (1/4) DN06 W.P. 310 BAR TWIN;Hansaflex;NYZ106;;9122-04-316L;;;;9125-06;;;;
0331-05;THERMOPLASTIC HIGH PRESSURE (5/16) DN08 W.P. 250 BAR;Hansaflex;NY 108;;9122-05-316L;;;;9125-08;;;;
0331-05D;THERMOPLASTIC HIGH PRESSURE (5/16) DN08 W.P. 250 BAR TWIN;Hansaflex;NYZ 108;;9122-05-316L;;;;9125-08;;;;
0331-06;THERMOPLASTIC HIGH PRESSURE (3/8) DN10 W.P. 225 BAR;Hansaflex;NY110;;9122-06-316L;;;;9125-10;;;;
0331-06D;THERMOPLASTIC MEDIUM PRESSURE (3/8) DN10 W.P. 225 BAR TWIN;Hansaflex;NYZ110;;9122-06-316L;;;;9125-10;;;;
0331-08;THERMOPLASTIC HIGH PRESSURE (1/2) DN12 W.P. 180 BAR;Hansaflex;NY 113;;9122-08-316L;;;;9125-13;;;;
0331-08C02;THERMOPLASTIC HIGH PRESSURE (1/2) DN12 W.P. 180 BAR;Calseyde;0505-SB1-CO2DN12;;9122-08-316L;;;;;;;;
0331-08D;THERMOPLASTIC HIGH PRESSURE (1/2) DN12 W.P. 180 BAR TWIN;Hansaflex;NYZ 113;;9122-08-316L;;;;9125-13;;;;
0334-03;THERMOPLASTIC MEDIUM PRESS PAINT (3/16) DN05 W.P. 360 BAR;Dicsa;MT099003;;;;;;;;;;
0334-04;THERMOPLASTIC MEDIUM PRESS PAINT (1/4) DN06 W.P. 310 BAR;Dicsa;MT099004;;9122-04-316L;;;;9125-06;;;;
0334-06;THERMOPLASTIC MEDIUM PRESS PAINT (3/8) DN10 W.P. 240 BAR;Parker;2040N-06V02;15.9;9122-06-316L;;;;9125-10;9121-016;TEXS23;19001-24;9223-022
0347-02;THERMOPLASTIC MEDIUM PRESSURE (1/8) DN03 W.P. 210 BAR;Parker;347-2;;;;;;;;;;
0347-025;THERMOPLASTIC MEDIUM PRESSURE (5/32) DN04 W.P. 240 BAR;Parker;347-2.5;;;;;;;;;;
0347-03;THERMOPLASTIC MEDIUM PRESSURE (3/16) DN02 W.P. 210 BAR;Parker;347-3;;;;;;;;;;
0347-03D;THERMOPLASTIC MEDIUM PRESSURE (3/16) DN05 W.P. 215 BAR TWIN;Parker;0347-03D;;;;;;;;;;
0347-04;THERMOPLASTIC MEDIUM PRESSURE 6.3MM (1/4) DN06 R7 W.P. 215 B;Calseyde;R7-DN06-0662;;9122-04-316L;;;;9125-06;;;;
0347-04D;THERMOPLASTIC MEDIUM PRESSURE (1/4) DN06 W.P. 215 BAR TWIN;Calseyde;R7D-DN06-0632;;9122-04-316L;;;;9125-06;;;;
0347-04Q;THERMOPLASTIC MEDIUM PRESSURE (1/4) DN06 W.P. 215 BAR QUAT;Parker;0347-04Q;;9122-04-316L;;;;9125-06;;;;
0347-05;THERMOPLASTIC MEDIUM PRESSURE (5/16) DN08 W.P. 190 BAR;Calseyde;R7-DN08-0663;;9122-05-316L;;;;9125-08;;;;
0347-05D;THERMOPLASTIC MEDIUM PRESSURE (5/16) DN08 W.P. 190 BAR TWIN;Hansaflex;NYZ708;;9122-05-316L;;;;9125-08;;;;
0347-06;THERMOPLASTIC MEDIUM PRESSURE 9.5MM (3/8) DN10 R7 W.P. 160 B;Calseyde;R7-DN10-0664;;9122-06-316L;;;;9125-10;;;;
0347-06D;THERMOPLASTIC MEDIUM PRESSURE (3/8) DN10 W.P. 160 BAR TWIN;Hansaflex;NYZ710;;9122-06-316L;;;;9125-10;;;;
0347-06D/LIN;THERMOPLASTIC LINDE HOSE (3/8) DN10 TWIN;TVH;TVH/2850586;;9122-06-316L;;;;9125-10;;;;
0347-08;THERMOPLASTIC MEDIUM PRESSURE 12.7MM (1/2) DN13 R7 W.P. 140;Calseyde;R7-DN12-0665;;9122-08-316L;;;;9125-13;;;;
0347-08D;THERMOPLASTIC MEDIUM PRESSURE (1/2) DN12 W.P. 140 BAR TWIN;Hansaflex;NYZ713;;9122-08-316L;;;;9125-13;;;;
0347-10;THERMOPLASTIC MEDIUM PRESSURE 15.9MM (5/8) DN16 R7 W.P. 100;Parker;347-10;;9122-10-316L;;;;9125-16;;;;
0371LT-06;NO-SKIVE 9.5MM (3/8) DN10 COMPACT W.P. 445 BAR LOW TEMP;Parker;371LT-6;21.4;9122-06-316L;HG-075;PG-075;SG-097;FS-F-16,9125-10;9121-020;TEXS27;19001-27;9223-030
0371LT-08;NO-SKIVE 12.7MM (1/2) DN12 COMPACT W.P. 415 BAR LOW TEMP 371;Parker;371LT-8;24.6;9122-08-316L;HG-100;PG-088;SG-106;FS-F-18,9125-13;9121-025;TEXS31;19001-30;9223-030
0371LT-10;NO-SKIVE 15.9MM (5/8) DN16 COMPACT W.P. 350 BAR LOW TEMP;Parker;371LT-10;28.2;9122-10-316L;HG-100;PG-100;SG-122;FS-F-20,9125-16;9121-032;TEXS36;19001-35;9223-035
0371LT-12;NO-SKIVE 19.1MM (3/4) DN19 COMPACT W.P. 350 BAR LOW TEMP;Parker;371LT-12;32.2;9122-12-316L;HG-125;PG-119;SG-131;FS-F-22,9125-19;9121-032;TEXS40;19001-38;9223-040
0371LT-16;NO-SKIVE 25.4MM (1) DN25 COMPACT W.P. 280 BAR LOW TEMP 371;Parker;371LT-16;39.7;9122-16-316L;HG-150;PG-138;SG-155;FS-F-28,9125-25;9121-040;TEXS47;19001-45;9223-045
0372-06;NO-SKIVE 9.5MM (3/8) DN10 COMPACT W.P. 445 BAR 372-6;Parker;372-6;21.4;9122-06-316L;HG-075;PG-075;SG-097;FS-F-16,9125-10;9121-020;TEXS27;19001-27;9223-030
0372-08;NO-SKIVE 12.7MM (1/2) DN12 COMPACT 4SP W.P. 415 BAR;Parker;372-8;24.6;9122-08-316L;HG-100;PG-088;SG-106;FS-F-18,9125-13;9121-025;TEXS31;19001-30;9223-030
0372-10;NO-SKIVE 15.9MM (5/8) DN16 COMPACT 4SP W.P. 350 BAR;Parker;372-10;28.2;9122-10-316L;HG-100;PG-100;SG-122;FS-F-20,9125-16;9121-032;TEXS36;19001-35;9223-035
0372-12;NO-SKIVE 19.1MM (3/4) DN20 COMPACT 4SP W.P. 350 BAR;Parker;372-12;32.2;9122-12-316L;HG-125;PG-119;SG-131;FS-F-22,9125-19;9121-032;TEXS40;19001-38;9223-040
0372-16;NO-SKIVE 25.4MM (1) DN25 COMPACT 4SP W.P. 280 BAR;Parker;372-16;39.7;9122-16-316L;HG-150;PG-138;SG-155;FS-F-28,9125-25;9121-040;TEXS47;19001-45;9223-045
0372TC-06;NO-SKIVE 9.5MM (3/8) DN10 T.C. COMPACT W.P. 445 BAR;Parker;372TC-6;21.4;9122-06-316L;HG-075;PG-075;SG-097;FS-F-16,9125-10;9121-020;TEXS27;19001-27;9223-030
0372TC-08;NO-SKIVE 12.7MM (1/2) DN12 T.C. COMPACT W.P. 415 BAR;Parker;372TC-8;24.6;9122-08-316L;HG-100;PG-088;SG-106;FS-F-18,9125-13;9121-025;TEXS31;19001-30;9223-030
0372TC-10;NO-SKIVE 15.9MM (5/8) DN16 T.C. COMPACT W.P. 350 BAR;Parker;372TC-10;28.2;9122-10-316L;HG-100;PG-100;SG-122;FS-F-20,9125-16;9121-032;TEXS36;19001-35;9223-035
0372TC-12;NO-SKIVE 19.1MM (3/4) DN20 T.C. COMPACT W.P. 350 BAR;Parker;372TC-12;32.2;9122-12-316L;HG-125;PG-119;SG-131;FS-F-22,9125-19;9121-032;TEXS40;19001-38;9223-040
0372TC-16;NO-SKIVE 25.4MM (1) DN25 T.C. COMPACT W.P. 280 BAR;Parker;372TC-16;39.7;9122-16-316L;HG-150;PG-138;SG-155;FS-F-28,9125-25;9121-040;TEXS47;19001-45;9223-045
0387-04;NO-SKIVE 6.3MM (1/4) DN06 T.C. COMP. SPIRAL W.P. 21.0 MPa;Parker;387-4;13.4;9122-04-316L;HG-075;PG-062;SG-060;FS-F-10,9125-06;9121-016;TEXS20;;9223-019
0387-06;NO-SKIVE 9.5MM (3/8) DN10 COMP. SPIRAL W.P. 21.0 MPa;Parker;387-6;17.4;9122-06-316L;HG-075;PG-075;SG-072;FS-F-12,9125-10;9121-020;TEXS23;19001-24;9223-023
0387-08;NO-SKIVE 12.7MM (1/2) DN12 COMP. SPIRAL W.P. 21.0 MPa;Parker;387-8;20.7;9122-08-316L;HG-125;PG-088;SG-084;FS-F-14,9125-13;9121-020;TEXS27;19001-27;9223-030
0387-10;NO-SKIVE 15.9 MM (5/8) DN16 COMP. SPIRAL W.P. 21.0 MPa;Parker;387-10;23.9;9122-10-316L;HG-125;PG-100;SG-097;FS-F-16,9125-16;9121-025;TEXS31;19001-30;9223-030
0387-12;NO-SKIVE 19.1MM (3/4) DN20 COMP. SPIRAL W.P. 21.0 MPa;Parker;0387-12;27.8;9122-12-316L;;;;9125-19;9121-025;TEXS33;19001-35;9223-035
0387-16;NO-SKIVE 25.4MM (1) DN25 COMP. SPIRAL W.P. 21.0 MPa;Parker;387-16;35.4;9122-16-316L;HG-150;PG-188;SG-155;FS-F-24,9125-25;9121-040;TEXS44;19001-45;9223-044
0387-20;NO-SKIVE 31.8MM (1-1/4) DN32 COMP. SPIRAL W.P. 21.0 MPa;Parker;387-20;46.3;9122-20-316L;HG-200;PG-188;SG-182;FS-F-30,9125-32;9121-050;TEXS53;19001-52;9223-053
0387ST-04;NO-SKIVE 6.4MM (1/4) DN06 S.T. COMP. SPIRAL W.P. 21.0 MPa;Parker;387ST-4;13.4;9122-04-316L;HG-075;PG-062;SG-060;FS-F-10,9125-06;9121-016;TEXS20;;9223-019
0387ST-06;NO-SKIVE 9.5MM (3/8) DN10 S.T. COMP. SPIRAL W.P. 21.0 MPa;Parker;387ST-6;17.4;9122-06-316L;HG-075;PG-075;SG-072;FS-F-12,9125-10;9121-020;TEXS23;19001-24;9223-023
0387ST-08;NO-SKIVE 12.0MM (1/2) DN12 S.T. COMP. SPIRAL W.P. 21.0 MPa;Parker;387ST-8;20.7;9122-08-316L;HG-125;PG-088;SG-084;FS-F-14,9125-13;9121-020;TEXS27;19001-27;9223-030
0387ST-10;NO-SKIVE 16 MM (5/8) DN16 COMP. SPIRAL W.P. 21.0 MPa;Parker;387ST-10;23.9;9122-10-316L;HG-125;PG-100;SG-097;FS-F-16,9125-16;9121-025;TEXS31;19001-30;9223-030
0387ST-12;NO-SKIVE 19.1MM (3/4) DN20 COMP. SPIRAL W.P. 21.0 MPa;Parker;387ST-12;27.8;9122-12-316L;HG-125;PG-119;SG-113;FS-F-20,9125-19;9121-025;TEXS33;19001-35;9223-035
0387ST-16;NO-SKIVE 25.4MM (1) DN25 S.T. CLOBALCORE W.P. 210 BAR;Parker;387ST-16;35.4;9122-16-316L;HG-150;PG-188;SG-155;FS-F-24,9125-25;9121-040;TEXS44;19001-45;9223-044
0387ST-20;NO-SKIVE 31.8MM (11/4) DN31 S.T. CLOBALCORE W.P. 210 BAR;Parker;387ST-20;46.3;9122-20-316L;HG-200;PG-188;SG-182;FS-F-30,9125-32;9121-050;TEXS53;19001-52;9223-053
0387ST-24;NO-SKIVE 38.1MM (11/2) DN38 COMP. SPIRAL W.P. 21.0 MPa;Parker;387ST-24;52.8;9122-24-316L;HG-350;PG-188;SG-209;FS-F-38,9125-38;9121-050;TEXS60;;
0387ST-32;NO-SKIVE 50.8 MM (2) DN51 S.T. CLOBALCORE W.P. 210 BAR;Parker;387ST-32;66.2;9122-32-316L;HG-350;PG-188;SG-292;FS-F-48,9125-51;9121-075;TEXS73;19001-75;9223-072
0387TC-04;NO-SKIVE 6.3MM (1/4) DN06 T.C. COMP. SPIRAL W.P. 21.0 MPa;Parker;387TC-4;13.4;9122-04-316L;HG-075;PG-062;SG-060;FS-F-10,9125-06;9121-016;TEXS20;;9223-019
0387TC-06;NO-SKIVE 9.5MM (3/8) DN10 T.C. COMP. SPIRAL W.P. 21.0 MPa;Parker;387TC-6;17.4;9122-06-316L;HG-075;PG-075;SG-072;FS-F-12,9125-10;9121-020;TEXS23;19001-24;9223-023
0387TC-08;NO-SKIVE 12.7MM (1/2) DN12 T.C. COMP. SPIRAL W.P. 21.0 MPa;Parker;387TC-8;20.7;9122-08-316L;HG-125;PG-088;SG-084;FS-F-14,9125-13;9121-020;TEXS27;19001-27;9223-030
0387TC-10;NO-SKIVE 15.9MM (5/8) DN16 T.C. COMP. SPIRAL W.P. 21.0 MPa;Parker;387TC-10;23.9;9122-10-316L;HG-125;PG-100;SG-097;FS-F-16,9125-16;9121-025;TEXS31;19001-30;9223-030
0387TC-12;NO-SKIVE 19.1MM (3/4) DN20 COMP. SPIRAL W.P. 21.0 MPa;Parker;387TC-12;27.8;9122-12-316L;HG-125;PG-119;SG-113;FS-F-20,9125-19;9121-025;TEXS33;19001-35;9223-035
0387TC-16;NO-SKIVE 25.4MM (1) DN25 T.C. COMP. SPIRAL W.P. 21.0 MPa;Parker;387TC-16;35.4;9122-16-316L;HG-150;PG-188;SG-155;FS-F-24,9125-25;9121-040;TEXS44;19001-45;9223-044
0387TC-20;NO-SKIVE 31.8MM (1-1/4) DN32 T.C. COMP. SPIRAL W.P. 21.0 MPa;Parker;387TC-20;46.3;9122-20-316L;HG-200;PG-188;SG-182;FS-F-30,9125-32;9121-050;TEXS53;19001-52;9223-053
0387TC-24;NO-SKIVE 38.1MM (1-1/2) DN38 T.C. COMP. SPIRAL W.P. 21.0 MPa;Parker;387TC-24;52.8;9122-24-316L;HG-350;PG-188;SG-209;FS-F-38,9125-38;9121-050;TEXS60;;
0387TC-32;NO-SKIVE 50.8MM (2) DN50 T.C. COMP. SPIRAL W.P. 21.0 MPa;Parker;387TC-32;66.2;9122-32-316L;HG-350;PG-188;SG-292;FS-F-48,9125-51;9121-075;TEXS73;19001-75;9223-072
0412-03;NO-SKIVE 4.6MM (3/16) DN05 PILOTHOSE 1 WIRE W.P. 120 BAR;Parker;412-3;9.1;;;;;;9121-012;TEXS17;;9223-017
0412-04;NO-SKIVE 6.3MM (1/4) DN06 PILOTHOSE 1 WIRE W.P. 120 BAR 412;Parker;412-4;11;9122-04-316L;;;;9125-06;9121-012;TEXS17;;9223-017
0421-04;301SN NO-SKIVE 6.3MM (1/4) DN06 R2AT W.P. 400 BAR;Parker;301SN-4;15;9122-04-316L;;PG-050;SG-066;FS-F-11,9125-06;9121-016;TEXS20;19001-24;9223-022
0421-05;301SN NO-SKIVE 7.9MM (5/16) DN08 R2AT W.P. 350 BAR;Parker;301SN-5;16.6;9122-05-316L;;PG-062;SG-072;FS-F-12,9125-08;9121-016;TEXS23;19001-24;9223-022
0421-06;301SN NO-SKIVE 9.5MM (3/8) DN10 R2AT W.P. 330 BAR;Parker;301SN-6;19;9122-06-316L;HG-075;PG-075;SG-084;FS-F-14,9125-10;9121-020;TEXS25;19001-24;9223-023
0421-08;301SN NO-SKIVE 12.7MM (1/2) DN12 R2AT 2SN W.P. 275 BAR;Parker;301SN-8;22.2;9122-08-316L;HG-075;PG-088;SG-097;FS-F-18,9125-13;9121-025;TEXS31;19001-30;9223-030
0421-10;301SN NO-SKIVE 15.9MM (5/8) DN16 R2AT W.P. 250 BAR;Parker;301SN-10;25.4;9122-10-316L;HG-100;PG-100;SG-106;FS-F-18,9125-16;9121-025;TEXS31;19001-32;9223-032
0421-12;301SN NO-SKIVE 19.1MM (3/4) DN20 R2AT W.P. 215 BAR;Parker;301SN-12;29.3;9122-12-316L;HG-100;PG-100;SG-122;FS-F-20,9125-19;9121-032;TEXS36;19001-35;9223-035
0421-16;301SN NO-SKIVE 25.4MM (1) DN25 R2AT W.P. 165 BAR;Parker;301SN-16;38.1;9122-16-316L;HG-150;PG-138;SG-155;FS-F-28,9125-25;9121-040;TEXS44;19001-45;9223-044
0421-20;301SN NO-SKIVE 31.8MM (1-1/4) DN32 R2AT W.P. 125 BAR;Parker;301SN-20;47.5;9122-20-316L;HG-150;PG-188;SG-209;FS-F-38,9125-32;9121-050;TEXS53;19001-55;9223-053
0421-24;301SN NO-SKIVE 38.1MM (1-1/2) DN40 R2AT W.P. 90 BAR;Parker;301SN-24;55;9122-24-316L;HG-200;PG-188;SG-232;FS-F-38,9125-38;9121-050;TEXS60;;
0421-32;301SN NO-SKIVE 50.8MM (2) DN50 R2AT W.P. 80 BAR;Parker;301SN-32;67;9122-32-316L;HG-200;PG-188;SG-292;FS-F-48,9125-51;9121-075;TEXS73;19001-75;9223-072
0422-06;3SC HOSE 9.5MM (3/8) DN10 COMPACT W.P. 500 BAR;Interpump;THE003K-06;18.8;9122-06-316L;;;;9125-10;9121-020;TEXS25;19001-24;9223-023
0422-08;3SK HOSE 12.7MM (1/2) DN12 COMPACT W.P. 475 BAR;Interpump;THE003K-08;22.4;9122-08-316L;;;;9125-13;9121-025;TEXS31;19001-30;9223-030
0422-10;3SK HOSE 15.9MM (5/8) DN16 COMPACT W.P. 420 BAR;Interpump;THE003K-10;25.8;9122-10-316L;;;;9125-16;9121-025;TEXS31;19001-32;9223-032
0422-12;3SK HOSE 19.0MM (3/4) DN20 COMPACT W.P. 380 BAR;Interpump;THE003K-12;29.7;9122-12-316L;;;;9125-19;9121-032;TEXS36;19001-35;9223-035
0422-16;3SK HOSE 25.4MM (1) DN25 COMPACT W.P. 315 BAR;Interpump;THE003K-16;38.8;9122-16-316L;;;;9125-25;9121-040;TEXS44;19001-45;9223-044
0422-56;4SK HOSE (31/2) DN89 COMPACT W.P.80 BAR;Hydrasun;H10091089;;;;;;9125-89;;;;
0422-64;4SK HOSE 102MM (4) DN102 COMPACT W.P. 35 BAR;Hydrasun;H10091102MWC9;;;;;;9125-102;;;;
0424-04;NO-SKIVE LONGLIFE 2SC DN06 W.P. 430 BAR;Interpump;THE202K-04;13.3;9122-04-316L;;;;9125-06;9121-016;TEXS20;;9223-019
0424-05;NO-SKIVE LONGLIFE 2SC DN08 W.P. 400 BAR;Interpump;THE202K-05;14.8;9122-05-316L;;;;9125-08;9121-016;TEXS20;19001-24;9223-022
0424-06;NO-SKIVE LONGLIFE 2SC DN10 W.P. 350 BAR;Interpump;THE202K-06;17.1;9122-06-316L;;;;9125-10;9121-020;TEXS23;19001-24;9223-023
0424-08;NO-SKIVE LONGLIFE 2SC DN12 W.P. 310 BAR;Interpump;THE202K-08;20.4;9122-08-316L;;;;9125-13;9121-020;TEXS27;19001-27;9223-030
0424-10;NO-SKIVE LONGLIFE 2SC DN16 W.P. 280 BAR;Interpump;THE202K-10;23.5;9122-10-316L;;;;9125-16;9121-025;TEXS31;19001-30;9223-030
0424-12;NO-SKIVE LONGLIFE 2SC DN20 W.P. 240 BAR;Interpump;THE202K-12;27.6;9122-12-316L;;;;9125-19;9121-025;TEXS33;19001-35;9223-035
0424-16;NO-SKIVE LONGLIFE 2SC DN25 W.P. 185 BAR;Interpump;THE202K-16;35.8;9122-16-316L;;;;9125-25;9121-040;TEXS44;19001-45;9223-044
0424-20;NO-SKIVE LONGLIFE 2SC DN32 W.P. 160 BAR;Interpump;THE202K-20;43.1;9122-20-316L;;;;9125-32;9121-040;TEXS53;19001-52;9223-053
0424-24;NO-SKIVE LONGLIFE 2SC DN40 W.P. 150 BAR;Interpump;THE202K-24;50.6;9122-24-316L;;;;9125-38;9121-050;TEXS60;;9223-056
0424-32;NO-SKIVE LONGLIFE 2SC DN50 W.P. 100 BAR;Interpump;THE202K-32;63.5;9122-32-316L;;;;9125-51;9121-050;TEXS73;19001-70;9223-072
0424-40;NO-SKIVE LONGLIFE 2SC DN63 W.P. 80 BAR;Interpump;THE202K-40;75.6;9122-40-316L;;;;9125-64;9121-075;TEXS85;19001-85;
0424-48;NO-SKIVE LONGLIFE 2SC DN76 W.P. 65 BAR;Interpump;THE202K-48;88;;;;;9125-76;9121-075;TEXS93;;9223-094
0425-03;NO-SKIVE 4.8MM (3/16) DN05 SAE100R2AT 2SN W.P. 415 BAR;Interpump;TFD0021-03;12.8;;;;;;9121-012;TEXS20;;9223-019
0425-04;NO-SKIVE 6.3MM (1/4) DN06 SAE100R2AT 2SN W.P. 400 BAR;Interpump;TFD2022-04;14.3;9122-04-316L;;;;9125-06;9121-016;TEXS20;19001-24;9223-022
0425-05;NO-SKIVE 7.9MM (5/16) DN08 SAE100R2AT 2SN W.P. 350 BAR;Interpump;TFD2022-05;15.9;9122-05-316L;;;;9125-08;9121-016;TEXS23;19001-24;9223-022
0425-06;NO-SKIVE 9.5MM (3/8) DN10 SAE100R2AT 2SN W.P. 330 BAR;Interpump;TFD2022-06;18.5;9122-06-316L;;;;9125-10;9121-020;TEXS25;19001-24;9223-023
0425-08;NO-SKIVE 12.7MM (1/2) DN12 SAE100R2AT 2SN W.P. 275 BAR;Interpump;TFD2022-08;21.5;9122-08-316L;;;;9125-13;9121-020;TEXS27;19001-27;9223-030
0425-10;NO-SKIVE 15.9MM (5/8) DN16 SAE100R2AT 2SN W.P. 250 BAR;Interpump;TFD2022-10;24.7;9122-10-316L;;;;9125-16;9121-025;TEXS31;19001-30;9223-030
0425-12;NO-SKIVE 19.1MM (3/4) DN20 SAE100R2AT 2SN W.P. 215 BAR;Interpump;TFD2022-12;28.8;9122-12-316L;;;;9125-19;9121-032;TEXS36;19001-35;9223-035
0425-16;NO-SKIVE 25.4MM (1) DN25 SAE100R2AT 2SN W.P. 165 BAR;Interpump;TFD2022-16;37.2;9122-16-316L;;;;9125-25;9121-040;TEXS44;19001-45;9223-044
0425-20;NO-SKIVE 31.8MM (1-1/4) DN32 SAE100R2AT 2SN W.P. 125 BAR;Interpump;TFD0022-20;46.5;9122-20-316L;;;;9125-32;9121-050;TEXS53;19001-52;9223-053
0425-24;NO-SKIVE 38.1MM (1-1/2) DN40 SAE100R2AT 2SN W.P. 90 BAR;Interpump;TFD0022-24;53.1;9122-24-316L;;;;9125-38;9121-050;TEXS60;;
0425-32;NO-SKIVE 50.8MM (2) DN50 SAE100R2AT 2SN W.P. 80 BAR;Interpump;TFD0021-32;65.8;9122-32-316L;;;;9125-51;9121-075;TEXS73;19001-75;9223-072
0426-04;NO-SKIVE 6.3MM (1/4) DN06 SAE100R1AT W.P. 192 BAR BLUE 426-4;Parker;426-4-RL;13.4;9122-04-316L;;PG-050;SG-060;FS-F-10,9125-06;9121-016;TEXS20;;9223-019
0426-06;NO-SKIVE 9.5MM (3/8) DN10 SAE100R1AT W.P. 157 BAR BLUE 426-6;Parker;426-6-RL;17.4;9122-06-316L;;PG-062;SG-072;FS-F-14,9125-10;9121-020;TEXS23;19001-24;9223-023
0426-08;NO-SKIVE 12.7MM (1/2) DN12 SAE100R1AT W.P. 140 BAR BLUE 426-;Parker;426-8-RL;20.7;9122-08-316L;HG-075;PG-075;SG-084;FS-F-16,9125-13;9121-020;TEXS27;19001-27;9223-030
0426-10;NO-SKIVE 15.9MM (5/8) DN16 SAE100R1AT W.P. 105 BAR BLUE 426-;Parker;426-10-RL;23.9;9122-10-316L;HG-075;PG-088;SG-097;FS-F-18,9125-16;9121-025;TEXS31;19001-30;9223-030
0426-12;NO-SKIVE 19.1MM (3/4) DN20 SAE100R1AT W.P. 87 BAR BLUE 426-1;Parker;426-12-RL;27.8;9122-12-316L;HG-100;PG-100;SG-113;FS-F-20,9125-19;9121-025;TEXS33;19001-35;9223-035
0426-16;NO-SKIVE 25.4MM (1) DN25 SAE100R1AT W.P. 70 BAR BLUE 426-16-;Parker;426-16;35.8;9122-16-316L;HG-125;PG-138;SG-155;FS-F-24,9125-25;9121-040;TEXS44;19001-45;9223-044
0426-20;NO-SKIVE 31.8MM (1-1/4) DN32 SAE100R1AT W.P. 43 BAR BLUE 426;Parker;426-20;44.8;9122-20-316L;HG-150;PG-138;SG-182;FS-F-32,9125-32;9121-050;TEXS53;19001-52;9223-053
0426-24;NO-SKIVE 38.1MM (1-1/2) DN40 SAE100R1AT W.P. 35 BAR BLUE 426;Parker;426-24;51.1;9122-24-316L;HG-200;PG-188;SG-209;FS-F-38,9125-38;9121-050;TEXS60;;
0426-32;NO-SKIVE 50.8MM (2) DN50 SAE100R1AT W.P. 26 BAR BLUE 426-32;Parker;426-32;64;9122-32-316L;HG-200;PG-188;SG-270;FS-F-48,9125-51;9121-050;TEXS73;19001-70;9223-072
0427-04;MTR SLANG JACKMASTER;Polimer Kaucuk;H320006073;;9122-04-316L;;;;9125-06;;;;
0427-04M;MTR SLANG JACKMASTER MANULI;Manuli;0427-04;;9122-04-316L;;;;9125-06;;;;
0427-06;MTR SLANG JACKMASTER;Manuli;0427-06;;9122-06-316L;;;;9125-10;;;;
0428-04;NO-SKIVE 6.3MM (1/4) DN06 SAE100R2A 2SN W.P. 400 BAR;Interpump;TFD0022-04;14.3;9122-04-316L;;;;9125-06;9121-016;TEXS20;19001-24;9223-022
0428-05;NO-SKIVE 7.9MM (5/16) DN08 SAE100R2A 2SN W.P. 350 BAR;Interpump;TFD0022-05;15.9;9122-05-316L;;;;9125-08;9121-016;TEXS23;19001-24;9223-022
0428-06;NO-SKIVE 9.5MM (3/8) DN10 SAE100R2A 2SN W.P. 330 BAR;Interpump;TFD0022-06;18.5;9122-06-316L;;;;9125-10;9121-020;TEXS25;19001-24;9223-023
0428-08;NO-SKIVE 12.7MM (1/2) DN12 SAE100R2A 2SN W.P. 275 BAR;Interpump;TFD0022-08;21.5;9122-08-316L;;;;9125-13;9121-020;TEXS27;19001-27;9223-030
0428-10;NO-SKIVE 15.9MM (5/8) DN16 SAE100R2A 2SN W.P. 250 BAR;Interpump;TFD0022-10;24.7;9122-10-316L;;;;9125-16;9121-025;TEXS31;19001-30;9223-030
0428-12;NO-SKIVE 19.1MM (3/4) DN20 SAE100R2A 2SN W.P. 215 BAR;Interpump;TFD0022-12;28.8;9122-12-316L;;;;9125-19;9121-032;TEXS36;19001-35;9223-035
0429-04;NO-SKIVE 6.3MM (1/4) DN06 COMPACT 2SC W.P. 400 BAR;Interpump;TFE202K-04;13.3;9122-04-316L;;;;9125-06;9121-016;TEXS20;;9223-019
0429-05;NO-SKIVE 8.0MM (5/16) DN08 COMPACT 2SC W.P. 350 BAR;Interpump;TFE202K-05;14.8;9122-05-316L;;;;9125-08;9121-016;TEXS20;19001-24;9223-022
0429-06;NO-SKIVE 9.5MM (3/8) DN10 COMPACT 2SC W.P. 330 BAR;Interpump;TFE202K-06;17.1;9122-06-316L;;;;9125-10;9121-020;TEXS23;19001-24;9223-023
0429-08;NO-SKIVE 12.7MM (1/2) DN12 COMPACT 2SC W.P. 275 BAR;Interpump;TFE202K-08;20.4;9122-08-316L;;;;9125-13;9121-020;TEXS27;19001-27;9223-030
0429-10;NO-SKIVE 15.9MM (5/8) DN16 COMPACT 2SC.W.P.250 BAR;Interpump;TFE202K-10;23.5;9122-10-316L;;;;9125-16;9121-025;TEXS31;19001-30;9223-030
0429-12;NO-SKIVE 19.1MM (3/4) DN20 COMPACT 2SC.W.P.215 BAR;Interpump;TFE202K-12;27.6;9122-12-316L;;;;9125-19;9121-025;TEXS33;19001-35;9223-035
0429-16;NO-SKIVE 25.4MM (1) DN25 COMPACT 2SC W.P. 165 BAR;Interpump;TFE202K-16;35.8;9122-16-316L;;;;9125-25;9121-040;TEXS44;19001-45;9223-044
0436-06;NO-SKIVE 9.5MM (3/8) DN10 SAE100R16 W.P. 275 BAR BLUE 436-6-;Parker;436-6-BLU-RL;17;9122-06-316L;;PG-062;SG-072;FS-F-14,9125-10;9121-016;TEXS23;19001-24;9223-022
0436-08;NO-SKIVE 12.7MM (1/2) DN12 SAE100R16 W.P. 240 BAR BLUE 436-8;Parker;436-8-BLU-RL;20;9122-08-316L;HG-075;PG-075;SG-084;FS-F-16,9125-13;9121-020;TEXS27;19001-27;9223-030
0436-10;NO-SKIVE 15.9MM (5/8) DN16 SAE100R16 W.P. 190 BAR BLUE;Parker;436-10-BLU-RL;24;9122-10-316L;HG-075;PG-088;SG-097;FS-F-18,9125-16;9121-025;TEXS31;19001-30;9223-030
0436-12;NO-SKIVE 19.1MM (3/4) DN20 SAE100R16 W.P. 155 BAR BLUE 436-1;Parker;436-12-BLU-RL;28;9122-12-316L;HG-100;PG-100;SG-113;FS-F-20,9125-19;9121-025;TEXS33;19001-35;9223-035
0436-16;NO-SKIVE 25.4MM (1) DN25 SAE100R16 W.P. 138 BAR BLUE 436-16-;Parker;436-16-BLU-RL;36;9122-16-316L;HG-125;PG-138;SG-155;FS-F-24,9125-25;9121-040;TEXS44;19001-45;9223-044
0461LT-04;NO-SKIVE 6.3MM (1/4) DN06 L.T. COMPACT 2SC W.P. 425 BAR;Parker;461LT-4;13;9122-04-316L;;PG-050;SG-060;FS-F-10,9125-06;9121-012;TEXS20;;9223-019
0461LT-05;NO-SKIVE 7.9MM (5/16) DN08 L.T. COMPACT 2SC W.P. 400 BAR;Parker;461LT-5;15;9122-05-316L;;PG-050;SG-066;FS-F-11,9125-08;9121-016;TEXS20;19001-24;9223-022
0461LT-06;NO-SKIVE 9.5MM (3/8) DN10 L.T. COMPACT 2SC W.P. 350 BAR;Parker;461LT-6;17;9122-06-316L;;PG-062;SG-072;FS-F-14,9125-10;9121-016;TEXS23;19001-24;9223-022
0461LT-08;NO-SKIVE 12.7MM (1/2) DN12 L.T. COMPACT 2SC W.P. 310 BAR;Parker;461LT-8;21;9122-08-316L;HG-075;PG-075;SG-084;FS-F-16,9125-13;9121-020;TEXS27;19001-27;9223-030
0461LT-10;NO-SKIVE 15.9MM (5/8) DN16 L.T. COMPACT 2SC W.P. 280 BAR;Parker;461LT-10;24;9122-10-316L;HG-075;PG-088;SG-097;FS-F-18,9125-16;9121-025;TEXS31;19001-30;9223-030
0461LT-12;NO-SKIVE 19.1MM (3/4) DN20 L.T. COMPACT 2SC W.P. 280 BAR;Parker;461LT-12;28;9122-12-316L;HG-100;PG-100;SG-113;FS-F-20,9125-19;9121-025;TEXS33;19001-35;9223-035
0461LT-16;NO-SKIVE 25.4MM (1) DN25 L.T. COMPACT 2SC W.P. 210 BAR;Parker;461LT-16;35;9122-16-316L;HG-125;PG-138;SG-155;FS-F-24,9125-25;9121-040;TEXS40;19001-40;9223-040
0462-04;NO-SKIVE 6.3MM (1/4) DN06 COMPACT 2SC W.P. 425 BAR 462-4;Parker;462-4;13.4;9122-04-316L;;PG-050;SG-060;FS-F-10,9125-06;9121-016;TEXS20;;9223-019
0462-05;NO-SKIVE 7.9MM (5/16) DN08 COMPACT 2SC W.P. 400 BAR 462-5;Parker;462-5;15;9122-05-316L;;PG-050;SG-066;FS-F-11,9125-08;9121-016;TEXS20;19001-24;9223-022
0462-05-05;NO-SKIVE 7.9MM (5/16) DN08 COMPACT 2SC W.P. 400 BAR TWIN 462;Parker;462-5-5;15;9122-05-316L;;PG-050;SG-066;FS-F-11,9125-08;9121-016;TEXS20;19001-24;9223-022
0462-06;NO-SKIVE 9.5MM (3/8) DN10 COMPACT 2SC W.P. 350 BAR 462-6;Parker;462-6;17.2;9122-06-316L;;PG-062;SG-072;FS-F-14,9125-10;9121-020;TEXS23;19001-24;9223-023
0462-06-06;NO-SKIVE 9.5MM (3/8) DN10 COMPACT 2SC W.P. 350 BAR TWIN 461-;Parker;462-6-6;17.2;9122-06-316L;;PG-062;SG-072;FS-F-14,9125-10;9121-020;TEXS23;19001-24;9223-023
0462-08;NO-SKIVE 12.7MM (1/2) DN12 COMPACT 2SC W.P. 310 BAR 462-8;Parker;462-8;20.4;9122-08-316L;HG-075;PG-075;SG-084;FS-F-16,9125-13;9121-020;TEXS27;19001-27;9223-030
0462-08-08;NO-SKIVE 12.7MM (1/2) DN12 COMPACT 2SC W.P. 310 BAR TWIN 461;Parker;462-8-8;20.4;9122-08-316L;HG-075;PG-075;SG-084;FS-F-16,9125-13;9121-020;TEXS27;19001-27;9223-030
0462-10;NO-SKIVE 15.9MM (5/8) DN16 COMPACT 2SC W.P. 280 BAR 462-10;Parker;462-10;23.9;9122-10-316L;HG-075;PG-088;SG-097;FS-F-18,9125-16;9121-025;TEXS31;19001-30;9223-030
0462-12;NO-SKIVE 19.1MM (3/4) DN20 COMPACT 2SC W.P. 280 BAR 462-12;Parker;462-12;27.7;9122-12-316L;HG-100;PG-100;SG-113;FS-F-20,9125-19;9121-025;TEXS33;19001-35;9223-035
0462-16;NO-SKIVE 25.4MM (1) DN25 COMPACT 2SC W.P. 210 BAR 462-16;Parker;462-16;35.4;9122-16-316L;HG-125;PG-138;SG-155;FS-F-24,9125-25;9121-040;TEXS44;19001-45;9223-044
0462-20;NO-SKIVE 31.8MM (1-1/4) DN32 COMPACT 2SC W.P. 172 BAR 462-20;Parker;462-20;45.1;9122-20-316L;HG-150;PG-138;SG-182;FS-F-32,9125-32;9121-050;TEXS53;19001-52;9223-053
0462PU-04;NO-SKIVE 6.3MM (1/4) DN06 PU COMPACT 2SC W.P. 425 BAR;Parker;462PU-4;13.4;9122-04-316L;;PG-050;SG-060;FS-F-10,9125-06;9121-016;TEXS20;;9223-019
0462PU-04-04;NO-SKIVE 6.3MM (1/4) DN06 PU COMPACT 2SC W.P. 425 BAR TWIN;Parker;462PU-4-4;13.4;9122-04-316L;;PG-050;SG-060;FS-F-10,9125-06;9121-016;TEXS20;;9223-019
0462PU-05;NO-SKIVE 7.9MM (5/16) DN08 PU COMPACT 2SC W.P. 400 BAR;Parker;462PU-5;15;9122-05-316L;;PG-050;SG-066;FS-F-11,9125-08;9121-016;TEXS20;19001-24;9223-022
0462PU-05-05;NO-SKIVE 7.9MM (5/16) DN08 PU COMPACT 2SC W.P. 400 BAR TWIN;Parker;462PU-5-5;15;9122-05-316L;;PG-050;SG-066;FS-F-11,9125-08;9121-016;TEXS20;19001-24;9223-022
0462PU-06;NO-SKIVE 9.5MM (3/8) DN10 PU COMPACT 2SC W.P. 350 BAR;Parker;462PU-6;17.2;9122-06-316L;;PG-062;SG-072;FS-F-14,9125-10;9121-020;TEXS23;19001-24;9223-023
0462PU-06-06;NO-SKIVE 9.5MM (3/8) DN10 PU COMPACT 2SC W.P. 350 BAR TWIN;Parker;462PU-6-6;17.2;9122-06-316L;;PG-062;SG-072;FS-F-14,9125-10;9121-020;TEXS23;19001-24;9223-023
0462PU-08;NO-SKIVE 12.7MM (1/2) DN12 PU COMPACT 2SC W.P. 310 BAR;Parker;462PU-8;20.4;9122-08-316L;HG-075;PG-075;SG-084;FS-F-16,9125-13;9121-020;TEXS27;19001-27;9223-030
0462PU-08-08;NO-SKIVE 12.7MM (1/2) DN12 PU COMPACT 2SC W.P. 310 BAR TWIN;Parker;462PU-8-8;20.4;9122-08-316L;HG-075;PG-075;SG-084;FS-F-16,9125-13;9121-020;TEXS27;19001-27;9223-030
0462PU-10;NO-SKIVE 15.9MM (5/8) DN16 PU COMPACT 2SC W.P. 280 BAR;Parker;462PU-10;23.9;9122-10-316L;HG-075;PG-088;SG-097;FS-F-18,9125-16;9121-025;TEXS31;19001-30;9223-030
0462ST-04;NO-SKIVE 6.3MM (1/4) DN06 S.T. COMPACT 2SC W.P. 425 BAR 462S;Parker;462ST-4;13.4;9122-04-316L;;PG-050;SG-060;FS-F-10,9125-06;9121-016;TEXS20;;9223-019
0462ST-05;NO-SKIVE 7.9MM (5/16) DN08 S.T. COMPACT 2SC W.P. 400 BAR 462;Parker;462ST-5;15;9122-05-316L;;PG-050;SG-066;FS-F-11,9125-08;9121-016;TEXS20;19001-24;9223-022
0462ST-06;NO-SKIVE 9.5MM (3/8) DN10 S.T. COMPACT 2SC W.P. 350 BAR 462S;Parker;462ST-6;17.2;9122-06-316L;;PG-062;SG-072;FS-F-14,9125-10;9121-020;TEXS23;19001-24;9223-023
0462ST-08;NO-SKIVE 12.7MM (1/2) DN12 S.T. COMPACT 2SC W.P. 310 BAR 462;Parker;462ST-8;20.4;9122-08-316L;HG-075;PG-075;SG-084;FS-F-16,9125-13;9121-020;TEXS27;19001-27;9223-030
0462ST-10;NO-SKIVE 15.9MM (5/8) DN16 S.T. COMPACT 2SC W.P. 280 BAR 462;Parker;462ST-10;23.9;9122-10-316L;HG-075;PG-088;SG-097;FS-F-18,9125-16;9121-025;TEXS31;19001-30;9223-030
0462ST-12;NO-SKIVE 19.1MM (3/4) DN20 S.T. COMPACT 2SC W.P. 280 BAR 462;Parker;462ST-12;27.7;9122-12-316L;HG-100;PG-100;SG-113;FS-F-20,9125-19;9121-025;TEXS33;19001-35;9223-035
0462ST-16;NO-SKIVE 25.4MM (1) DN25 S.T. COMPACT 2SC W.P. 210 BAR 462ST;Parker;462ST-16;35.4;9122-16-316L;HG-125;PG-138;SG-155;FS-F-24,9125-25;9121-040;TEXS44;19001-45;9223-044
0462ST-20;NO-SKIVE 31.8MM (1-1/4) DN32 S.T. COMPACT 2SC W.P. 172 BAR 4;Parker;462ST-20;45.1;9122-20-316L;HG-150;PG-138;SG-182;FS-F-32,9125-32;9121-050;TEXS53;19001-52;9223-053
0462TC-04;NO-SKIVE 6.3MM (1/4) DN06 T.C. COMPACT 2SC W.P. 425 BAR 462T;Parker;462TC-4;13.4;9122-04-316L;;PG-050;SG-060;FS-F-10,9125-06;9121-016;TEXS20;;9223-019
0462TC-05;NO-SKIVE 7.9MM (5/16) DN08 T.C. COMPACT 2SC W.P. 400 BAR 462;Parker;462TC-5;15;9122-05-316L;;PG-050;SG-066;FS-F-11,9125-08;9121-016;TEXS20;19001-24;9223-022
0462TC-06;NO-SKIVE 9.5MM (3/8) DN10 T.C. COMPACT 2SC W.P. 350 BAR 462T;Parker;462TC-6;17.2;9122-06-316L;;PG-062;SG-072;FS-F-14,9125-10;9121-020;TEXS23;19001-24;9223-023
0462TC-08;NO-SKIVE 12.7MM (1/2) DN12 T.C. COMPACT 2SC W.P. 310 BAR 462;Parker;462TC-8;20.4;9122-08-316L;HG-075;PG-075;SG-084;FS-F-16,9125-13;9121-020;TEXS27;19001-27;9223-030
0462TC-10;NO-SKIVE 15.9MM (5/8) DN16 T.C. COMPACT 2SC W.P. 280 BAR 462;Parker;462TC-10;23.9;9122-10-316L;HG-075;PG-088;SG-097;FS-F-18,9125-16;9121-025;TEXS31;19001-30;9223-030
0462TC-12;NO-SKIVE 19.1MM (3/4) DN20 T.C. COMPACT 2SC W.P. 280 BAR 462;Parker;462TC-12;27.7;9122-12-316L;HG-100;PG-100;SG-113;FS-F-20,9125-19;9121-025;TEXS33;19001-35;9223-035
0462TC-16;NO-SKIVE 25.4MM (1) DN25 T.C. COMPACT 2SC W.P. 210 BAR 462TC;Parker;462TC-16;35.4;9122-16-316L;HG-125;PG-138;SG-155;FS-F-24,9125-25;9121-040;TEXS44;19001-45;9223-044
0462TC-20;NO-SKIVE 31.8MM (1-1/4) DN32 T.C. COMPACT 2SC W.P. 172 BAR 4;Parker;462TC-20;45.1;9122-20-316L;HG-150;PG-138;SG-182;FS-F-32,9125-32;9121-050;TEXS53;19001-52;9223-053
0462TC-24;NO-SKIVE 38.1MM (1-1/2) DN38 T.C. COMPACT 2SC W.P. 146 BAR;Parker;462TC-24;52;9122-24-316L;HG-200;PG-188;SG-209;FS-F-38,9125-38;9121-050;TEXS60;;
0462TC-32;NO-SKIVE 50.8MM (2) DN50 T.C. COMPACT 2SC W.P. 112 BAR 462TC;Parker;462TC-32;64;9122-32-316L;HG-200;PG-188;SG-270;FS-F-48,9125-51;9121-050;TEXS73;19001-70;9223-072
0462TC-40;NO-SKIVE 63.5MM (2-1/2) DN63 T.C. COMPACT 2SC W.P. 70 BAR 46;Parker;462TC-40;76;9122-40-316L;;;;9125-64;9121-075;TEXS85;19001-85;
0462TC-48;NO-SKIVE 76.2MM (3) DN75 T.C. COMPACT 2SC W.P. 70 BAR;Parker;462TC-48;87.5;;;;;9125-76;9121-075;TEXS93;;9223-094
0463-05;NO-SKIVE 7.9MM (5/16) DN08 COMPACT 2SC W.P. 400 BAR BLUE 463;Parker;463-5-BLU;15;9122-05-316L;;PG-050;SG-066;FS-F-11,9125-08;9121-016;TEXS20;19001-24;9223-022
0463-06;NO-SKIVE 9.5MM (3/8) DN10 COMPACT 2SC W.P. 400 BAR BLUE 463-;Parker;463-6-BLU-GT80;17.4;9122-06-316L;;PG-062;SG-072;FS-F-14,9125-10;9121-020;TEXS23;19001-24;9223-023
0463-08;NO-SKIVE 12.7MM (1/2) DN12 COMPACT 2SC W.P. 350 BAR BLUE 463;Parker;463-8-BLU;20.6;9122-08-316L;HG-075;PG-075;SG-084;FS-F-16,9125-13;9121-020;TEXS27;19001-27;9223-030
0477-04;NO-SKIVE 6.3MM (1/4) DN10 POWERLIFT W.P. 450 BAR 477-4;Parker;477-4;13.1;9122-04-316L;;;;9125-06;9121-016;TEXS20;;9223-019
0477-05;NO-SKIVE 7.9MM (5/16) DN08 POWERLIFT W.P. 425 BAR 477-5;Parker;477-5;14.9;9122-05-316L;;;;9125-08;9121-016;TEXS20;19001-24;9223-022
0477-06;NO-SKIVE 9.5MM (3/8) DN10 POWERLIFT W.P. 400 BAR 477-6;Parker;477-6;17.2;9122-06-316L;;;;9125-10;9121-020;TEXS23;19001-24;9223-023
0477-08;NO-SKIVE 12.7MM (1/2) DN12 POWERLIFT W.P. 380 BAR 477-8;Parker;477-8;20.4;9122-08-316L;;;;9125-13;9121-020;TEXS27;19001-27;9223-030
0477-10;NO-SKIVE 15.9MM (5/8) DN16 POWERLIFT W.P. 350 BAR 477-10;Parker;477-10;23.4;9122-10-316L;;;;9125-16;9121-025;TEXS31;19001-30;9223-030
0477-12;NO-SKIVE 19.1MM (3/4) DN20 POWERLIFT W.P. 350 BAR 477-12;Parker;477-12;27.2;9122-12-316L;;;;9125-19;9121-025;TEXS33;19001-35;9223-035
0477-16;NO-SKIVE 25.4MM (1) DN25 POWERLIFT W.P. 250 BAR 477-16;Parker;477-16;34.8;9122-16-316L;;;;9125-25;9121-040;TEXS40;19001-40;9223-040
0477TC-04;NO-SKIVE 6.3MM (1/4) DN10 T.C. POWERLIFT W.P. 450 BAR;Parker;477TC-4;13.1;9122-04-316L;;;;9125-06;9121-016;TEXS20;;9223-019
0477TC-05;NO-SKIVE 7.9MM (5/16) DN08 T.C. POWERLIFT W.P. 425 BAR;Parker;477TC-5;14.9;9122-05-316L;;;;9125-08;9121-016;TEXS20;19001-24;9223-022
0477TC-06;NO-SKIVE 9.5MM (3/8) DN10 T.C. POWERLIFT W.P. 400 BAR;Parker;477TC-6;17.2;9122-06-316L;;;;9125-10;9121-020;TEXS23;19001-24;9223-023
0477TC-08;NO-SKIVE 12.7MM (1/2) DN12 T.C. POWERLIFT W.P. 380 BAR;Parker;477TC-8;20.4;9122-08-316L;;;;9125-13;9121-020;TEXS27;19001-27;9223-030
0477TC-10;NO-SKIVE 15.9MM (5/8) DN16 T.C.POWERLIFT W.P. 350 BAR;Parker;477TC-10;23.4;9122-10-316L;;;;9125-16;9121-025;TEXS31;19001-30;9223-030
0477TC-12;NO-SKIVE 19.1MM (3/4) DN20 POWERLIFT W.P. 350 BAR;Parker;477TC-12;27.2;9122-12-316L;;;;9125-19;9121-025;TEXS33;19001-35;9223-035
0477TC-16;NO-SKIVE 25.4MM (1) DN25 T.C. POWERLIFT W.P. 280 BAR;Parker;477TC-16;34.8;9122-16-316L;;;;9125-25;9121-040;TEXS40;19001-40;9223-040
0487-04;NO-SKIVE 6.4MM (1/4) DN06 S.T. GLOBAL . SPIRAL W.P. 28.0 MPa;Parker;487-4;13.1;9122-04-316L;HG-075;PG-062;SG-060;FS-F-10,9125-06;9121-016;TEXS20;;9223-019
0487-08;NO-SKIVE 12.7MM (1/2) DN13. COMP. SPIRAL W.P. 28.0 MPa;Parker;487-08;20.4;9122-08-316L;HG-125;PG-088;SG-084;FS-F-14,9125-13;9121-020;TEXS27;19001-27;9223-030
0487-16;NO-SKIVE 25MM (1) DN25. COMP. SPIRAL W.P. 28.0 MPa;Parker;487-16;37.8;9122-16-316L;HG-150;PG-188;SG-155;FS-F-28,9125-25;9121-040;TEXS44;19001-45;9223-044
0487ST-04;NO-SKIVE 6.4MM (1/4) DN06 S.T. GLOBAL . SPIRAL W.P. 28.0 MPa;Parker;487ST-4;13.1;9122-04-316L;HG-075;PG-062;SG-060;FS-F-10,9125-06;9121-016;TEXS20;;9223-019
0487ST-06;NO-SKIVE 9.5MM (3/8) DN10 T.C. GLOBALCORE W.P. 280 BAR;Parker;487ST-6;17.2;9122-06-316L;HG-075;PG-075;SG-072;FS-F-12,9125-10;9121-020;TEXS23;19001-24;9223-023
0487ST-08;NO-SKIVE 12.7MM (1/2) DN12 S.T. GLOBAL CORE W.P. 280 BAR;Parker;487ST-8;20.4;9122-08-316L;HG-125;PG-088;SG-084;FS-F-14,9125-13;9121-020;TEXS27;19001-27;9223-030
0487ST-10;NO-SKIVE 15.9MM (5/8) DN16 S.T. CLOBALCORE W.P. 280 BAR;Parker;487ST-10;23.9;9122-10-316L;HG-125;PG-100;SG-097;FS-F-16,9125-16;9121-025;TEXS31;19001-30;9223-030
0487ST-12;NO-SKIVE 19.1MM (3/4) DN19 S.T. CLOBALCORE W.P. 280 BAR;Parker;487ST-12;27.8;9122-12-316L;HG-125;PG-119;SG-113;FS-F-20,9125-19;9121-025;TEXS33;19001-35;9223-035
0487ST-16;NO-SKIVE 25.4MM (1) DN25 S.T. CLOBALCORE W.P. 280 BAR;Parker;487ST-16;37.8;9122-16-316L;HG-150;PG-188;SG-155;FS-F-28,9125-25;9121-040;TEXS44;19001-45;9223-044
0487ST-20;NO-SKIVE 31.8 MM (11/4) DN31 S.T. CLOBALCORE W.P. 280 BAR;Parker;487ST-20;46.3;9122-20-316L;HG-200;PG-188;SG-182;FS-F-30,9125-32;9121-050;TEXS53;19001-52;9223-053
0487ST-24;NO-SKIVE 38.1 MM (11/2) DN38 S.T. CLOBALCORE W.P. 280 BAR;Parker;487ST-24;52.8;9122-24-316L;HG-350;PG-188;SG-209;FS-F-38,9125-38;9121-050;TEXS60;;
0487ST-32;NO-SKIVE 50.8 MM (2) DN51 S.T. CLOBALCORE W.P. 280 BAR;Parker;487ST-32;67.3;9122-32-316L;HG-350;PG-188;SG-292;FS-F-48,9125-51;9121-075;TEXS73;19001-75;
0487TC-04;NO-SKIVE 6.4MM (1/4) DN06 T.C. COMP. SPIRAL W.P. 28.0 MPa;Parker;487TC-4;13.1;9122-04-316L;HG-075;PG-062;SG-060;FS-F-10,9125-06;9121-016;TEXS20;;9223-019
0487TC-06;NO-SKIVE 9.5MM (3/8) DN10 T.C. COMP. SPIRAL W.P. 28.0 MPa;Parker;487TC-6;17.2;9122-06-316L;HG-075;PG-075;SG-072;FS-F-12,9125-10;9121-020;TEXS23;19001-24;9223-023
0487TC-08;NO-SKIVE 12.7MM (1/2) DN12 T.C. COMP. SPIRAL W.P. 28.0 MPa;Parker;487TC-8;20.4;9122-08-316L;HG-125;PG-088;SG-084;FS-F-14,9125-13;9121-020;TEXS27;19001-27;9223-030
0487TC-10;NO-SKIVE 15.9MM (5/8) DN16 T.C. GLOBALCORE W.P. 280 BAR;Parker;487TC-10;23.9;9122-10-316L;HG-125;PG-100;SG-097;FS-F-16,9125-16;9121-025;TEXS31;19001-30;9223-030
0487TC-12;NO-SKIVE 19.1MM (3/4) DN20 T.C. COMP. SPIRAL W.P. 28.0 MPa;Parker;487TC-12;27.8;9122-12-316L;HG-125;PG-119;SG-113;FS-F-20,9125-19;9121-025;TEXS33;19001-35;9223-035
0487TC-16;NO-SKIVE 25.4MM (1) DN25 T.C. COMP. SPIRAL W.P. 28.0 MPa;Parker;487TC-16;37.8;9122-16-316L;HG-150;PG-188;SG-155;FS-F-28,9125-25;9121-040;TEXS44;19001-45;9223-044
0487TC-20;NO-SKIVE 31.8MM (1-1/4) DN32 T.C. COMP. SPIRAL W.P. 28.0 MPa;Parker;487TC-20;46.3;9122-20-316L;HG-200;PG-188;SG-182;FS-F-30,9125-32;9121-050;TEXS53;19001-52;9223-053
0487TC-24;NO-SKIVE 38.1MM (1-1/2) DN38 T.C. COMP. SPIRAL W.P. 28.0 MPa;Parker;487TC-24;52.8;9122-24-316L;HG-350;PG-188;SG-209;FS-F-38,9125-38;9121-050;TEXS60;;
0487TC-32;NO-SKIVE 50.8MM (2) DN50 T.C. COMP. SPIRAL W.P. 28.0 MPa;Parker;487TC-32;67.3;9122-32-316L;HG-350;PG-188;SG-292;FS-F-48,9125-51;9121-075;TEXS73;19001-75;
0492-04;NO-SKIVE 6.3MM (1/4) DN06 COMPACT 1SC W.P. 280 BAR;Parker;492-4;11.5;9122-04-316L;;PG-050;SG-060;FS-F-10,9125-06;9121-012;TEXS17;;9223-017
0492-05;NO-SKIVE 7.9MM (5/16) DN08 COMPACT 1SC W.P. 250 BAR 492-5;Parker;492-5;13.6;9122-05-316L;;PG-050;SG-066;FS-F-11,9125-08;9121-016;TEXS20;;9223-019
0492-06;NO-SKIVE 9.5MM (3/8) DN10 COMPACT 1SC W.P. 225 BAR 492-6;Parker;492-6;15.5;9122-06-316L;;PG-062;SG-072;FS-F-14,9125-10;9121-016;TEXS23;19001-24;9223-022
0492-08;NO-SKIVE 12.7MM (1/2) DN12 COMPACT 1SC W.P. 190 BAR 492-08;Parker;492-8-GT100;18.9;9122-08-316L;HG-075;PG-075;SG-084;FS-F-16,9125-13;9121-020;TEXS25;19001-24;9223-023
0492-10;NO-SKIVE 15.9MM (5/8) DN16 COMPACT 1SC W.P. 150 BAR 492-10;Parker;492-10;22.2;9122-10-316L;HG-075;PG-088;SG-097;FS-F-18,9125-16;9121-025;TEXS31;19001-30;9223-030
0492-12;NO-SKIVE 19.1MM (3/4) DN20 COMPACT 1SC W.P. 150 BAR 492-12;Parker;492-12;26;9122-12-316L;HG-100;PG-100;SG-113;FS-F-20,9125-19;9121-025;TEXS31;19001-32;9223-032
0492-16;NO-SKIVE 25.4MM (1) DN25 COMPACT 1SC W.P. 110 BAR 492-16;Parker;492-16;33.3;9122-16-316L;HG-125;PG-138;SG-155;FS-F-24,9125-25;9121-040;TEXS40;19001-40;9223-040
0492-20;NO-SKIVE 31.8MM (1-1/4) DN32 COMPACT 1SC W.P. 75 BAR 492-20;Parker;492-20-WR;40;9122-20-316L;HG-150;PG-138;SG-182;FS-F-32,9125-32;9121-040;TEXS47;19001-45;9223-045
0492ST-04;NO-SKIVE 6.3MM (1/4) DN06 COMPACT S.T. 1SC W.P. 280 BAR 492S;Parker;492ST-4;12;9122-04-316L;;PG-050;SG-060;FS-F-10,9125-06;9121-012;TEXS17;;9223-017
0492ST-05;NO-SKIVE 7.9MM (5/16) DN08 COMPACT S.T. 1SC W.P. 250 BAR 492;Parker;492ST-5;13.6;9122-05-316L;;PG-050;SG-066;FS-F-11,9125-08;9121-016;TEXS20;;9223-019
0492ST-06;NO-SKIVE 9.5MM (3/8) DN10 COMPACT S.T. 1SC W.P. 225 BAR 492S;Parker;492ST-6;15.5;9122-06-316L;;PG-062;SG-072;FS-F-14,9125-10;9121-016;TEXS23;19001-24;9223-022
0492ST-08;NO-SKIVE 12.7MM (1/2) DN12 COMPACT S.T. 1SC W.P. 190 BAR 492;Parker;492ST-8;18.9;9122-08-316L;HG-075;PG-075;SG-084;FS-F-16,9125-13;9121-020;TEXS25;19001-24;9223-023
0492ST-10;NO-SKIVE 15.9MM (5/8) DN16 COMPACT S.T. 1SC W.P. 150 BAR 492;Parker;492ST-10;22.3;9122-10-316L;HG-075;PG-088;SG-097;FS-F-18,9125-16;9121-025;TEXS31;19001-30;9223-030
0492ST-12;NO-SKIVE 19.1MM (3/4) DN20 COMPACT S.T. 1SC W.P. 150 BAR 492;Parker;492ST-12;26;9122-12-316L;HG-100;PG-100;SG-113;FS-F-20,9125-19;9121-025;TEXS31;19001-32;9223-032
0492ST-16;NO-SKIVE 25.4MM (1) DN25 COMPACT S.T. 1SC W.P. 110 BAR 492ST;Parker;492ST-16;33.6;9122-16-316L;HG-125;PG-138;SG-155;FS-F-24,9125-25;9121-040;TEXS40;19001-40;9223-040
0492ST-20;NO-SKIVE 31.8MM (1-1/4) DN32 COMPACT S.T. 1SC W.P. 75 BAR;Parker;0492ST-20;40;9122-20-316L;HG-150;PG-138;SG-182;FS-F-32,9125-32;9121-040;TEXS47;19001-45;9223-045
0492TC-04;NO-SKIVE 6.3MM (1/4) DN06 T.C. COMPACT 1SC W.P. 280 BAR;Parker;492TC-4;11.5;9122-04-316L;;PG-050;SG-060;FS-F-10,9125-06;9121-012;TEXS17;;9223-017
0492TC-06;NO-SKIVE 9.5MM (3/8) DN10 T.C. COMPACT 1SC W.P. 225 BAR;Parker;492TC-6;15.5;9122-06-316L;;PG-062;SG-072;FS-F-14,9125-10;9121-016;TEXS23;19001-24;9223-022
0492TC-08;NO-SKIVE 12.7MM (1/2) DN12 COMPACT T.C. 1SC W.P. 190 BAR;Parker;492TC-8;18.9;9122-08-316L;HG-075;PG-075;SG-084;FS-F-16,9125-13;9121-020;TEXS25;19001-24;9223-023
0492TC-12;NO-SKIVE 19.1MM (3/4) DN20 COMPACT T.C. 1SC W.P. 150 BAR;Parker;492TC-12;26;9122-12-316L;HG-100;PG-100;SG-113;FS-F-20,9125-19;9121-025;TEXS31;19001-32;9223-032
0492TC-16;NO-SKIVE 25.4MM (1) DN25 COMPACT T.C. 1SC W.P. 110 BAR;Parker;492TC-16;33.3;9122-16-316L;HG-125;PG-138;SG-155;FS-F-24,9125-25;9121-040;TEXS40;19001-40;9223-040
0493-04;MTR SLANG 1 INLAGE PARKER 493 493-4-BLU;Parker;493-4-BLU;13.4;9122-04-316L;;PG-050;SG-060;FS-F-10,9125-06;9121-016;TEXS20;;9223-019
0493-05;MTR SLANG 1 INLAGE PARKER 493 493-5-BLU-RL;Parker;493-5-BLU-RL;15;9122-05-316L;;PG-050;SG-066;FS-F-11,9125-08;9121-016;TEXS20;19001-24;9223-022
0493-06;MTR SLANG 1 INLAGE PARKER 493 493-6-BLU-RL;Parker;493-6-BLU-RL;17.4;9122-06-316L;;PG-062;SG-072;FS-F-14,9125-10;9121-020;TEXS23;19001-24;9223-023
0493-08;MTR SLANG 1 INLAGE PARKER 493 493-8-BLU;Parker;493-8-BLU;20.6;9122-08-316L;HG-075;PG-075;SG-084;FS-F-16,9125-13;9121-020;TEXS27;19001-27;9223-030
0501-04;RUBBER HOSE WITH TEXTILE 1TE LAYER (R6);JB Hydraulics;20-600-06;;9122-04-316L;;;;9125-06;;;;
0501-06;RUBBER HOSE WITH TEXTILE 1TE LAYER (R6);JB Hydraulics;20-600-10;;9122-06-316L;;;;9125-10;;;;
0501-08;RUBBER HOSE WITH TEXTILE 1TE LAYER (R6);JB Hydraulics;20-600-13;;9122-08-316L;;;;9125-13;;;;
0501-10;RUBBER HOSE WITH TEXTILE 1TE LAYER (R6);Interpump;TFS0006I10;23;9122-10-316L;;;;9125-16;9121-025;TEXS31;19001-30;9223-030
0501-12;RUBBER HOSE WITH TEXTILE 1TE LAYER (R6);JB Hydraulics;20-600-20;;9122-12-316L;;;;9125-19;;;;
0501-16;RUBBER HOSE WITH TEXTILE 1TE LAYER (R6);Interpump;TFS0006I16;32.2;9122-16-316L;;;;9125-25;9121-032;TEXS40;19001-38;9223-040
0502-04;RUBBER HOSE WITH TEXTILE 2 LAYER 2TE 1/4;Interpump;TFE02TEI04;13.4;9122-04-316L;;;;9125-06;9121-016;TEXS20;;9223-019
0502-06;RUBBER HOSE WITH TEXTILE 2 LAYER 2TE 3/8;Interpump;TFE02TEI06;16.5;9122-06-316L;;;;9125-10;9121-016;TEXS23;19001-24;9223-022
0502-08;RUBBER HOSE WITH TEXTILE 2 LAYER 2TE 1/2;Interpump;TFD02TE-08;19.7;9122-08-316L;;;;9125-13;9121-020;TEXS25;19001-25;9223-023
0502-10;RUBBER HOSE WITH TEXTILE 2 LAYER 2TE 5/8;Interpump;TFD02TE-10;23.9;9122-10-316L;;;;9125-16;9121-025;TEXS31;19001-30;9223-030
0502-12;RUBBER HOSE WITH TEXTILE 2 LAYER 2TE 3/4;Interpump;TFD02TE-12;27;9122-12-316L;;;;9125-19;9121-025;TEXS33;19001-32;9223-032
0502-16;RUBBER HOSE WITH TEXTILE 2 LAYER 2TE 1;Interpump;TFE02TEI16;34.4;9122-16-316L;;;;9125-25;9121-040;TEXS40;19001-40;9223-040
0503-04;RUBBER HOSE WITH TEXTILE 2 LAYER 3TE;Dicsa;MB2304;;9122-04-316L;;;;9125-06;;;;
0503-05;RUBBER HOSE WITH TEXTILE 2 LAYER 3TE;Landefeld;3 TE 8;;9122-05-316L;;;;9125-08;;;;
0503-06;RUBBER HOSE WITH TEXTILE 2 LAYER 3TE;Dicsa;MB2306;;9122-06-316L;;;;9125-10;;;;
0503-08;RUBBER HOSE WITH TEXTILE 2 LAYER 3TE;Dicsa;MB2308;;9122-08-316L;;;;9125-13;;;;
0503-10;RUBBER HOSE WITH TEXTILE 2 LAYER 3TE;Dicsa;MB2310;;9122-10-316L;;;;9125-16;;;;
0503-12;RUBBER HOSE WITH TEXTILE 2 LAYER 3TE;Dicsa;MB2312;;9122-12-316L;;;;9125-19;;;;
0503-16;RUBBER HOSE WITH TEXTILE 2 LAYER 3TE;Dicsa;MBDD2316;;9122-16-316L;;;;9125-25;;;;
0503-20;RUBBER HOSE WITH TEXTILE 2 LAYER 3TE;Dietzel;SLMW-06-20;;9122-20-316L;;;;9125-32;;;;
0503-24;RUBBER HOSE WITH TEXTILE 2 LAYER 3TE;Eriks;TE 0338;;9122-24-316L;;;;9125-38;;;;
0503-32;RUBBER HOSE WITH TEXTILE 2 LAYER 3TE;Dietzel;48000;;9122-32-316L;;;;9125-51;;;;
0511-12;SUCTION AND RETURN HOSE 19X29;Peters;P001279;;9122-12-316L;;;;9125-19;;;;
0511-16;SUCTION AND RETURN HOSE 25X35;Peters;P001280;;9122-16-316L;;;;9125-25;;;;
0511-20;SUCTION AND RETURN HOSE 32X42;Peters;P001284;;9122-20-316L;;;;9125-32;;;;
0511-24;SUCTION AND RETURN HOSE 38X50;Peters;P001286;;9122-24-316L;;;;9125-38;;;;
0511-32;SUCTION AND RETURN HOSE 51X62;Peters;P001291;;9122-32-316L;;;;9125-51;;;;
0511-40;SUCTION AND RETURN HOSE 63X76;Peters;P001295;;9122-40-316L;;;;9125-64;;;;
0511-48;SUCTION AND RETURN HOSE 76X90;Peters;P002545;;;;;;9125-76;;;;
0511-56;SUCTION AND RETURN HOSE 90X104;Rubaflex;TWS090S;;;;;;9125-89;;;;
0511-64;SUCTION AND RETURN HOSE 102X118;Peters;P001274;;;;;;9125-102;;;;
055LT-04;MTR POLYFLEX SLANG;Parker;1202LT-4;13;9122-04-316L;;;;9125-06;9121-012;TEXS20;;9223-019
055LT-04-04;MTR POLYFLEX SLANG;Parker;1202LT-4-4;13;9122-04-316L;;;;9125-06;9121-012;TEXS20;;9223-019
055LT-05;MTR POLYFLEX SLANG;Parker;1202LT-5;14.3;9122-05-316L;;;;9125-08;9121-016;TEXS20;19001-24;9223-022
055LT-06;MTR POLYFLEX SLANG;Parker;1202LT-6;16.3;9122-06-316L;;;;9125-10;9121-016;TEXS23;19001-24;9223-022
055LT-06-06;MTR POLYFLEX SLANG;Parker;1202LT-6-6;16.3;9122-06-316L;;;;9125-10;9121-016;TEXS23;19001-24;9223-022
055LT-08;MTR POLYFLEX SLANG;Parker;55LT-8;20.3;9122-08-316L;;;;9125-13;9121-020;TEXS27;19001-27;9223-030
0560-04;MTR POLYFLEX SAE100R1 560-4;Parker;560-4;12.6;9122-04-316L;;;;9125-06;9121-012;TEXS20;;9223-019
0560-06;MTR POLYFLEX SAE100R1 560-6;Parker;560-6;16.3;9122-06-316L;;;;9125-10;9121-016;TEXS23;19001-24;9223-022
0560-08-08;MTR POLYFLEX TWINSLANG 1/2 SAE100R1 560-8-8;Parker;560-8-8;20.3;9122-08-316L;;;;9125-13;9121-020;TEXS27;19001-27;9223-030
0561-08;TRELLJET 561 8 L100;Trelleborg;561-08;;9122-08-316L;;;;9125-13;;;;
0563TJ-4;TOUGH JACKET HOSE SAE 100R17 210 BAR;Coliflower;0563TJ-4;;9122-04-316L;;;;9125-06;;;;
0563TJ-6;TOUGH JACKET HOSE SAE 100R17 210 BAR;Coliflower;0563TJ-6;;9122-06-316L;;;;9125-10;;;;
0563TJ-8;TOUGH JACKET HOSE SAE 100R17 210 BAR;Coliflower;0563TJ-8;;9122-08-316L;;;;9125-13;;;;
0590-06;MTR POLYFLEX SLANG 3/8 SAE100R2 590-6;Parker;590TJ-6;16.3;9122-06-316L;;;;9125-10;9121-016;TEXS23;19001-24;9223-022
0590-06-06;MTR POLYFLEX TWINSLANG 3/8 SAE100R2 590-6-6;Parker;590-6-6;;9122-06-316L;;;;9125-10;;;;
0590-08;MTR POLYFLEX SLANG 1/2 SAE100R2 590-8;Parker;590-8;;9122-08-316L;;;;9125-13;;;;
0590-10;MTR POLYFLEX SLANG 5/8 SAE100R2 590-10;Parker;590-10;;9122-10-316L;;;;9125-16;;;;
0590-12;MTR POLYFLEX SLANG 3/4 SAE100R2 590-12;Parker;590-12;;9122-12-316L;;;;9125-19;;;;
0590-16;MTR POLYFLEX SLANG 1 SAE100R2 590-16;Parker;590-16;;9122-16-316L;;;;9125-25;;;;
0590TJ-06;PARFLEX TOUGH JACKET WP28.0MPa;Parker;590TJ-6;16.3;9122-06-316L;;;;9125-10;9121-016;TEXS23;19001-24;9223-022
0590TJ-08;PARFLEX TOUGH JACKET WP24.5MPa;Parker;590TJ-8;19.3;9122-08-316L;;;;9125-13;9121-020;TEXS25;19001-25;9223-023
0620-06;MTR NYLAFLOW HOSE;Flowtech;0620-06;;9122-06-316L;;;;9125-10;;;;
0620-08;MTR NYLAFLOW HOSE;Flowtech;0620-08;;9122-08-316L;;;;9125-13;;;;
0620-10;MTR NYLAFLOW HOSE;Flowtech;0620-10;;9122-10-316L;;;;9125-16;;;;
0620-12;MTR NYLAFLOW HOSE;Flowtech;0620-12;;9122-12-316L;;;;9125-19;;;;
0628-04;MTR NYLAFLOW HOSE;Flowtech;0628-04;;9122-04-316L;;;;9125-06;;;;
0628-04PP;MTR NYLAFLOW HOSE;Flowtech;0628-04PP;;9122-04-316L;;;;9125-06;;;;
0628-05;MTR NYLAFLOW HOSE;Flowtech;0628-05;;9122-05-316L;;;;9125-08;;;;
0628-06;MTR NYLAFLOW HOSE;Flowtech;0628-06;;9122-06-316L;;;;9125-10;;;;
0628-08;MTR NYLAFLOW HOSE;Flowtech;0628-08;;9122-08-316L;;;;9125-13;;;;
0692-04;NO-SKIVE 6.3MM (1/4) DN06 COMPACT 1SC W.P. 210 BAR;Parker;692-4;11.5;9122-04-316L;;PG-050;SG-060;FS-F-10,9125-06;9121-012;TEXS17;;9223-017
0692-04-04;NO-SKIVE 6.3MM (1/4) DN06 COMPACT 1SC W.P. 210 BAR TWIN;Parker;692-4-4;11.5;9122-04-316L;;PG-050;SG-060;FS-F-10,9125-06;9121-012;TEXS17;;9223-017
0692-05;NO-SKIVE 7.9MM (5/16) DN08 COMPACT 1SC W.P. 210 BAR;Parker;692-5;13.6;9122-05-316L;;PG-050;SG-066;FS-F-11,9125-08;9121-016;TEXS20;;9223-019
0692-05-05;NO-SKIVE 7.9MM (5/16) DN08 COMPACT 1SC W.P. 210 BAR TWIN;Parker;692-5-5;13.6;9122-05-316L;;PG-050;SG-066;FS-F-11,9125-08;9121-016;TEXS20;;9223-019
0692-06;NO-SKIVE 9.5MM (3/8) DN10 COMPACT 1SC W.P. 210 BAR;Parker;692-6;15.5;9122-06-316L;;PG-062;SG-072;FS-F-14,9125-10;9121-016;TEXS23;19001-24;9223-022
0692-06-06;NO-SKIVE 9.5MM (3/8) DN10 COMPACT 1SC W.P. 210 BAR TWIN;Parker;692-6-6-GT50;15.5;9122-06-316L;;PG-062;SG-072;FS-F-14,9125-10;9121-016;TEXS23;19001-24;9223-022
0692-08;NO-SKIVE 12.7MM (1/2) DN12 COMPACT 1SC W.P. 210 BAR;Parker;692-8;20.4;9122-08-316L;HG-075;PG-075;SG-084;FS-F-16,9125-13;9121-020;TEXS27;19001-27;9223-030
0692-08-08;NO-SKIVE 12.7MM (1/2) DN12 COMPACT 1SC W.P. 210 BAR TWIN;Parker;692-8-8;20.4;9122-08-316L;HG-075;PG-075;SG-084;FS-F-16,9125-13;9121-020;TEXS27;19001-27;9223-030
0692-08-08-08;NO-SKIVE 12.7MM (1/2) DN12 COMPACT 1SC W.P. 210 BAR TRIPEL;Parker;692-8-8-8;20.4;9122-08-316L;HG-075;PG-075;SG-084;FS-F-16,9125-13;9121-020;TEXS27;19001-27;9223-030
0692-10;NO-SKIVE 15.9MM (5/8) DN16 COMPACT 1SC W.P. 210 BAR;Parker;692-10;23.9;9122-10-316L;HG-075;PG-088;SG-097;FS-F-18,9125-16;9121-025;TEXS31;19001-30;9223-030
0692-10-10;NO-SKIVE 15.9MM (5/8) DN16 COMPACT 1SC W.P. 210 BAR TWIN;Parker;692-10-10;23.9;9122-10-316L;HG-075;PG-088;SG-097;FS-F-18,9125-16;9121-025;TEXS31;19001-30;9223-030
0692PU-04;NO-SKIVE 6.3MM (1/4) DN06 PU COMPACT 1SC W.P. 210 BAR;Parker;692PU-4;11.5;9122-04-316L;;;;9125-06;9121-012;TEXS17;;9223-017
0692PU-04-04;NO-SKIVE 6.3MM (1/4) DN06 PU COMPACT 1SC W.P. 210 BAR TWIN;Parker;692PU-4-4;11.5;9122-04-316L;;;;9125-06;9121-012;TEXS17;;9223-017
0692PU-05;NO-SKIVE 7.9MM (5/16) DN08 PU COMPACT 1SC W.P. 210 BAR;Parker;692PU-5;13.6;9122-05-316L;;;;9125-08;9121-016;TEXS20;;9223-019
0692PU-05-05;NO-SKIVE 7.9MM (5/16) DN08 PU COMPACT 1SC W.P. 210 BAR TWIN;Parker;692PU-5-5;13.6;9122-05-316L;;;;9125-08;9121-016;TEXS20;;9223-019
0692PU-06;NO-SKIVE 9.5MM (3/8) DN10 PU COMPACT 1SC W.P. 210 BAR;Parker;692PU-6;15.5;9122-06-316L;;;;9125-10;9121-016;TEXS23;19001-24;9223-022
0692PU-06-06;NO-SKIVE 9.5MM (3/8) DN10 PU COMPACT 1SC W.P. 210 BAR TWIN;Parker;692PU-6-6;15.5;9122-06-316L;;;;9125-10;9121-016;TEXS23;19001-24;9223-022
0692PU-08;NO-SKIVE 9.5MM (1/2) DN12 PU COMPACT 1SC W.P. 210 BAR;Parker;692PU-08;20.4;9122-08-316L;;;;9125-13;9121-020;TEXS27;19001-27;9223-030
0692PU-08-08;NO-SKIVE 9.5MM (1/2) DN12 PU COMPACT 1SC W.P. 210 BAR TWIN;Parker;692PU-8-8;20.4;9122-08-316L;;;;9125-13;9121-020;TEXS27;19001-27;9223-030
0692PU-10-10;NO-SKIVE 15.9MM (5/8) DN16 COMPACT 1SC W.P. 210 BAR TWIN;Parker;692PU-10-10;23.9;9122-10-316L;;;;9125-16;9121-025;TEXS31;19001-30;9223-030
0721ST-08;MTR SLANG R12 COMPACT SUPER TOUGH 721ST-8;Parker;721ST-8;24;9122-08-316L;;;;9125-13;9121-025;TEXS31;19001-30;9223-030
0721ST-12;MTR SLANG R12 COMPACT SUPER TOUGH 721ST-12;Parker;721ST-12;31;9122-12-316L;;;;9125-19;9121-032;TEXS36;19001-38;9223-037
0721ST-16;MTR SLANG R12 COMPACT SUPER TOUGH 721ST-16;Parker;721ST-16;38;9122-16-316L;;;;9125-25;9121-040;TEXS44;19001-45;9223-044
0721TC-06;MTR SLANG R12 COMPACT TOUGH COVER 721TC-6;Parker;721TC-6;20;9122-06-316L;;;;9125-10;9121-020;TEXS25;19001-25;9223-023
0721TC-08;MTR SLANG R12 COMPACT TOUGH COVER 721TC-8;Parker;721TC-8;24;9122-08-316L;;;;9125-13;9121-025;TEXS31;19001-30;9223-030
0721TC-10;MTR SLANG R12 COMPACT TOUGH COVER 721TC-10;Parker;721TC-10;27;9122-10-316L;;;;9125-16;9121-025;TEXS33;19001-32;9223-032
0721TC-12;MTR SLANG R12 COMPACT TOUGH COVER 721TC-12;Parker;721TC-12;31;9122-12-316L;;;;9125-19;9121-032;TEXS36;19001-38;9223-037
0721TC-16;MTR SLANG R12 COMPACT TOUGH COVER 721TC-16;Parker;721TC-16;38;9122-16-316L;;;;9125-25;9121-040;TEXS44;19001-45;9223-044
0721TC-20;MTR SLANG R12 COMPACT TOUGH COVER 721TC-20;Parker;721TC-20;47;9122-20-316L;;;;9125-32;9121-050;TEXS53;19001-52;9223-053
0721TC-24;MTR SLANG R12 COMPACT TOUGH COVER 721TC-24;Parker;721TC-24;53;9122-24-316L;;;;9125-38;9121-050;TEXS60;;
0721TC-32;MTR SLANG R12 COMPACT TOUGH COVER 721TC-32;Parker;721TC-32;67;9122-32-316L;;;;9125-51;9121-075;TEXS73;19001-75;9223-072
0722ST-06;NO-SKIVE 9.5MM (3/8) DN10 S.T. COMPACT W.P. 4000 PSI;Parker;722ST-6;19.9;9122-06-316L;HG-125;PG-088;SG-084;FS-F-14,9125-10;9121-020;TEXS25;19001-25;9223-023
0722ST-08;NO-SKIVE 12.7MM (1/2) DN12 S.T. COMPACT W.P. 4000 PSI;Parker;722ST-8;22.7;9122-08-316L;HG-125;PG-100;SG-097;FS-F-16,9125-13;9121-025;TEXS31;19001-30;9223-030
0722ST-12;NO-SKIVE 19.1MM (3/4) DN20 S.T. COMPACT W.P. 4000 PSI;Parker;722ST-12;30.7;9122-12-316L;HG-125;PG-138;SG-122;FS-F-20,9125-19;9121-032;TEXS36;19001-38;9223-037
0722ST-16;NO-SKIVE 25.4MM (1) DN25 S.T. COMPACT W.P. 4000 PSI;Parker;722ST-16;37.8;9122-16-316L;HG-150;PG-188;SG-155;FS-F-28,9125-25;9121-040;TEXS44;19001-45;9223-044
0722ST-20;NO-SKIVE 31.8MM (1-1/4) DN32 S.T. COMPACT W.P. 3000 PSI;Parker;722ST-20;46.7;9122-20-316L;HG-200;PG-188;SG-209;FS-F-30,9125-32;9121-050;TEXS53;19001-52;9223-053
0722TC-06;NO-SKIVE 9.5MM (3/8) DN10 T.C. COMPACT W.P. 4000 PSI;Parker;722TC-6;19.9;9122-06-316L;HG-125;PG-088;SG-084;FS-F-14,9125-10;9121-020;TEXS25;19001-25;9223-023
0722TC-08;NO-SKIVE 12.7MM (1/2) DN12 T.C. COMPACT W.P. 4000 PSI;Parker;722TC-8;24;9122-08-316L;HG-125;PG-100;SG-097;FS-F-16,9125-13;9121-025;TEXS31;19001-30;9223-030
0722TC-10;NO-SKIVE 15.9MM (5/8) DN16 T.C. COMPACT 2SC W.P. 4000PSI;Parker;722TC-10;27;9122-10-316L;HG-125;PG-119;;FS-F-18,9125-16;9121-025;TEXS33;19001-32;9223-032
0722TC-12;NO-SKIVE 19.1MM (3/4) DN20 T.C. COMPACT W.P. 4000 PSI;Parker;722TC-12;30.7;9122-12-316L;HG-125;PG-138;SG-122;FS-F-20,9125-19;9121-032;TEXS36;19001-38;9223-037
0722TC-16;NO-SKIVE 24.4MM (1) DN25 T.C. COMPACT W.P. 4000 PSI;Parker;722TC-16;37.8;9122-16-316L;HG-150;PG-188;SG-155;FS-F-28,9125-25;9121-040;TEXS44;19001-45;9223-044
0722TC-20;NO-SKIVE 31.8MM (1-1/4) DN32 T.C. COMPACT W.P. 3000 PSI;Parker;722TC-20;46.7;9122-20-316L;HG-200;PG-188;SG-209;FS-F-30,9125-32;9121-050;TEXS53;19001-52;9223-053
0722TC-24;NO-SKIVE 38.1MM (1-1/2) DN38 T.C. COMPACT W.P. 2500 PSI;Parker;722TC-24;53.1;9122-24-316L;HG-350;PG-188;SG-209;FS-F-38,9125-38;9121-050;TEXS60;;
0731-12;NO-SKIVE 19.1MM (3/4) DN20 4SH W.P. 42.0 MPa 731-12;Parker;731-12;32;9122-12-316L;HG-125;PG-119;SG-131;FS-F-22,9125-19;9121-032;TEXS40;19001-38;9223-037
0731-16;NO-SKIVE 25.4MM (1) DN25 4SH W.P. 38.0 MPa 731-16;Parker;731-16;39;9122-16-316L;HG-150;PG-138;SG-155;FS-F-28,9125-25;9121-040;TEXS44;19001-45;9223-044
0787-04;NO-SKIVE 6.4MM (1/4) DN06 COMP. SPIRAL W.P. 35.0 MPa;Parker;787-4;13;9122-04-316L;HG-075;PG-062;SG-060;FS-F-10,9125-06;9121-012;TEXS20;;9223-019
0787-06;NO-SKIVE 9.5MM (3/8) DN10 COMP. SPIRAL W.P. 35.0 MPa;Parker;787-6;17.2;9122-06-316L;HG-075;PG-075;SG-072;FS-F-12,9125-10;9121-020;TEXS23;19001-24;9223-023
0787-12;NO-SKIVE 19.1MM (3/4) DN20 COMP. SPIRAL W.P. 35.0 MPa;Parker;787-12;27.9;9122-12-316L;HG-125;PG-119;SG-113;FS-F-20,9125-19;9121-025;TEXS33;19001-35;9223-035
0787-16;NO-SKIVE 25.4MM (1) DN25 COMP. SPIRAL W.P. 35.0 MPa 787;Parker;787-16;35.7;9122-16-316L;HG-150;PG-188;SG-155;FS-F-24,9125-25;9121-040;TEXS44;19001-45;9223-044
0787-20;NO-SKIVE 31.8MM (1-1/4) DN32 COMP. SPIRAL W.P. 35.0 MPa;Parker;787-20;44.9;9122-20-316L;HG-200;PG-188;SG-182;FS-F-30,9125-32;9121-050;TEXS53;19001-52;9223-053
0787-32;NO-SKIVE 50.8MM (2) DN50 COMP. SPIRAL W.P. 35.0 MPa 787;Parker;787-32;67.6;9122-32-316L;HG-350;PG-188;SG-292;FS-F-48,9125-51;9121-075;TEXS73;19001-75;
0787ST-04;NO-SKIVE 6.4MM (1/4) DN06 T.C. COMP. SPIRAL W.P. 35.0 MPa;Parker;787ST-4;13;9122-04-316L;HG-075;PG-062;SG-060;FS-F-10,9125-06;9121-012;TEXS20;;9223-019
0787ST-06;NO-SKIVE 9.5MM (3/8) DN10 S.T. COMP. SPIRAL W.P. 35.0 MPa;Parker;787ST-6;17.2;9122-06-316L;HG-075;PG-075;SG-072;FS-F-12,9125-10;9121-020;TEXS23;19001-24;9223-023
0787ST-08;NO-SKIVE 12.7MM (1/2) DN12 S.T. COMP. SPIRAL W.P. 35.0 MPa;Parker;787ST-8;21.1;9122-08-316L;HG-125;PG-088;SG-084;FS-F-14,9125-13;9121-020;TEXS27;19001-27;9223-030
0787ST-12;NO-SKIVE 19.1MM (3/4) DN20 T.C. COMP. SPIRAL W.P. 35.0 MPa 7;Parker;787ST-12;27.9;9122-12-316L;HG-125;PG-119;SG-113;FS-F-20,9125-19;9121-025;TEXS33;19001-35;9223-035
0787ST-16;NO-SKIVE 25.4MM (1) DN25 T.C. COMP. SPIRAL W.P. 35.0 MPa 7;Parker;787ST-16;35.7;9122-16-316L;HG-150;PG-188;SG-155;FS-F-24,9125-25;9121-040;TEXS44;19001-45;9223-044
0787ST-20;NO-SKIVE 31.8MM (11/4) DN31 TC. COMP. SPIRAL W.P. 35.0 MPa 7;Parker;787ST-20;44.9;9122-20-316L;HG-200;PG-188;SG-182;FS-F-30,9125-32;9121-050;TEXS53;19001-52;9223-053
0787ST-24;NO-SKIVE 38 MM (11/2) DN38 T.C. COMP. SPIRAL W.P. 35.0 MPa;Parker;787ST-24;52.8;9122-24-316L;HG-350;PG-188;SG-209;FS-F-38,9125-38;9121-050;TEXS60;;
0787ST-32;NO-SKIVE 50.8MM (2) DN50 S.T. COMP. SPIRAL W.P. 35.0 MPa;Parker;787ST-32;67.6;9122-32-316L;HG-350;PG-188;SG-292;FS-F-48,9125-51;9121-075;TEXS73;19001-75;
0787TC-04;NO-SKIVE 19.1MM (1/4) DN6 T.C. COMP. SPIRAL W.P. 35.0 MPa;Parker;787TC-4;13;9122-04-316L;HG-075;PG-062;SG-060;FS-F-10,9125-06;9121-012;TEXS20;;9223-019
0787TC-06;NO-SKIVE 9.5MM (3/8) DN10 T.C. COMP. SPIRAL W.P. 35.0 MPa;Parker;787TC-6;17.2;9122-06-316L;HG-075;PG-075;SG-072;FS-F-12,9125-10;9121-020;TEXS23;19001-24;9223-023
0787TC-08;NO-SKIVE 12.7MM (1/2) DN12 T.C. COMP. SPIRAL W.P. 35.0 MPa 7;Parker;787TC-8;21.1;9122-08-316L;HG-125;PG-088;SG-084;FS-F-14,9125-13;9121-020;TEXS27;19001-27;9223-030
0787TC-10;NO-SKIVE 15.9MM (5/8) DN16 T.C. COMP. SPIRAL W.P. 35.0 MPa 7;Parker;787TC-10;23.9;9122-10-316L;HG-125;PG-100;SG-097;FS-F-16,9125-16;9121-025;TEXS31;19001-30;9223-030
0787TC-12;NO-SKIVE 19.1MM (3/4) DN20 T.C. COMP. SPIRAL W.P. 35.0 MPa 7;Parker;787TC-12;27.9;9122-12-316L;HG-125;PG-119;SG-113;FS-F-20,9125-19;9121-025;TEXS33;19001-35;9223-035
0787TC-16;NO-SKIVE 25.4MM (1) DN25 T.C. COMP. SPIRAL W.P. 35.0 MPa 787;Parker;787TC-16;35.7;9122-16-316L;HG-150;PG-188;SG-155;FS-F-24,9125-25;9121-040;TEXS44;19001-45;9223-044
0787TC-20;NO-SKIVE 31.8MM (1-1/4) DN32 T.C. COMP. SPIRAL W.P. 35.0 MPa;Parker;787TC-20;44.9;9122-20-316L;HG-200;PG-188;SG-182;FS-F-30,9125-32;9121-050;TEXS53;19001-52;9223-053
0787TC-24;NO-SKIVE 38.1MM (1-1/2) DN38 T.C. COMP. SPIRAL W.P. 35.0 MPa;Parker;787TC-24;52.8;9122-24-316L;HG-350;PG-188;SG-209;FS-F-38,9125-38;9121-050;TEXS60;;
0787TC-32;NO-SKIVE 50.8MM (2) DN50 T.C. COMP. SPIRAL W.P. 35.0 MPa 787;Parker;787TC-32;67.6;9122-32-316L;HG-350;PG-188;SG-292;FS-F-48,9125-51;9121-075;TEXS73;19001-75;
0797-10;NO-SKIVE 15.9MM (5/8) DN16 COMP. SPIRAL W.P. 42.0 MPa;Parker;797-10;23.9;9122-10-316L;HG-125;PG-100;SG-097;FS-F-16,9125-16;9121-025;TEXS31;19001-30;9223-030
0797-12;NO-SKIVE 19.1MM (3/4) DN20 COMP. SPIRAL W.P. 42.0 MPa 797-12;Parker;797-12;27.9;9122-12-316L;HG-125;PG-119;SG-113;FS-F-20,9125-19;9121-025;TEXS33;19001-35;9223-035
0797-16;NO-SKIVE 25.4MM (1) DN25 COMP. SPIRAL W.P. 42.0 MPa 797-16;Parker;797-16;35.7;9122-16-316L;HG-150;PG-188;SG-155;FS-F-24,9125-25;9121-040;TEXS44;19001-45;9223-044
0797-20;NO-SKIVE 31.8MM DN32 COMP. SPIRAL W.P. 42.0 MPa;Parker;797-20;44.9;9122-20-316L;HG-200;PG-188;SG-182;FS-F-30,9125-32;9121-050;TEXS53;19001-52;9223-053
0797-24;NO-SKIVE 38.1MM DN38 COMP. SPIRAL W.P. 42.0 MPa;Parker;797-24;52.8;9122-24-316L;HG-350;PG-188;SG-209;FS-F-38,9125-38;9121-050;TEXS60;;
0797-32;NO-SKIVE 50.8MM DN51 COMP. SPIRAL W.P. 42.0 MPa;Parker;797-32;67.6;9122-32-316L;HG-350;PG-188;SG-292;FS-F-48,9125-51;9121-075;TEXS73;19001-75;
0797ST-04;NO-SKIVE 6.4MM (1/4) DN06 T.C. COMP. SPIRAL W.P. 42.0 MPa;Parker;797ST-4;13;9122-04-316L;HG-075;PG-062;SG-060;FS-F-10,9125-06;9121-012;TEXS20;;9223-019
0797ST-06;NO-SKIVE 9.5MM (3/8) DN10 S.T. COMP. SPIRAL W.P. 42.0 MPa;Parker;797ST-6;17;9122-06-316L;HG-075;PG-075;;FS-F-12,9125-10;9121-016;TEXS23;19001-24;9223-022
0797ST-08;NO-SKIVE 12.7MM (1/2) DN12 T.C. COMP. SPIRAL W.P. 42.0 MPa;Parker;797ST-8;21.1;9122-08-316L;HG-125;PG-088;SG-084;FS-F-14,9125-13;9121-020;TEXS27;19001-27;9223-030
0797ST-10;NO-SKIVE 15.9MM (5/8) DN16 COMP. SPIRAL W.P. 42.0 MPa;Parker;797ST-10;23.9;9122-10-316L;HG-125;PG-100;SG-097;FS-F-16,9125-16;9121-025;TEXS31;19001-30;9223-030
0797ST-12;NO-SKIVE 19.0MM (3/4) DN20 S.T. COMP. SPIRAL W.P. 42.0 MPa;Parker;797ST-12;27.9;9122-12-316L;HG-125;PG-119;SG-113;FS-F-20,9125-19;9121-025;TEXS33;19001-35;9223-035
0797ST-16;NO-SKIVE 25.4MM (1) DN25 COMP. SPIRAL W.P. 42.0 MPa;Parker;797ST-16;35.7;9122-16-316L;HG-150;PG-188;SG-155;FS-F-24,9125-25;9121-040;TEXS44;19001-45;9223-044
0797ST-20;NO-SKIVE 31.8MM (1-1/4) DN32 T.C. COMP. SPIRAL W.P. 42.0 MPa;Parker;797ST-20;44.9;9122-20-316L;HG-200;PG-188;SG-182;FS-F-30,9125-32;9121-050;TEXS53;19001-52;9223-053
0797ST-24;NO-SKIVE 38.1MM (1-1/2) DN38 S.T. COMP. SPIRAL W.P. 42.0 MPa;Parker;797ST-24;52.8;9122-24-316L;HG-350;PG-188;SG-209;FS-F-38,9125-38;9121-050;TEXS60;;
0797ST-32;NO-SKIVE 50.8MM (2) DN50 S.T. COMP. SPIRAL W.P. 42.0 MPa;Parker;797ST-32;67.6;9122-32-316L;HG-350;PG-188;SG-292;FS-F-48,9125-51;9121-075;TEXS73;19001-75;
0797TC-04;NO-SKIVE 6.4MM (1/4) DN06 T.C. COMP. SPIRAL W.P. 42.0 MPa;Parker;797TC-4;13;9122-04-316L;HG-075;PG-062;SG-060;FS-F-10,9125-06;9121-012;TEXS20;;9223-019
0797TC-06;NO-SKIVE 9.5MM (3/8) DN10 T.C. COMP. SPIRAL W.P. 42.0 MPa;Parker;797TC-6;17;9122-06-316L;HG-075;PG-075;;FS-F-12,9125-10;9121-016;TEXS23;19001-24;9223-022
0797TC-08;NO-SKIVE 12.7MM (1/2) DN12 T.C. COMP. SPIRAL W.P. 42.0 MPa 7;Parker;797TC-8;21.1;9122-08-316L;HG-125;PG-088;SG-084;FS-F-14,9125-13;9121-020;TEXS27;19001-27;9223-030
0797TC-10;NO-SKIVE 15.9MM (5/8) DN16 T.C. COMP. SPIRAL W.P. 42.0 MPa;Parker;797TC-10;23.9;9122-10-316L;HG-125;PG-100;SG-097;FS-F-16,9125-16;9121-025;TEXS31;19001-30;9223-030
0797TC-12;NO-SKIVE 19.1MM (3/4) DN20 T.C. COMP. SPIRAL W.P. 42.0 MPa 7;Parker;797TC-12;27.9;9122-12-316L;HG-125;PG-119;SG-113;FS-F-20,9125-19;9121-025;TEXS33;19001-35;9223-035
0797TC-16;NO-SKIVE 25.4MM (1) DN25 T.C. COMP. SPIRAL W.P. 42.0 MPa 797;Parker;797TC-16;35.7;9122-16-316L;HG-150;PG-188;SG-155;FS-F-24,9125-25;9121-040;TEXS44;19001-45;9223-044
0797TC-20;NO-SKIVE 31.8MM (1-1/4) DN32 T.C. COMP. SPIRAL W.P. 42.0 MPa;Parker;797TC-20;44.9;9122-20-316L;HG-200;PG-188;SG-182;FS-F-30,9125-32;9121-050;TEXS53;19001-52;9223-053
0797TC-24;NO-SKIVE 38.1MM (1-1/2) DN38 T.C. COMP. SPIRAL W.P. 42.0 MPa;Parker;797TC-24;52.8;9122-24-316L;HG-350;PG-188;SG-209;FS-F-38,9125-38;9121-050;TEXS60;;
0797TC-32;NO-SKIVE 50.8MM (2) DN50 T.C. COMP. SPIRAL W.P. 42.0 MPa 797;Parker;797TC-32;67.6;9122-32-316L;HG-350;PG-188;SG-292;FS-F-48,9125-51;9121-075;TEXS73;19001-75;
0811-03;SMOOTH, BIG BORE PTFE HOSE, WITH ST/ST BRAID W.P. 264 BAR;Xtraflex;T1B005;;;;;;;;;;
0811-04;SMOOTH, BIG BORE PTFE HOSE, WITH ST/ST BRAID W.P. 224 BAR;Xtraflex;T1B006;;9122-04-316L;;;;9125-06;;;;
0811-04-316;SMOOTH, BIG BORE PTFE HOSE, WITH ST/ST 316L BRAID;Polyfluor plastics;801AGP316DN06;;9122-04-316L;;;;;;;;
0811-05;SMOOTH, BIG BORE PTFE HOSE, WITH ST/ST BRAID W.P. 207 BAR;Dicsa;M290008;;9122-05-316L;;;;9125-08;;;;
0811-05-316;SMOOTH, BIG BORE PTFE HOSE, WITH ST/ST 316L BRAID;Polyfluor plastics;801AGP316dn08;;9122-05-316L;;;;;;;;
0811-06;SMOOTH, BIG BORE PTFE HOSE, WITH ST/ST BRAID W.P. 175 BAR;Parker;2030T-06V70;13;9122-06-316L;;;;9125-10;9121-012;TEXS20;;9223-019
0811-06A;SMOOTH PTFE HOSE, WITH ST/ST BRAID ANTI STATIC;Xtraflex;T1AB010;;9122-06-316L;;;;9125-10;;;;
0811-08;SMOOTH, BIG BORE PTFE HOSE, WITH ST/ST BRAID W.P. 161 BAR;Polyfluor plastics;801AGPDN12;;9122-08-316L;;;;9125-13;;;;
0811-08A;SMOOTH PTFE HOSE, WITH ST/ST BRAID ANTI STATIC;Xtraflex;T1AB012;;9122-08-316L;;;;9125-13;;;;
0811-10;SMOOTH, BIG BORE PTFE HOSE, WITH ST/ST BRAID W.P. 114 BAR;Dicsa;M290016;;9122-10-316L;;;;9125-16;;;;
0811-12;SMOOTH, BIG BORE PTFE HOSE, WITH ST/ST BRAID W.P. 103 BAR;Xtraflex;TB1020;;9122-12-316L;;;;9125-19;;;;
0811-16;SMOOTH, BIG BORE PTFE HOSE, WITH ST/ST BRAID W.P. 80 BAR;Dicsa;M290025;;9122-16-316L;;;;9125-25;;;;
0815-04;CONVULTED, PTFE HOSE, WITH ST/ST BRAID W.P. 172 BAR;Xtraflex;TCB1E006L;;9122-04-316L;;;;9125-06;;;;
0815-05;CONVULTED, PTFE HOSE, WITH ST/ST BRAID W.P. 138 BAR;Xtraflex;TCB1E008;;9122-05-316L;;;;9125-08;;;;
0815-06;CONVULTED, PTFE HOSE, WITH ST/ST BRAID W.P. 138 BAR;Xtraflex;TCB1E010L;;9122-06-316L;;;;9125-10;;;;
0815-08;CONVULTED, PTFE HOSE, WITH ST/ST BRAID W.P. 103 BAR;Xtraflex;TCB1E012L;;9122-08-316L;;;;9125-13;;;;
0815-08A;CONVULTED, PTFE HOSE, WITH ST/ST BRAID ANTISTATIC;Dicsa;M293013;;9122-08-316L;;;;9125-13;;;;
0815-10;CONVULTED, PTFE HOSE, WITH ST/ST BRAID W.P. 83 BAR;Xtraflex;TCB1E016L;;9122-10-316L;;;;9125-16;;;;
0815-12;CONVULTED, PTFE HOSE, WITH ST/ST BRAID W.P. 69 BAR;Xtraflex;TCB1E020L;;9122-12-316L;;;;9125-19;;;;
0815-16;CONVULTED, PTFE HOSE, WITH ST/ST BRAID W.P. 46 BAR;Xtraflex;TCB1E025;;9122-16-316L;;;;9125-25;;;;
0815-16A;CONVULTED, PTFE HOSE, WITH ST/ST BRAID ANTI STATIC;Dicsa;M293025;;9122-16-316L;;;;9125-25;;;;
0815-20;CONVULTED, PTFE HOSE, WITH ST/ST BRAID W.P. 34 BAR;Xtraflex;TCB1E032L;;9122-20-316L;;;;9125-32;;;;
0815-24;CONVULTED, PTFE HOSE, WITH ST/ST BRAID W.P. 30 BAR;Dicsa;M292038;;9122-24-316L;;;;9125-38;;;;
0815-32;CONVULTED, PTFE HOSE, WITH ST/ST BRAID W.P. 23 BAR;Xtraflex;TCB1E050;;9122-32-316L;;;;9125-51;;;;
2020N-025V30;THERMOPLASTIC HIGH PRESSURE HOSE DN 04;Parker;2020N-025V30;8.1;;;;;;;TEXS17;;9223-014
2020N-02V30;THERMOPLASTIC HIGH PRESSURE HOSE DN 03;Parker;2020N-02V30;6;;;;;;;TEXS17;;9223-014
2022N-06V91-10K;THERMOPLASTIC HIGH PRESSURE HOSE DN 10;Parker;2022N-06V91-10K;19;9122-06-316L;;;;9125-16;9121-020;TEXS25;19001-24;9223-023
2022N-06V91-5K;THERMOPLASTIC HIGH PRESSURE HOSE DN 10;Parker;2022N-06V91-5K;19;9122-06-316L;;;;9125-08;9121-020;TEXS25;19001-24;9223-023
2030T-12V70;PTFE-HOSE DN 20;Parker;2030T-12V70;23.5;9122-12-316L;;;;;9121-025;TEXS31;19001-30;9223-030
2040H-03-03V10V10;THERMOPLASTIC HIGH PRESSURE HOSE DN 05 DUPLO;Parker;2040H-03-03V10V10;9.8;;;;;9125-16;9121-012;TEXS17;;9223-017
2040H-03V10;THERMOPLASTIC HIGH PRESSURE HOSE DN 05;Parker;2040H-03V10;9.8;;;;;9125-16;9121-012;TEXS17;;9223-017
2040H-04-04-04V10;THERMOPLASTIC HIGH PRESSURE HOSE DN 06 TRIPPEL;Parker;2040H-04-04-04V10V10V10;11.9;9122-04-316L;;;;9125-16;9121-012;TEXS17;;9223-017
2040H-04V10;THERMOPLASTIC HIGH PRESSURE HOSE DN 06;Parker;2040H-04V10;11.9;9122-04-316L;;;;9125-16;9121-012;TEXS17;;9223-017
2040H-05-05V10V10;THERMOPLASTIC HIGH PRESSURE HOSE DN 08 TWIN;Parker;2040H-05-05V10V10-DL;14;9122-05-316L;;;;9125-16;9121-016;TEXS20;19001-24;9223-019
2040H-05V10;THERMOPLASTIC HIGH PRESSURE HOSE DN 08;Parker;2040H-05V10;14;9122-05-316L;;;;9125-16;9121-016;TEXS20;19001-24;9223-019
2040H-06V10;THERMOPLASTIC HIGH PRESSURE HOSE DN 10;Parker;2040H-06V10;15.9;9122-06-316L;;;;9125-16;9121-016;TEXS23;19001-24;9223-022
2040H-08V10;THERMOPLASTIC HIGH PRESSURE HOSE DN 12;Parker;2040H-08V10;19.3;9122-08-316L;;;;9125-16;9121-020;TEXS25;19001-25;9223-023
2040H-10V10;THERMOPLASTIC HIGH PRESSURE HOSE DN 16;Parker;2040H-10V10;23.5;9122-10-316L;;;;9125-16;9121-025;TEXS31;19001-30;9223-030
2040N-02V00;MULTI PURPOSE HOSE (1/8) DN03 W.P. 350 BAR;Parker;2040N-02V00;7;;;;;;;TEXS17;;9223-014
2040N-03V00;MULTI PURPOSE HOSE (3/16) DN05 W.P. 340 BAR;Parker;2040N-03V00;9.8;;;;;;9121-012;TEXS17;;9223-017
2040N-04V00;MULTI PURPOSE HOSE (1/4) DN06 W.P. 310 BAR;Parker;2040N-04V00;11.9;9122-04-316L;;;;;9121-012;TEXS17;;9223-017
2040N-05V00;MULTI PURPOSE HOSE (5/16 DN08 W.P. 250 BAR;Parker;2040N-05V00;14;9122-05-316L;;;;;9121-016;TEXS20;19001-24;9223-019
2040N-06V00;MULTI PURPOSE HOSE (3/8) DN10 W.P. 240 BAR;Parker;2040N-06V00;15.9;9122-06-316L;;;;;9121-016;TEXS23;19001-24;9223-022
2040N-08V00;MULTI PURPOSE HOSE (1/2) DN12 W.P. 185 BAR;Parker;2040N-08V00;19.3;9122-08-316L;;;;;9121-020;TEXS25;19001-25;9223-023
2040N-10V00;MULTI PURPOSE HOSE (5/8) DN16 W.P. 140 BAR;Parker;2040N-10V00-DL;23.5;9122-10-316L;;;;;9121-025;TEXS31;19001-30;9223-030
2040N-12V00;MULTI PURPOSE HOSE (3/4) DN20 W.P. 125 BAR;Parker;2040N-12V00;26.7;9122-12-316L;;;;;9121-025;TEXS33;19001-32;9223-032
2040N-16V00;MULTI PURPOSE HOSE (1) DN25 W.P. 100 BAR;Parker;2040N-16V00-DL;33.5;9122-16-316L;;;;;9121-040;TEXS40;19001-40;9223-040
221FR-12;5/8 MARINE FUEL;Hydrasun;221FR-12;;9122-12-316L;;;;9125-19;;;;
221FR-16;7/8 MARINE FUEL 221FR-16-RL;Parker;221FR-16;31;9122-16-316L;;;;9125-25;;;;
221FR-5;1/4 MARINE FUEL HOSE;Parker;221FR-5;15;9122-05-316L;;;;9125-08;;;;
221FR-6;5/16 MARINE FUEL HOSE;Parker;221FR-6;17;9122-06-316L;;;;9125-10;;;;
221FR-8;13/32 MARINE FUEL;Hydrasun;221FR-8;;9122-08-316L;;;;9125-13;;;;
2240D-02V32-TC;PARKER POLYFLEX SLANG;Parker;2240D-02V32-TC;7;;;;;9125-51;;TEXS17;;9223-014
2240D-04V32;MTR POLYFLEX SLANG;Parker;2240D-04V32;11.4;9122-04-316L;;;;9125-51;9121-012;TEXS17;;9223-017
2240D-05V32;MTR POLYFLEX SLANG;Parker;2240D-05V32;13.2;9122-05-316L;;;;9125-51;9121-016;TEXS20;;9223-019
2244N-025V00;THERMOPLASTIC HIGH PRESSURE 3.9MM (5/32) DN04 W.P. 750 BAR;Parker;2244N-025V00;10;;;;;;9121-012;TEXS17;;9223-017
2244N-06V00;THERMOPLASTIC HIGH PRESSURE 9.8MM (3/8) DN10 W.P. 535 BAR;Parker;2244N-06V00;17.8;9122-06-316L;;;;;9121-020;TEXS23;19001-24;9223-023
2244N-08V10;THERMOPLASTIC HIGH PRESSURE 12.9MM (1/2) DN12 W.P. 550 BAR;Parker;2244N-08V10;22.6;9122-08-316L;;;;9125-16;9121-025;TEXS31;19001-30;9223-030
2244N-20V30;THERMOPLASTIC HIGH PRESSURE 31.8MM (1-1/4) DN32 W.P. 275 BAR;Parker;2244N-20V30;;9122-20-316L;;;;;;;;
2245D-03V32;MTR POLYFLEX SLANG;Hydrasun;2245D-03V32;;;;;;9125-51;;;;
2245N-04V00;THERMOPLASTIC HIGH PRESSURE 6.3MM (1/4) DN06 W.P. 450 BAR;Parker;2245N-04V00;12.5;9122-04-316L;;;;;9121-012;TEXS20;;9223-019
2245N-06-06V00V00;THERMOPLASTIC HIGH PRESSURE 9.7MM (3/8) DN10 W.P. 375 BAR;Parker;2245N-06-06V00V00;17;9122-06-316L;;;;;9121-016;TEXS23;19001-24;9223-022
2245N-06V00;THERMOPLASTIC HIGH PRESSURE 9.7MM (3/8) DN10 W.P. 375 BAR;Parker;2245N-06V00;17;9122-06-316L;;;;;9121-016;TEXS23;19001-24;9223-022
2245N-06V30;THERMOPLASTIC HIGH PRESSURE 9.7MM (3/8) DN10 W.P. 375 BAR;Parker;2245N-06V30;17;9122-06-316L;;;;;9121-016;TEXS23;19001-24;9223-022
2245N-08V00;THERMOPLASTIC HIGH PRESSURE 12.8MM (1/2) DN12 W.P. 350 BAR;Parker;2245N-08V00;20.7;9122-08-316L;;;;;9121-020;TEXS27;19001-27;9223-030
2245N-08V30;THERMOPLASTIC MEDIUM PRESSURE 8.0MM (5/1) DN08 R7 W.P. 165B;Parker;2245N-08V30;20.7;9122-08-316L;;;;;9121-020;TEXS27;19001-27;9223-030
2245N-10V30;THERMOPLASTIC HIGH PRESSURE 16.0MM (5/8) DN16 W.P. 330 BAR;Parker;2245N-10V30;24.5;9122-10-316L;;;;;9121-025;TEXS31;19001-30;9223-030
2245N-12V30;THERMOPLASTIC HIGH PRESSURE 19.6MM (3/4) DN20 W.P. 300 BAR;Parker;2245N-12V30;28.5;9122-12-316L;;;;;9121-032;TEXS36;19001-35;9223-035
2245N-16V30;THERMOPLASTIC HIGH PRESSURE 25.0MM (1) DN25 W.P. 275 BAR;Parker;32;34;9122-16-316L;;;;;9121-040;TEXS40;19001-40;9223-040
2248D-05V32-TC;WP. 1035 BAR / BP. 2588 BAR ID. 8.1 ±0.1 / OD. 13.4 ±0.1;Parker;2248D-05V32-TC;13.4;9122-05-316L;;;;9125-51;9121-016;TEXS20;;9223-019
2370N-04-04V10V10;MTR POLYFLEX SLANG;Parker;2370N-04-04V10V10;12.4;9122-04-316L;;;;9125-16;9121-012;TEXS20;;9223-019
2370N-06/3-FACH;MTR POLYFLEX SLANG;Parker;2370N-06/3-FACH;16.4;9122-06-316L;;;;;9121-016;TEXS23;19001-24;9223-022
2370N-06-06V10V10;MTR POLYFLEX SLANG;Parker;2370N-06-06V10V10-DL;16.4;9122-06-316L;;;;9125-16;9121-016;TEXS23;19001-24;9223-022
2370N-06V10-LL;MTR POLYFLEX SLANG LONG LENGTH;Parker;2370N-06V10-LL;16.4;9122-06-316L;;;;9125-16;9121-016;TEXS23;19001-24;9223-022
2370N-08/3-FACH;MTR POLYFLEX SLANG;Parker;2370N-08/3-FACH;20;9122-08-316L;;;;;9121-020;TEXS25;19001-25;9223-023
2370N-08-08V10V10;MTR POLYFLEX SLANG;Parker;2370N0808V10V10-DL;20;9122-08-316L;;;;9125-16;9121-020;TEXS25;19001-25;9223-023
2370N-08V10;MTR POLYFLEX SLANG;Parker;2370N-08V10;20;9122-08-316L;;;;9125-16;9121-020;TEXS25;19001-25;9223-023
2380F-08V07;THERMOPLASTIC HIGH PRESSURE 12.8MM (1/2) DN12 W.P. 350 BAR;Parker;2380F-08V07;20.6;9122-08-316L;;;;9125-11;9121-020;TEXS27;19001-27;9223-030
2380F-10V07;THERMOPLASTIC HIGH PRESSURE 16.0MM (5/8) DN16 W.P. 300 BAR;Parker;2380F-10V07;24.5;9122-10-316L;;;;9125-11;9121-025;TEXS31;19001-30;9223-030
2380F-12V07-P;MTR POLYFLEX SLANG;Parker;2380F-12V07-P;28.5;9122-12-316L;;;;9125-11;9121-032;TEXS36;19001-35;9223-035
2380M-04V30W;PARKER POLYFLEX SLANG BLACK;Parker;2380M-04V30W;;9122-04-316L;;;;;;;;
2380N-025V10;PARKER POLYFLEX SLANG BLACK;Parker;2380N-025V10;9.7;;;;;9125-16;9121-012;TEXS17;;9223-017
2380N-025V15V15;MTR POLYFLEX SLANG HYTORC COLOR;Parker;2380N-025V15V15-HYTORC;9.7;;;;;;9121-012;TEXS17;;9223-017
2380N04-04V00V00;MTR POLYFLEX SLANG;Parker;2380N04-04V00V00;12.3;9122-04-316L;;;;;9121-012;TEXS20;;9223-019
2380N04-04V02V04;MTR POLYFLEX SLANG RED/BLUE;Parker;2380N-04-04V02V04;12.3;9122-04-316L;;;;9125-06;9121-012;TEXS20;;9223-019
2380N04-04V04V06;MTR POLYFLEX SLANG;Parker;2380N04-04V04V06;12.3;9122-04-316L;;;;9125-10;9121-012;TEXS20;;9223-019
2380N-04-04V08V08-HYT;MTR POLYFLEX SLANG HYTORC COLOR;Parker;2380N-04-04V08V08-HYT;12.3;9122-04-316L;;;;9125-13;9121-012;TEXS20;;9223-019
2380N-04V00;MTR POLYFLEX SLANG;Parker;2380N-04V00;12.3;9122-04-316L;;;;;9121-012;TEXS20;;9223-019
2380N-04V02;MTR POLYFLEX SLANG BLUE;Parker;2380N-04V02;12.3;9122-04-316L;;;;;9121-012;TEXS20;;9223-019
2380N-04V04;MTR POLYFLEX SLANG RED;Parker;2380N-04V04;12.3;9122-04-316L;;;;9125-06;9121-012;TEXS20;;9223-019
2380N-06V10;PARKER POLYFLEX SLANG BLACK;Parker;2380N-06V10;17.8;9122-06-316L;;;;9125-16;9121-020;TEXS23;19001-24;9223-023
2380N-16V12;MTR POLYFLEX SLANG DN25 BLUE;Parker;2380N-16V12;35;9122-16-316L;;;;9125-19;9121-040;TEXS40;19001-40;9223-040
2380N-16V13;MTR POLYFLEX SLANG DN25 GREEN;Parker;2380N-16V13;35;9122-16-316L;;;;;9121-040;TEXS40;19001-40;9223-040
2380N-16V16;MTR POLYFLEX SLANG DN25 YELLOW;Parker;2380N-16V16;35;9122-16-316L;;;;9125-25;9121-040;TEXS40;19001-40;9223-040
2380N-20V30;MTR POLYFLEX SLANG DN32;Parker;2380N-20V30;44.5;9122-20-316L;;;;;9121-050;TEXS53;19001-52;9223-053
2388N-04-04V04V04;MTR POLYFLEX SLANG;Parker;2388N-04-04V04V04;13.3;9122-04-316L;;;;9125-06;9121-016;TEXS20;;9223-019
2388N-04V00;MTR POLYFLEX SLANG;Parker;2388N-04V00-DL;13.3;9122-04-316L;;;;;9121-016;TEXS20;;9223-019
2388N-08V12;MTR POLYFLEX SLANG;Parker;2388N-08V12;23;9122-08-316L;;;;9125-19;9121-025;TEXS31;19001-30;9223-030
2390N-04V00;MTR POLYFLEX HIGH PRESSURE HOSE DN06 BLACK;Parker;2390N-04V00;13.3;9122-04-316L;;;;;9121-016;TEXS20;;9223-019
2390N-04V10;MTR POLYFLEX HIGH PRESSURE HOSE DN06 BLACK;Parker;2390N-04V10-DL;13.3;9122-04-316L;;;;9125-16;9121-016;TEXS20;;9223-019
2390N-04V12;MTR POLYFLEX HIGH PRESSURE HOSE DN06 BLUE;Parker;2390N-04V12-DL;13.3;9122-04-316L;;;;9125-19;9121-016;TEXS20;;9223-019
2390N-04V16;MTR POLYFLEX HIGH PRESSURE HOSE DN06 YELLOW;Parker;2390N-04V16-DL;13.3;9122-04-316L;;;;9125-25;9121-016;TEXS20;;9223-019
2390N-08V10;MTR POLYFLEX HIGH PRESSURE HOSE DN12;Parker;2390N-08V10;22.4;9122-08-316L;;;;9125-16;9121-025;TEXS31;19001-30;9223-030
2390N-08V12;MTR POLYFLEX HIGH PRESSURE HOSE DN12 BLUE;Parker;2390N-08V12-DL;22.4;9122-08-316L;;;;9125-19;9121-025;TEXS31;19001-30;9223-030
2390N-08V13;MTR POLYFLEX HIGH PRESSURE HOSE DN12 GREEN;Parker;2390N-08V13-DL;22.4;9122-08-316L;;;;;9121-025;TEXS31;19001-30;9223-030
2390N-08V16;MTR POLYFLEX HIGH PRESSURE HOSE DN12 YELLOW;Parker;2390N-08V16-DL;22.4;9122-08-316L;;;;9125-25;9121-025;TEXS31;19001-30;9223-030
2390N-08V91;MTR POLYFLEX HIGH PRESSURE HOSE DN12 BLACK;Parker;2390N-08V91;22.4;9122-08-316L;;;;;9121-025;TEXS31;19001-30;9223-030
2390N-12-12V00V00;MTR POLYFLEX HIGH PRESSURE HOSE TWIN DN20;Parker;2390N-12-12V00V00;30.2;9122-12-316L;;;;;9121-032;TEXS36;19001-38;9223-037
2390N-12V03;MTR POLYFLEX HIGH PRESSURE HOSE DN20 GREEN;Parker;2390N-12V03;30.2;9122-12-316L;;;;;9121-032;TEXS36;19001-38;9223-037
2390N-16V12;MTR POLYFLEX HIGH PRESSURE HOSE DN20 BLUE;Parker;2390N-16V12;35;9122-16-316L;;;;9125-19;9121-040;TEXS40;19001-40;9223-040
2390N-16V13;MTR POLYFLEX HIGH PRESSURE HOSE DN25 GREEN;Parker;2390N-16V13;35;9122-16-316L;;;;;9121-040;TEXS40;19001-40;9223-040
2390N-16V16;MTR POLYFLEX HIGH PRESSURE HOSE DN25 YELLOW;Parker;2390N-16V16;35;9122-16-316L;;;;9125-25;9121-040;TEXS40;19001-40;9223-040
2440D-025V32-TC;ULTRA HIGH PRESSURE HOSE DN 04;Parker;2440D-025V32-TC;9.4;;;;;9125-51;9121-012;TEXS17;;9223-017
2440D-03V32;ULTRA HIGH PRESSURE HOSE DN 05 180 MPA;Parker;2440D-03V32-DL;13;;;;;9125-51;9121-012;TEXS20;;9223-019
2440D-03V37;ULTRA HIGH PRESSURE HOSE DN 05 180 MPA;Parker;2440D-03V37-DL;13;;;;;;9121-012;TEXS20;;9223-019
2440D-04V32;ULTRA HIGH PRESSURE HOSE DN 06 120MPA;Parker;2440D-04V32;12.7;9122-04-316L;;;;9125-51;9121-012;TEXS20;;9223-019
2440D-05V32;ULTRA HIGH PRESSURE HOSE DN 08;Parker;2440D-05V32;15.5;9122-05-316L;;;;9125-51;9121-016;TEXS23;19001-24;9223-022
2440N-06V30;ULTRA HIGH PRESSURE HOSE 140 MPA;Parker;2440N-06V30;20;9122-06-316L;;;;;9121-020;TEXS25;19001-25;9223-023
2440N-08V30;ULTRA HIGH PRESSURE HOSE 130 MPA;Parker;2440N-08V30;22.4;9122-08-316L;;;;;9121-025;TEXS31;19001-30;9223-030
2440N-12V30;ULTRA HIGH PRESSURE HOSE 100 MPA;Parker;2440N-12V30;30.2;9122-12-316L;;;;;9121-032;TEXS36;19001-38;9223-037
2440N-16V30;ULTRA HIGH PRESSURE HOSE;Parker;2440N-16V30;37.1;9122-16-316L;;;;;9121-040;TEXS44;19001-45;9223-044
2440N-16V37;ULTRA HIGH PRESSURE HOSE;Parker;2440N-16V37;37.1;9122-16-316L;;;;;9121-040;TEXS44;19001-45;9223-044
2440N-16V91/16-43.2MM-10K;"ULTRA HIGH PRESSURE HOSE DOUBLE WALL 1""";Parker;2440N-16V91/16-43.2MM-10K;37.1;9122-16-316L;;;;9125-16;9121-040;TEXS44;19001-45;9223-044
2580N-06V12;PARKER POLYFLEX SLANG DARK BLUE DN10 1600 BAR;Parker;2580N-06V12;;9122-06-316L;;;;9125-19;;;;
2580N-08V12;PARKER POLYFLEX SLANG DARK BLUE DN12 1400 BAR;Parker;2580N-08V12;;9122-08-316L;;;;9125-19;;;;
2640D-03V32;ULTRA HIGH PRESSURE HOSE DN 05 250 MPA;Parker;2640D-03V32;13;;;;;9125-51;9121-012;TEXS20;;9223-019
2640N-08V32;ULTRA HIGH PRESSURE HOSE DN12 1800 BAR;Parker;2640N-08V32;24.5;9122-08-316L;;;;9125-51;9121-025;TEXS31;19001-30;9223-030
2648N-32V80;"BLACK EAGLE 2"" WP 15.000 PSI";Parker;2648N-32V80;;9122-32-316L;;;;;;;;
301SN-10;NO-SKIVE 15.9MM (5/8) DN16 SAE100R2AT W.P. 250 BAR 301SN10;Parker;301SN-10;25.4;9122-10-316L;HG-100;PG-100;SG-106;FS-F-18,9125-16;9121-025;TEXS31;19001-32;9223-032
301SN-12;NO-SKIVE 19.1MM (3/4) DN20 SAE100R2AT W.P. 215 BAR 301SN12;Parker;301SN-12;29.3;9122-12-316L;HG-100;PG-100;SG-122;FS-F-20,9125-19;9121-032;TEXS36;19001-35;9223-035
301SN-16;NO-SKIVE 25.4MM (1) DN25 SAE100R2AT W.P. 165 BAR;Parker;301SN-16;38.1;9122-16-316L;HG-150;PG-138;SG-155;FS-F-28,9125-25;9121-040;TEXS44;19001-45;9223-044
301SN-20;NO-SKIVE 31.8MM (1-1/4) DN32 SAE100R2AT W.P. 125 BAR;Parker;301SN-20;47.5;9122-20-316L;HG-150;PG-188;SG-209;FS-F-38,9125-32;9121-050;TEXS53;19001-55;9223-053
301SN-24;NO-SKIVE 38.1MM (1-1/2) DN40 SAE100R2AT W.P. 90 BAR;Parker;301SN-24;55;9122-24-316L;HG-200;PG-188;SG-232;FS-F-38,9125-38;9121-050;TEXS60;;
301SN-32;NO-SKIVE 50.8MM (2) DN50 SAE100R2AT W.P. 80 BAR;Parker;301SN-32;67;9122-32-316L;HG-200;PG-188;SG-292;FS-F-48,9125-51;9121-075;TEXS73;19001-75;9223-072
301SN-4;NO-SKIVE 6.3MM (1/4) DN06 SAE100R2AT W.P. 400 BAR;Parker;301SN-4;15;9122-04-316L;;PG-050;SG-066;FS-F-11,9125-06;9121-016;TEXS20;19001-24;9223-022
301SN-40;NO-SKIVE 63.1MM (2-1/2) DN63 SAE100R2AT W.P. 69 BAR;F.B. Hydraulic SRL;131110640;;9122-40-316L;;;;9125-64;;;;
301SN-48;NO-SKIVE 75.5MM (3) DN75 SAE100R2AT W.P. 50 BAR;F.B. Hydraulic SRL;131110648;;;;;;9125-76;;;;
301SN-5;NO-SKIVE 7.9MM (5/16) DN08 SAE100R2AT W.P. 350 BAR;Parker;301SN-5;16.6;9122-05-316L;;PG-062;SG-072;FS-F-12,9125-08;9121-016;TEXS23;19001-24;9223-022
301SN-6;NO-SKIVE 9.5MM (3/8) DN10 SAE100R2AT W.P. 330 BAR;Parker;301SN-6;19;9122-06-316L;HG-075;PG-075;SG-084;FS-F-14,9125-10;9121-020;TEXS25;19001-24;9223-023
301SN-8;NO-SKIVE 12.7MM (1/2) DN12 SAE100R2AT W.P. 275 BAR;Parker;301SN-8;22.2;9122-08-316L;HG-075;PG-088;SG-097;FS-F-18,9125-13;9121-025;TEXS31;19001-30;9223-030
301TC-10;NO-SKIVE 16MM (5/8) DN16 SAE100R2AT W.P. 250 BAR;Parker;301TC-10;25.4;9122-10-316L;HG-100;PG-100;SG-106;FS-F-18,9125-16;9121-025;TEXS31;19001-32;9223-032
301TC-12;NO-SKIVE 19MM (3/4) DN19 SAE100R2AT W.P. 215 BAR;Parker;301TC-12;29.3;9122-12-316L;HG-100;PG-100;SG-122;FS-F-20,9125-19;9121-032;TEXS36;19001-35;9223-035
301TC-16;NO-SKIVE 25.4MM (1) DN25 SAE100R2AT W.P. 165 BAR;Parker;301TC-16;38.1;9122-16-316L;HG-150;PG-138;SG-155;FS-F-28,9125-25;9121-040;TEXS44;19001-45;9223-044
301TC-20;NO-SKIVE 31.8MM (11/4) DN31 SAE100R2AT W.P. 125 BAR;Parker;301TC-20;47.5;9122-20-316L;HG-150;PG-188;SG-209;FS-F-38,9125-32;9121-050;TEXS53;19001-55;9223-053
301TC-24;NO-SKIVE 38.1MM (1-1/2) DN40 SAE100R2AT W.P. 90 BAR;Parker;301TC-24;55;9122-24-316L;HG-200;PG-188;SG-232;FS-F-38,9125-38;9121-050;TEXS60;;
301TC-32;NO-SKIVE 50.8MM (2) DN50 T.C. SAE100R2AT W.P. 80 BAR;Parker;301TC-32;67;9122-32-316L;HG-200;PG-188;SG-292;FS-F-48,9125-51;9121-075;TEXS73;19001-75;9223-072
301TC-4;NO-SKIVE 6.4MM (1/4) DN06 SAE100R2AT W.P. 400 BAR;Parker;301TC-4;15;9122-04-316L;;PG-050;SG-066;FS-F-11,9125-06;9121-016;TEXS20;19001-24;9223-022
301TC-6;NO-SKIVE 9.5MM (3/8) DN10 SAE100R2AT W.P. 330 BAR;Parker;301TC-6;19;9122-06-316L;HG-075;PG-075;SG-084;FS-F-14,9125-10;9121-020;TEXS25;19001-24;9223-023
301TC-8;NO-SKIVE 12MM (1/2) DN10 SAE100R2AT W.P. 275 BAR;Parker;301TC-8;22.2;9122-08-316L;HG-075;PG-088;SG-097;FS-F-18,9125-13;9121-025;TEXS31;19001-30;9223-030
372RH-10;PARKER RAIL HOSE 372RH DN16;Parker;372RH-10;28.2;9122-10-316L;HG-100;PG-100;SG-122;FS-F-20,9125-16;9121-032;TEXS36;19001-35;9223-035
421SN-10;NO-SKIVE 15.9MM (5/8) DN16 SAE100R1AT 1SN W.P. 130 BAR;Parker;421SN-10;23.9;9122-10-316L;HG-075;PG-088;SG-097;FS-F-18,9125-16;9121-025;TEXS31;19001-30;9223-030
421SN-12;NO-SKIVE 19.1MM (3/4) DN20 SAE100R1AT 1SN W.P. 105 BAR;Parker;421SN-12;27.8;9122-12-316L;HG-100;PG-100;SG-113;FS-F-20,9125-19;9121-025;TEXS33;19001-35;9223-035
421SN-16;NO-SKIVE 25.4MM (1) DN25 SAE100R1AT 1SN W.P. 88 BAR;Parker;421SN-16;35.8;9122-16-316L;HG-125;PG-138;SG-155;FS-F-24,9125-25;9121-040;TEXS44;19001-45;9223-044
421SN-20;NO-SKIVE 31.8MM (1-1/4) DN32 SAE100R1AT 1SN W.P. 63 BAR;Parker;421SN-20;44.8;9122-20-316L;HG-150;PG-138;SG-182;FS-F-32,9125-32;9121-050;TEXS53;19001-52;9223-053
421SN-24;NO-SKIVE 38.1MM (1-1/2) DN40 SAE100R1AT 1SN W.P. 50 BAR;Parker;421SN-24;51.1;9122-24-316L;HG-200;PG-188;SG-209;FS-F-38,9125-38;9121-050;TEXS60;;
421SN-32;NO-SKIVE 50.8MM (2) DN50 SAE100R1AT 1SN W.P. 40 BAR;Parker;421SN-32;64.7;9122-32-316L;HG-200;PG-188;SG-270;FS-F-48,9125-51;9121-050;TEXS73;19001-70;9223-072
421SN-4;NO-SKIVE 6.3MM (1/4) DN06 SAE100R1AT 1SN W.P. 225 BAR;Parker;421SN-4;13.4;9122-04-316L;;PG-050;SG-060;FS-F-10,9125-06;9121-016;TEXS20;;9223-019
421SN-5;NO-SKIVE 7.9MM (5/16) DN08 SAE100R1AT 1SN W.P. 215 BAR;Parker;421SN-5;15;9122-05-316L;;PG-050;SG-066;FS-F-11,9125-08;9121-016;TEXS20;19001-24;9223-022
421SN-6;NO-SKIVE 9.5MM (3/8) DN10 SAE100R1AT 1SN W.P. 180 BAR;Parker;421SN-6;17.4;9122-06-316L;;PG-062;SG-072;FS-F-14,9125-10;9121-020;TEXS23;19001-24;9223-023
421SN-8;NO-SKIVE 12.7MM (1/2) DN12 SAE100R1AT 1SN W.P. 160 BAR;Parker;421SN-8;20.7;9122-08-316L;HG-075;PG-075;SG-084;FS-F-16,9125-13;9121-020;TEXS27;19001-27;9223-030
421TC-04;NO-SKIVE 6.3MM (1/4) DN06 SAE100R1AT W.P. 225 BAR;Parker;421TC-4;13.4;9122-04-316L;;PG-050;SG-060;FS-F-10,9125-06;9121-016;TEXS20;;9223-019
421TC-06;NO-SKIVE 9.5MM (3/8) DN10 SAE100R1AT W.P. 180 BAR;Parker;421TC-6;17.4;9122-06-316L;;PG-062;SG-072;FS-F-14,9125-10;9121-020;TEXS23;19001-24;9223-023
421TC-08;NO-SKIVE 12.7MM (1/2) DN12 SAE100R1AT W.P. 160 BAR;Parker;421TC-8;20.7;9122-08-316L;HG-075;PG-075;SG-084;FS-F-16,9125-13;9121-020;TEXS27;19001-27;9223-030
421TC-24;NO-SKIVE 38.1MM (1-1/2) DN40 SAE100R1AT 1SN W.P. 50 BAR;Parker;421TC-24;51.1;9122-24-316L;HG-200;PG-188;SG-209;FS-F-38,9125-38;9121-050;TEXS60;;
421TC-32;NO-SKIVE 50.8MM (2) DN50 SAE100R1AT 1SN W.P. 40 BAR;Parker;421TC-32;64.7;9122-32-316L;HG-200;PG-188;SG-270;FS-F-48,9125-51;9121-050;TEXS73;19001-70;9223-072
422-12;NO-SKIVE 19.0MM (3/4) DN19 SAE100R1AT 1SN W.P. 105 BAR;Parker;422-12;27.8;9122-12-316L;HG-125;PG-119;SG-113;FS-F-20,9125-19;9121-025;TEXS33;19001-35;9223-035
422-16;NO-SKIVE 25.4MM (1) DN25 SAE100R1AT 1SN W.P. 88 BAR;Parker;422-16;35.8;9122-16-316L;HG-150;PG-188;SG-155;FS-F-24,9125-25;9121-040;TEXS44;19001-45;9223-044
422-24;NO-SKIVE 38.1MM (1-1/2) DN40 SAE100R1AT 1SN W.P. 50 BAR;Parker;422-24;51.1;9122-24-316L;HG-200;PG-188;SG-209;FS-F-38,9125-38;9121-050;TEXS60;;
422-6;NO-SKIVE 9.5MM (3/8) DN10 SAE100R1AT 1SN W.P. 180 BAR;Parker;422-4;17.4;9122-06-316L;HG-075;PG-062;SG-060;FS-F-10,9125-10;9121-020;TEXS23;19001-24;9223-023
422-8;NO-SKIVE 12.7MM (1/2) DN12 SAE100R1AT 1SN W.P. 160 BAR;Parker;422-8;20.7;9122-08-316L;HG-125;PG-088;SG-084;FS-F-14,9125-13;9121-020;TEXS27;19001-27;9223-030
431-12;MTR COMPACT NO-SKIVE HOSE;Parker;431-12;28;9122-12-316L;;;;9125-19;9121-025;TEXS33;19001-35;9223-035
431-16;MTR COMPACT NO-SKIVE HOSE;Parker;431-16;36;9122-16-316L;;;;9125-25;9121-040;TEXS44;19001-45;9223-044
431-4;MTR COMPACT NO-SKIVE HOSE;Parker;431-4;13;9122-04-316L;;;;9125-06;9121-012;TEXS20;;9223-019
431-6;MTR COMPACT NO-SKIVE HOSE;Parker;431-6;17;9122-06-316L;;;;9125-10;9121-016;TEXS23;19001-24;9223-022
431-8;MTR COMPACT NO-SKIVE HOSE;Parker;431-8;20;9122-08-316L;;;;9125-13;9121-020;TEXS25;19001-25;9223-023
441-04;NO-SKIVE 6.3MM (1/4) DN06 SAE100R16 W.P. 350 BAR;Parker;441-4;13.4;9122-04-316L;;PG-050;SG-060;FS-F-10,9125-06;9121-016;TEXS20;;9223-019
441-05;NO-SKIVE 7.9MM (5/16) DN08 SAE100R16 W.P. 297 BAR;Parker;441-5;15;9122-05-316L;;PG-050;SG-066;FS-F-11,9125-08;9121-016;TEXS20;19001-24;9223-022
441-06;NO-SKIVE 9.5MM (3/8) DN10 SAE100R16 W.P. 280 BAR;Parker;441-6;17.4;9122-06-316L;;PG-062;SG-072;FS-F-14,9125-10;9121-020;TEXS23;19001-24;9223-023
441-08;NO-SKIVE 12.7MM (1/2) DN12 SAE100R16 W.P. 245 BAR;Parker;441-8;20.7;9122-08-316L;HG-075;PG-075;SG-084;FS-F-16,9125-13;9121-020;TEXS27;19001-27;9223-030
441-10;NO-SKIVE 15.9MM (5/8) DN16 SAE100R16 W.P. 192 BAR;Parker;441-10;23.8;9122-10-316L;HG-075;PG-088;SG-097;FS-F-18,9125-16;9121-025;TEXS31;19001-30;9223-030
441-12;NO-SKIVE 19.1MM (3/4) DN20 SAE100R16 W.P. 157 BAR;Parker;441-12;27.8;9122-12-316L;HG-100;PG-100;SG-113;FS-F-20,9125-19;9121-025;TEXS33;19001-35;9223-035
441-16;NO-SKIVE 25.4MM (1) DN25 SAE100R16 W.P. 140 BAR;Parker;441-16;35.8;9122-16-316L;HG-125;PG-138;SG-155;FS-F-24,9125-25;9121-040;TEXS44;19001-45;9223-044
441RH-10;MTR SAE 100 R16 DN16 RAILWAY HOSE;Parker;441RH-10;23.8;9122-10-316L;HG-075;PG-088;SG-097;FS-F-18,9125-16;9121-025;TEXS31;19001-30;9223-030
441RH-12;MTR SAE 100 R16 DN20 RAILWAY HOSE;Parker;441RH-12;27.8;9122-12-316L;HG-100;PG-100;SG-113;FS-F-20,9125-19;9121-025;TEXS33;19001-35;9223-035
441RH-16;MTR SAE 100 R16 DN25 RAILWAY HOSE;Parker;441RH-16;35.8;9122-16-316L;HG-125;PG-138;SG-155;FS-F-24,9125-25;9121-040;TEXS44;19001-45;9223-044
441RH-4;MTR SAE 100 R16 DN6 RAILWAY HOSE;Parker;441RH-4;13.4;9122-04-316L;;PG-050;SG-060;FS-F-10,9125-06;9121-016;TEXS20;;9223-019
441RH-5;MTR SAE 100 R16 DN8 RAILWAY HOSE;Parker;441RH-5;15;9122-05-316L;;PG-050;SG-066;FS-F-11,9125-08;9121-016;TEXS20;19001-24;9223-022
441RH-6;MTR SAE 100 R16 DN10 RAILWAY HOSE;Parker;441RH-6;17.4;9122-06-316L;;PG-062;SG-072;FS-F-14,9125-10;9121-020;TEXS23;19001-24;9223-023
441RH-8;MTR SAE 100 R16 DN12 RAILWAY HOSE;Parker;441RH-8;20.7;9122-08-316L;HG-075;PG-075;SG-084;FS-F-16,9125-13;9121-020;TEXS27;19001-27;9223-030
510A-4;PARFLEX 510A-4 DN06;Parker;510A-4;11.9;9122-04-316L;;;;9125-06;9121-012;TEXS17;;9223-017
510D-10;PARFLEX 510D-10 DN16 SAE 100 R7 HOSE;Parker;510D-10;24.6;9122-10-316L;;;;9125-16;9121-025;TEXS31;19001-30;9223-030
510D-12;PARFLEX 510D-12 DN20 SAE 100 R7;Parker;510D-12;27.4;9122-12-316L;;;;9125-19;9121-025;TEXS33;19001-35;9223-035
510D-16;PARFLEX 510D-16 DN25;Parker;510D-16;33.4;9122-16-316L;;;;9125-25;9121-040;TEXS40;19001-40;9223-040
510D-3;PARFLEX 510D-3 DN05 ISO / SAE 100 R7;Parker;510D-3;10.7;;;;;;9121-012;TEXS17;;9223-017
510D-4;PARFLEX 510D-4 DN06 ISO / SAE 100 R7;Parker;510D-4;11.7;9122-04-316L;;;;9125-06;9121-012;TEXS17;;9223-017
510D-5;PARFLEX 510D-5 DN08 ISO / SAE 100 R7;Parker;510D-5;14.3;9122-05-316L;;;;9125-08;9121-016;TEXS20;19001-24;9223-022
510D-5-5;THERMOPLASTIC MEDIUM PRESSURE 8.0MM (5/16) DN08 R7 W.P. 165B;Parker;510D-5-5;14.3;9122-05-316L;;;;9125-08;9121-016;TEXS20;19001-24;9223-022
510D-6;PARFLEX 510D-6 DN 10 SAE 100 R7;Parker;510D-6;16;9122-06-316L;;;;9125-10;9121-016;TEXS23;19001-24;9223-022
510D-8;PARFLEX 510D-8 DN12 ISO / SAE 100 R7;Parker;510D-8;20.5;9122-08-316L;;;;9125-13;9121-020;TEXS27;19001-27;9223-030
5155-3;THERMOPLASTIC FUEL HOSE SAE 30R3 4.3MM (3/16) DN05;Parker;5155-3;;;;;;;;;;
5155-5;PARFLEX 5155-5 DN08;Parker;5155-5;;9122-05-316L;;;;9125-08;;;;
518C-04;THERMOPLASTIC NON-CONDUCTIVE 6.3MM (1/4) DN06 R7 WP. 190 BAR;Parker;518C-4;11.7;9122-04-316L;;;;9125-06;9121-012;TEXS17;;9223-017
518C-06;THERMOPLASTIC NON-CONDUCTIVE 9.5MM (3/8) DN10 R7 WP. 155 BAR;Parker;518C-6;16;9122-06-316L;;;;9125-10;9121-016;TEXS23;19001-24;9223-022
518D-12;PARFLEX 518D-12 DN20 NC HOSE;Parker;518D-12;27.4;9122-12-316L;;;;9125-19;9121-025;TEXS33;19001-35;9223-035
518D-4;PARFLEX 518D-4 DN06 NC HOSE;Parker;518D-4;11.7;9122-04-316L;;;;9125-06;9121-012;TEXS17;;9223-017
518D-8;PARFLEX 518D-8 DN12 NC HOSE;Parker;518D-8;20.5;9122-08-316L;;;;9125-13;9121-020;TEXS27;19001-27;9223-030
520N-04-04;TWIN PARFLEX 520N-4-4 DN06 R8 520N-4-4;Parker;520N-4-4;12.7;9122-04-316L;;;;9125-06;9121-012;TEXS20;;9223-019
520N-05-05;TWIN PARFLEX 520N-5-5 DN08 R8 520N-5-5;Parker;520N-5-5;14.5;9122-05-316L;;;;9125-08;9121-016;TEXS20;19001-24;9223-022
520N-06-06;TWIN PARFLEX 520N-6-6 DN10 R8 520N-6-6;Parker;520N-6-6;16.1;9122-06-316L;;;;9125-10;9121-016;TEXS23;19001-24;9223-022
520N-08-08;TWIN PARFLEX 520N-8-8 DN12 R8 520N8-8;Parker;520N-8-8;20.4;9122-08-316L;;;;9125-13;9121-020;TEXS27;19001-27;9223-030
520N-08-08-08;TRIPLE PARFLEX 520N-8-8-8 DN12 R8 520N-8-8-8-26;Parker;520N-8-8-8-26;20.4;9122-08-316L;;;;9125-13;9121-020;TEXS27;19001-27;9223-030
520N-3;THERMOPLASTIC HIGH PRESSURE 4.3MM (3/16) DN05 R8 W.P. 345;Parker;520N-3;10.6;;;;;;9121-012;TEXS17;;9223-017
520N-4;THERMOPLASTIC HIGH PRESSURE 6.3MM (1/4) DN06 R8 W.P. 345;Parker;520N-4;12.7;9122-04-316L;;;;9125-06;9121-012;TEXS20;;9223-019
520N-5;THERMOPLASTIC HIGH PRESSURE 7.9MM (5/16) DN08 R8 W.P. 310;Parker;520N-5;14.5;9122-05-316L;;;;9125-08;9121-016;TEXS20;19001-24;9223-022
520N-6;THERMOPLASTIC HIGH PRESSURE 9.5MM (3/8) DN10 R8 W.P. 275;Parker;520N-6;16.1;9122-06-316L;;;;9125-10;9121-016;TEXS23;19001-24;9223-022
520N-8;THERMOPLASTIC HIGH PRESSURE 12.7MM (1/2) DN12 R8 W.P. 240;Parker;520N-8;20.4;9122-08-316L;;;;9125-13;9121-020;TEXS27;19001-27;9223-030
526BA-4;BREATHING AIR REFILL HOSE 6000 PSI CONSTANT PRESSURE;Parker;526BA-4;;9122-04-316L;;;;9125-06;;;;
527BA-4;BREATHING AIR REFILL HOSE_REEL;Parker;527BA-4;;9122-04-316L;;;;9125-06;;;;
528N-3;THERMOPLASTIC NON-CONDUCTIVE 4.3MM (3/16) DN05 R8 WP. 345 BA;Parker;528N-3;10.6;;;;;;9121-012;TEXS17;;9223-017
528N-4;THERMOPLASTIC NON-CONDUCTIVE 6.3MM (1/4) DN06 R8 WP. 345 BAR;Parker;528N-4;12.7;9122-04-316L;;;;9125-06;9121-012;TEXS20;;9223-019
528N-5;THERMOPLASTIC NON-CONDUCTIVE 7.9MM (5/16) DN08 R8 WP 310 BAR;Parker;528N-5;14.5;9122-05-316L;;;;9125-08;9121-016;TEXS20;19001-24;9223-022
528N-6;THERMOPLASTIC NON-CONDUCTIVE 9.5MM (3/8) DN10 R8 WP. 276 BAR;Parker;528N-6;16.1;9122-06-316L;;;;9125-10;9121-016;TEXS23;19001-24;9223-022
528N-8;THERMOPLASTIC NON-CONDUCTIVE 12.7MM (1/2) DN13 R8 WP. 241 BA;Parker;528N-8;20.4;9122-08-316L;;;;9125-13;9121-020;TEXS27;19001-27;9223-030
53DM-10;THERMOPLASTIC MEDIUM PRESSURE 15.9MM (5/8) DN16 R18 W.P.210B;Parker;53DM-10;26.2;9122-10-316L;;;;9125-16;9121-025;TEXS33;19001-32;9223-032
53DM-4;THERMOPLASTIC MEDIUM PRESSURE 6.3MM (1/4) DN06 R18 W.P. 210B;Parker;53DM-4;11.9;9122-04-316L;;;;9125-06;9121-012;TEXS17;;9223-017
53DM-6;THERMOPLASTIC MEDIUM PRESSURE 9.5MM (3/8) DN10 R18 W.P. 210B;Parker;53DM-6;16.7;9122-06-316L;;;;9125-10;9121-016;TEXS23;19001-24;9223-022
53DM-8;THERMOPLASTIC MEDIUM PRESSURE 12.7MM (1/2) DN12 R18 W.P.210B;Parker;53DM-8;21.3;9122-08-316L;;;;9125-13;9121-020;TEXS27;19001-27;9223-030
540N-2;MTR NYLAFLOW HOSE R7;Parker;540N-2;8;;;;;;;TEXS17;;9223-014
540N-3;MTR NYLAFLOW HOSE R7;Parker;540N-3;10.7;;;;;;9121-012;TEXS17;;9223-017
540N-6;MTR NYLAFLOW HOSE R7;Parker;540N-6;16;9122-06-316L;;;;9125-10;9121-016;TEXS23;19001-24;9223-022
540N-8;MTR NYLAFLOW HOSE R7;Parker;540N-8-DL;20.5;9122-08-316L;;;;9125-13;9121-020;TEXS27;19001-27;9223-030
540P-8;PARFLEX-SCHLAUCH DN12 H;Parker;540P-8;20.6;9122-08-316L;;;;9125-13;9121-020;TEXS27;19001-27;9223-030
550H-12;THERMOPLASTIC MEDIUM PRESSURE 19.1MM (3/4) DN20 R7 W.P. 85 B;Parker;550H-12-DL;27.4;9122-12-316L;;;;9125-19;9121-025;TEXS33;19001-35;9223-035
550H-3;THERMOPLASTIC MEDIUM PRESSURE 4.3MM (3/16) DN05 R7 W.P. 225;Parker;550H-3;10.7;;;;;;9121-012;TEXS17;;9223-017
550H-3-3;THERMOPLASTIC MEDIUM PRESSURE 4.3MM (3/16) DN05 R7 W.P. 225;Parker;550H-3-3;10.7;;;;;;9121-012;TEXS17;;9223-017
550H-4;THERMOPLASTIC MEDIUM PRESSURE 6.3MM (1/4) DN06 R7 W.P. 210 B;Parker;550H-4;12.6;9122-04-316L;;;;9125-06;9121-012;TEXS20;;9223-019
550H-4-4;THERMOPLASTIC MEDIUM PRESSURE 6.3MM (1/4) DN06 R7 W.P. 210 B;Parker;550H-4-4;12.6;9122-04-316L;;;;9125-06;9121-012;TEXS20;;9223-019
550H-6;THERMOPLASTIC MEDIUM PRESSURE 9.5MM (3/8) DN10 R7 W.P. 175 B;Parker;550H-6;16.3;9122-06-316L;;;;9125-10;9121-016;TEXS23;19001-24;9223-022
550H-6-6;THERMOPLASTIC MEDIUM PRESSURE 9.5MM (3/8) DN10 R7 W.P. 155 B;Parker;550H-6-6;16.3;9122-06-316L;;;;9125-10;9121-016;TEXS23;19001-24;9223-022
550H-6-6-6;THERMOPLASTIC MEDIUM PRESSURE 9.5MM (3/8) DN10 R7 W.P. 155 B;Hydrauliek Online;550H-6-6-6;;9122-06-316L;;;;9125-10;;;;
550H-8;THERMOPLASTIC MEDIUM PRESSURE 12.7MM (1/2) DN13 R7 W.P. 140B;Parker;550H-8;20.3;9122-08-316L;;;;9125-13;9121-020;TEXS27;19001-27;9223-030
56DH-2;PARKER DIAGNOSTIC PLASTIC HOSE;Parker;56DH-2;8.1;;;;;;;TEXS17;;9223-014
575X-12;LOW EXP./WP 5000 PSI PARFLEX;Parker;575X-12;29.2;9122-12-316L;;;;9125-19;9121-032;TEXS36;19001-35;9223-035
575X-16;LOW EXP./WP 5000 PSI PARFLEX;Parker;575X-16;40.3;9122-16-316L;;;;9125-25;9121-040;TEXS47;;9223-047
575X-4;LOW EXP./WP 5000 PSI PARFLEX;Parker;575X-4;12.8;9122-04-316L;;;;9125-06;9121-012;TEXS20;;9223-019
575X-6;LOW EXP./WP 5000 PSI PARFLEX;Parker;575X-6;16.3;9122-06-316L;;;;9125-10;9121-016;TEXS23;19001-24;9223-022
575XN-8;LOW EXP./WP 5000 PSI PARFLEX;Parker;575XN-8;20.6;9122-08-316L;;;;9125-13;9121-020;TEXS27;19001-27;9223-030
580N-04;PARFLEX HOSE 580N-4;Parker;580N-4;13;9122-04-316L;;;;9125-06;9121-012;TEXS20;;9223-019
580N-06;PARFLEX HOSE 580N-6;Parker;580N-6;16.5;9122-06-316L;;;;9125-10;9121-016;TEXS23;19001-24;9223-022
580N-08;PARFLEX HOSE 580N-8;Parker;580N-8;23;9122-08-316L;;;;9125-13;9121-025;TEXS31;19001-30;9223-030
580N-08-08;PARFLEX TWIN HOSE 580N-8-8;Parker;580N-8-8;23;9122-08-316L;;;;9125-13;9121-025;TEXS31;19001-30;9223-030
580N-12;PARFLEX HOSE 580N-12;Parker;580N-12;29.5;9122-12-316L;;;;9125-19;9121-032;TEXS36;19001-35;9223-035
588N-06;MTR PARFLEX SLANG R8 588N-6;Parker;588N-6;16.5;9122-06-316L;;;;9125-10;9121-016;TEXS23;19001-24;9223-022
588N-08;MTR PARFLEX SLANG R8 588N-8;Parker;588N-8;23;9122-08-316L;;;;9125-13;9121-025;TEXS31;19001-30;9223-030
588N-10;MTR PARFLEX SLANG R8;Parker;588N-10;24.9;9122-10-316L;;;;9125-16;9121-025;TEXS31;19001-30;9223-030
588N-12;MTR PARFLEX SLANG R8;Parker;588N-12;29.5;9122-12-316L;;;;9125-19;9121-032;TEXS36;19001-35;9223-035
588N-4;MTR PARFLEX SLANG R8;Parker;588N-4;13;9122-04-316L;;;;9125-06;9121-012;TEXS20;;9223-019
7200-04;HYDR. HOSE 700 BAR;Calseyde;VHP-DN06-0412;;9122-04-316L;;;;9125-06;;;;
7200-04TWIN;HYDR. HOSE 700 BAR TWIN;Calseyde;VHPD-DN06-1412;;9122-04-316L;;;;9125-06;;;;
7200-06;HYDR. HOSE 700 BAR;Calseyde;VHP-DN10-0414;;9122-06-316L;;;;9125-10;;;;
7200-06LGR;HYDR. HOSE 700 BAR LIME GREEN;Calseyde;VHP-DN10-0404 LIOME GREEN;;9122-06-316L;;;;9125-10;;;;
7200-06ORA;HYDR. HOSE 700 BAR ORANGE;Calseyde;VHP-DN10-0404 ORANGE;;9122-06-316L;;;;9125-10;;;;
7200N-04;HYDR. HOSE 700 BAR NON-CONDUCTIVE;Calseyde;VHP-DN06-0462;;9122-04-316L;;;;9125-06;;;;
811-12;NO-SKIVE 19.1MM (3/4) DN20 SAE 100R4 SUCTION AND RETURN;Parker;811-12;30;9122-12-316L;HG-100;PG-119;SG-113;FS-F-22,9125-19;9121-032;TEXS36;19001-35;9223-035
811-16;NO-SKIVE 25.4MM (1) DN25 SAE 100R4 SUCTION AND RETURN;Parker;811-16;38;9122-16-316L;HG-150;PG-138;SG-131;FS-F-28,9125-25;9121-040;TEXS44;19001-45;9223-044
811-20;NO-SKIVE 31.8MM (1-1/4) DN32 100R4 SUCTION AND RETURN;Parker;811-20;45;9122-20-316L;HG-150;PG-138;SG-182;FS-F-32,9125-32;9121-050;TEXS53;19001-52;9223-053
811-24;NO-SKIVE 38.1MM (1-1/2) DN40 100R4 SUCTION AND RETURN;Parker;811-24;52;9122-24-316L;HG-200;PG-188;SG-220;FS-F-38,9125-38;9121-050;TEXS60;;
811-32;NO-SKIVE 50.8MM (2) DN50 100R4 SUCTION AND RETURN;Parker;811-32;64;9122-32-316L;HG-200;PG-188;SG-270;FS-F-48,9125-51;9121-050;TEXS73;19001-70;9223-072
811-40;NO-SKIVE 62.3MM (2-1/2) DN62 100R4 SUCTION AND RETURN;Parker;811-40;75;9122-40-316L;HG-200;;;9125-64;9121-075;TEXS85;19001-85;9223-080
811-48;NO-SKIVE 75MM (3) DN75 100R4 SUCTION AND RETURN;Parker;811-48;90;;HG-350;;;9125-76;9121-075;;;
811-56;NO-SKIVE 89MM (3-1/2) DN90 100R4 SUCTION AND RETURN;Dietzel;14A-56;;;;;;9125-89;;;;
811S-32;NO-SKIVE 50.8MM (2) 100R4 SUCTION AND RETURN;Parker;811S-32;64;9122-32-316L;HG-200;PG-188;SG-270;FS-F-48,9125-51;9121-050;TEXS73;19001-70;9223-072
811S-40;NO-SKIVE 63.5MM (2-1/2) 100R4 SUCTION AND RETURN;Parker;811S-40;75;9122-40-316L;HG-200;;;9125-64;9121-075;TEXS85;19001-85;9223-080
811S-48;NO-SKIVE 76.2MM (3) 100R4 SUCTION AND RETURN;Parker;811S-48;90;;HG-350;;;9125-76;9121-075;;;
811S-56;NO-SKIVE 88.9MM (31/2) 100R4 SUCTION AND RETURN;Parker;811S-56;106;;;;;9125-89;9121-090;TEXS112;;
811S-64;NO-SKIVE 101.6MM (4) 100R4 SUCTION AND RETURN;Parker;811S-64;116;;;;;9125-102;9121-090;TEXS127;;
811S-80;NO-SKIVE 127.0MM (5) 100R4 SUCTION AND RETURN;Parker;811S-80;142;;;;;;9121-090;;;
811S-96;NO-SKIVE 152.4MM (6) 100R4 SUCTION AND RETURN;Parker;811S-96;172;;;;;;9121-090;;;
881-12;NO-SKIVE 19.1MM (3/4) DN20 SAE 100R4 SUCTION AND RETURN;Parker;881-12;30;9122-12-316L;;;;9125-19;9121-032;TEXS36;19001-35;9223-035
881-16;NO-SKIVE 25.4MM (1) DN25 SAE 100R4 SUCTION AND RETURN;Parker;881-16;38;9122-16-316L;;;;9125-25;9121-040;TEXS44;19001-45;9223-044
881-20;NO-SKIVE 31.8MM (1-1/4) DN32 100R4 SUCTION AND RETURN;Parker;881-20;45;9122-20-316L;;;;9125-32;9121-050;TEXS53;19001-52;9223-053
881-24;NO-SKIVE 38.1MM (1-1/2) DN40 100R4 SUCTION AND RETURN;Parker;881-24;52;9122-24-316L;;;;9125-38;9121-050;TEXS60;;
881-32;NO-SKIVE 50.8MM (2) DN50 100R4 SUCTION AND RETURN;Parker;881-32;63;9122-32-316L;;;;9125-51;9121-050;TEXS73;19001-70;9223-072
881-40;NO-SKIVE 63.5MM (21/2) DN63 100R4 SUCTION AND RETURN;Parker;881-40;75;9122-40-316L;;;;9125-64;9121-075;TEXS85;19001-85;9223-080
919-6;SMOOTH BORE PTFE HOSE 5/16 DN8 W.P. 170 BAR;Parker;919-6;11;9122-06-316L;;;;9125-10;9121-012;TEXS17;;9223-017
919U-12;SMOOTH BORE PTFE HOSE 5/8 DN16 W.P. 80 BAR;Parker;919U-12;21.4;9122-12-316L;;;;9125-19;9121-020;TEXS27;19001-27;9223-030
919U-16;SMOOTH BORE PTFE HOSE 7/8 DN22 W.P. 69 BAR;Parker;919U-16;27;9122-16-316L;;;;9125-25;9121-025;TEXS33;19001-32;9223-032
919U-4;SMOOTH BORE PTFE HOSE 3/16 DN5 W.P. 210 BAR;Parker;919U-4;9.5;9122-04-316L;;;;9125-06;9121-012;TEXS17;;9223-017
919U-6;SMOOTH BORE PTFE HOSE 5/16 DN8 W.P. 170 BAR;Parker;919U-6;12.7;9122-06-316L;;;;9125-10;9121-012;TEXS20;;9223-019
919U-8;SMOOTH BORE PTFE HOSE 13/32 W.P.140 BAR;Parker;919U-8;15.9;9122-08-316L;;;;9125-13;9121-016;TEXS23;19001-24;9223-022
AIR06MM;AIRHOSE AIRFORM PLW 20 ø 6x12 mm;Peters;P002228;;9122-06-316L;;;;9125-10;;;;
AIR08MM;LUCHTSLANG AIRFORM BS5118/2;Peters;P002231;;9122-08-316L;;;;9125-13;;;;
AIR10MM;LUCHTSLANG AIRFORM BS5118/2-ø10X17MM;Peters;P002208;;9122-10-316L;;;;9125-16;;;;
AIR10MMGEEL 15 BAR;AIRHOSE UNIVERSAL/15 YELLOW ø 10x3,5;Peters;P001869;;9122-10-316L;;;;;;;;
AIR13MM;AIRHOSE AIRFORM PLW 20 Ø 13 x 21 mm;Peters;P002211;;;;;;;;;;
AIR13MMGEEL 15 BAR;AIRHOSE UNIVERSAL/15 YELLOW ø 13x3,5;Peters;10LU15013YEL406;;;;;;;;;;
AIR13MMGEEL 20 BAR;AIRHOSE UNIVERSAL/20-YELLOW ø 13x23 mm;Peters;10LU20013YOO406;;;;;;9125-32;;;;
AIR16MM;LUCHTSLANG AIRFORM BS5118/2;Arbon;5941625 L=50 mtr.;;9122-16-316L;;;;9125-25;;;;
AIR19MM;LUCHTSLANG AIRFORM BS5118/2;Arbon;5941929-NOBRA AIR L=20 mtr;;;;;;;;;;
AIR19MMBLAUW;AIRHOSE UNIVERSAL 3/4 BLUE;Klinger;10002050019;;;;;;;;;;
AIR19MMGEEL 15 BAR;AIRHOSE UNIVERSAL/15 YELLOW ø 19x4,5;Peters;10LU15019YEL406;;;;;;;;;;
AIR19MMGEEL 20 BAR;AIRHOSE UNIVERSAL/20-YELLOW ø 19x31 mm;Peters;P001903;;;;;;9125-32;;;;
AIR19MMGRIJS;LUCHTSLANG UNIVERSEL 3/4 GRIJS;Peters;AIR19MMGRIJS;;;;;;;;;;
AIR25MM;LUCHTSLANG AIRFORM BS5118/2;Peters;P002223;;;;;;;;;;
AIR25MMGEEL;AIRHOSE UNIVERSAL 1 YELLOW;Gaasbeek;3202025039;;;;;;;;;;
AIR25MMGEEL 20 BAR;AIRHOSE UNIVERSAL/20-YELLOW ø 25x37 mm;Peters;10LU20025YOO406;;;;;;9125-32;;;;
AIR38MM;LUCHTSLANG AIRFORM BS5118/2;Peters;AIR38MM;;;;;;;;;;
AIR63MM;LUCHTSLANG 2.1/2 ID;Rubaflex;DS063;;;;;;;;;;
NOBELAIR 06X12MM;ADEMLUCHTSLANG NOBEL AIR AS/R BREATH;Peters;P000199;;9122-06-316L;;;;9125-19;;;;
NOBELAIR 08X13MM;AIRHOSE NOBEL AIR BLUE SOFT;Peters;20LNBL008000079;;9122-08-316L;;;;;;;;
NOBELAIR 08X14MM;ADEMLUCHTSLANG NOBEL AIR AS/R BREATH;Peters;P000201;;9122-08-316L;;;;9125-22;;;;
NOBELAIR 10X16MM;ADEMLUCHTSLANG NOBEL AIR AS/R BREATH;Peters;P000196;;9122-10-316L;;;;9125-25;;;;
NOBELAIR 10X16MMRED;ADEMLUCHTSLANG NOBEL AIR AS/R BREATH;Peters;NOBELAIR 10X16MMRED;;9122-10-316L;;;;9125-25;;;;
NOBELAIR 12X19MM;ADEMLUCHTSLANG NOBEL AIR AS/R BREATH;Peters;P000197;;9122-12-316L;;;;;;;;
NOBELAIR 13X19MM;AIR HOSE NOBEL AIR BLUE SOFT;Peters;20LNBL013000079;;;;;;;;;;
NOBELAIR 19X28MM;ADEMLUCHTSLANG NOBEL AIR AS/R BREATH;Peters;P000198;;;;;;9125-45;;;;
PDH-2;"PARKER HOSE 1/8""";Parker;PDH-2;;;;;;;;;;
SR25-32;NO-SKIVE 50.8MM (2) DN51 MULTI SPIRAL W.P. 250BAR;Parker;SR25-32;66,5;9122-32-316L;;;;9125-51;9121-075;TEXS73;19001-75;
SR25TC-32;NO-SKIVE 50.8MM (2) DN51 MULTI SPIRAL TC W.P. 250BAR;Parker;SR25TC-32;66,5;9122-32-316L;;;;9125-51;9121-075;TEXS73;19001-75;
SR29-24;NO-SKIVE 38.1MM (11/2) DN12 MULTI SPIRAL W.P. 290BAR;Parker;SR29-24;52.8;9122-24-316L;;;;9125-38;9121-050;TEXS60;;
SR29TC-24;NO-SKIVE 38.1MM (11/2) DN12 MULTI SPIRAL TC W.P. 290BAR;Parker;SR29TC-24;52.8;9122-24-316L;;;;9125-38;9121-050;TEXS60;;
SR35-10;NO-SKIVE 15.9MM (5/8) DN16 MULTI SPIRAL W.P. 350BAR;Parker;SR35-10;23.8;9122-10-316L;;;;9125-16;9121-025;TEXS31;19001-30;9223-030
SR35-12;NO-SKIVE 19.1MM (3/4) DN19 MULTI SPIRAL W.P. 350BAR;Parker;SR35-12;28.1;9122-12-316L;;;;9125-19;9121-032;TEXS36;19001-35;9223-035
SR35-16;NO-SKIVE 25.4MM (1) DN25 MULTI SPIRAL W.P. 350BAR;Parker;SR35-16;35.7;9122-16-316L;;;;9125-25;9121-040;TEXS44;19001-45;9223-044
SR35-20;NO-SKIVE 31.8MM (11/4) DN31 MULTI SPIRAL W.P. 350BAR;Parker;SR35-20;43.8;9122-20-316L;;;;9125-32;9121-040;TEXS53;19001-52;9223-053
SR35-8;NO-SKIVE 12.7MM (1/2) DN12 MULTI SPIRAL W.P. 350BAR;Parker;SR35-8;21.1;9122-08-316L;;;;9125-13;9121-020;TEXS27;19001-27;9223-030
SR35TC-10;NO-SKIVE 15.9MM (5/8) DN16 MULTI SPIRAL TC W.P. 350BAR;Parker;SR35TC-10;23.8;9122-10-316L;;;;9125-16;9121-025;TEXS31;19001-30;9223-030
SR35TC-12;NO-SKIVE 19.1MM (3/4) DN19 MULTI SPIRAL TC W.P. 350BAR;Parker;SR35TC-12;28.1;9122-12-316L;;;;9125-19;9121-032;TEXS36;19001-35;9223-035
SR35TC-16;NO-SKIVE 25.4MM (1) DN25 LOW TEMP. W.P. 350 BAR;Parker;SR35TC-16;35.7;9122-16-316L;;;;9125-25;9121-040;TEXS44;19001-45;9223-044
SR35TC-20;NO-SKIVE 31.8MM (11/4) DN31 MULTI SPIRAL TC W.P. 350BAR;Parker;SR35TC-20;43.8;9122-20-316L;;;;9125-32;9121-040;TEXS53;19001-52;9223-053
SR35TC-8;NO-SKIVE 12.7MM (1/2) DN12 MULTI SPIRAL TC W.P. 350BAR;Parker;SR35TC-8;21.1;9122-08-316L;;;;9125-13;9121-020;TEXS27;19001-27;9223-030
SR45-6;NO-SKIVE 17.1MM (3/8) DN10 MULTI SPIRAL W.P. 450BAR;Parker;SR45-6;17.2;9122-06-316L;;;;9125-10;9121-020;TEXS23;19001-24;9223-023
SR45TC-6;NO-SKIVE 17.1MM (3/8) DN10 MULTI SPIRAL TC W.P. 450BAR;Parker;SR45TC-6;17.2;9122-06-316L;;;;9125-10;9121-020;TEXS23;19001-24;9223-023
SRI42-10;NO-SKIVE 15.9MM (5/8) DN16 MULTI SPIRAL W.P. 420BAR;Parker;SRI42-10;23.8;9122-10-316L;;;;9125-16;9121-025;TEXS31;19001-30;9223-030
SRI42-12;NO-SKIVE 19.1MM (3/4) DN19 MULTI SPIRAL W.P. 420BAR;Parker;SRI42-12;28.1;9122-12-316L;;;;9125-19;9121-032;TEXS36;19001-35;9223-035
SRI42-16;NO-SKIVE 25.4MM (1) DN25 MULTI SPIRAL W.P. 420BAR;Parker;SRI42-16;35.7;9122-16-316L;;;;9125-25;9121-040;TEXS44;19001-45;9223-044
SRI42-20;NO-SKIVE 31.8MM (11/4) DN31 MULTI SPIRAL W.P. 420BAR;Parker;SRI42-20;45.4;9122-20-316L;;;;9125-32;9121-050;TEXS53;19001-52;9223-053
SRI42-8;NO-SKIVE 12.7MM (1/2) DN12 MULTI SPIRAL W.P. 420BAR;Parker;SRI42-8;21.1;9122-08-316L;;;;9125-13;9121-020;TEXS27;19001-27;9223-030
SRI42TC-10;NO-SKIVE 15.9MM (5/8) DN16 MULTI SPIRAL TC W.P. 420BAR;Parker;SRI42TC-10;23.8;9122-10-316L;;;;9125-16;9121-025;TEXS31;19001-30;9223-030
SRI42TC-12;NO-SKIVE 19.1MM (3/4) DN19 MULTI SPIRAL TC W.P. 420BAR;Parker;SRI42TC-12;28.1;9122-12-316L;;;;9125-19;9121-032;TEXS36;19001-35;9223-035
SRI42TC-16;NO-SKIVE 25.4MM (1) DN25 MULTI SPIRAL TC W.P. 420BAR;Parker;SRI42TC-16;35.7;9122-16-316L;;;;9125-25;9121-040;TEXS44;19001-45;9223-044
SRI42TC-20;NO-SKIVE 31.8MM (11/4) DN31 MULTI SPIRAL TC W.P. 420BAR;Parker;SRI42TC-20;45.4;9122-20-316L;;;;9125-32;9121-050;TEXS53;19001-52;9223-053
SRI42TC-8;NO-SKIVE 12.7MM (1/2) DN12 MULTI SPIRAL TC W.P. 420BAR;Parker;SRI42TC-8;21.1;9122-08-316L;;;;9125-13;9121-020;TEXS27;19001-27;9223-030
SX35LT-12;SX35LT-12;Parker;SX35LT-12;28.1;9122-12-316L;;;;9125-19;9121-032;TEXS36;19001-35;9223-035
SX35LT-16;NO-SKIVE 25.4MM (1) DN25 LOW TEMP. W.P. 350 BAR;Parker;SX35LT-16;35.7;9122-16-316L;;;;9125-25;9121-040;TEXS44;19001-45;9223-044
SX35LT-20;NO-SKIVE 31.5MM (11/4) DN32 LOW TEMP. W.P. 350 BAR;Parker;SX35LT-20;43.8;9122-20-316L;;;;9125-32;9121-040;TEXS53;19001-52;9223-053
SX42LT-12;NO-SKIVE 19.1MM (3/4) DN20 LOW TEMP. W.P. 420 BAR;Parker;SX42LT-12;28.1;9122-12-316L;;;;9125-19;9121-032;TEXS36;19001-35;9223-035
SX42LT-16;NO-SKIVE 25.4MM (1) DN25 LOW TEMP. W.P. 420 BAR;Parker;SX42LT-16;35.7;9122-16-316L;;;;9125-25;9121-040;TEXS44;19001-45;9223-044
SX42LT-20;NO-SKIVE 31.5MM (11/4) DN32 LOW TEMP. W.P. 420 BAR;Parker;SX42LT-20;45.4;9122-20-316L;;;;9125-32;9121-050;TEXS53;19001-52;9223-053
0441-04;4SP 6.4MM (1/4) DN06 OUT.SKIVE W.P. 450 BAR;Interpump;TFDM4SP-04;;9122-04-316L;;;;9125-06;;;;
0441-06;4SP 9.5MM (3/8) DN10 OUT.SKIVE W.P. 445 BAR;Interpump;TFDM4SP-06;;9122-06-316L;;;;9125-10;;;;
0441-08;4SP 12.7MM (1/2) DN12 OUT.SKIVE W.P. 415 BAR;Interpump;TFDM4SPN08;;9122-08-316L;;;;9125-13;;;;
0441-10;4SP 15.9MM (5/8) DN16 OUT.SKIVE W.P. 350 BAR;Interpump;TFDM4SP-10;;9122-10-316L;;;;9125-16;;;;
0441-10RM;4SP 15.9MM (5/8) DN16 OUT.SKIVE W.P. 350 BAR;Parker;0441-10RM;23,8;9122-10-316L;;;;9125-16;9121-025;TEXS31;19001-30;9223-030
0441-12;4SP 19.1MM (3/4) DN20 OUT.SKIVE W.P. 350 BAR;Interpump;TFDM4SP-12;;9122-12-316L;;;;9125-19;;;;
0441-16;4SP 25.4MM (1) DN25 OUT.SKIVE W.P. 280 BAR;Interpump;TFDM4SPN16;;9122-16-316L;;;;9125-25;;;;
0441-24;4SP 38.1MM (1-1/2) DN38 OUT. SKIVE W.P. 185 BAR;Interpump;TFD04SP-24;;9122-24-316L;;;;9125-38;;;;
0441-32;4SP 50.8MM (2) DN50 OUT.SKIVE W.P. 172 BAR;Interpump;TFD04SP-32;;9122-32-316L;;;;9125-51;;;;
0442-06;MTR SLANG (4SP) TYPE TFD;Interpump;TFD04SP-06;;9122-06-316L;;;;9125-10;;;;
0442-08;MTR SLANG (4SP) TYPE TFD;Interpump;TFD04SP-08;;9122-08-316L;;;;9125-13;;;;
0442-10;MTR SLANG (4SP) TYPE TFD;Interpump;TFD04SP-10;;9122-10-316L;;;;9125-16;;;;
0442-12;MTR SLANG (4SP) TYPE TFD;Interpump;TFD04SP-12;;9122-12-316L;;;;9125-19;;;;
0442-16;MTR SLANG (4SP) TYPE TFD;Interpump;TFDM4SP-16;;9122-16-316L;;;;9125-25;;;;
0442-20;MTR SLANG (4SP) TYPE TFD;Interpump;TFD04SP-20;;9122-20-316L;;;;9125-32;;;;
0442-24;MTR SLANG (4SP) TYPE TFD;Interpump;TFD04SP-24;;9122-24-316L;;;;9125-38;;;;
0446-12;4SH 19.1MM (3/4) DN20 IN-/OUT. SKIVE W.P. 420 BAR;Interpump;TFDR4SH-12;;9122-12-316L;;;;9125-19;;;;
0446-16;4SH 25.4MM (1) DN25 IN-/OUT. SKIVE W.P. 385 BAR;Interpump;TFDR4SH-16;;9122-16-316L;;;;9125-25;;;;
0446-20;4SH 31.8MM (1-1/4) DN32 IN-/OUT. SKIVE W.P. 350 BAR;Interpump;TFDR4SH-20;;9122-20-316L;;;;9125-32;;;;
0446-24;4SH 38.1MM (1-1/2) DN38 IN-/OUT. SKIVE W.P. 300 BAR;Interpump;TFDR4SH-24;;9122-24-316L;;;;9125-38;;;;
0446-32;4SH 50.8MM (2) DN50 IN-/OUT. SKIVE W.P. 250 BAR;Interpump;TFDR4SH-32;;9122-32-316L;;;;9125-51;;;;
0447-10;R15-DN16 (5/8) IN-/OUT. SKIVE W.P. 420 BAR;Interpump;TFDR015-10;;9122-10-316L;;;;9125-16;;;;
0447-12;R15-DN19 (3/4) IN-/OUT. SKIVE W.P. 420 BAR;Interpump;TFDR015-12;;9122-12-316L;;;;9125-19;;;;
0447-16;R15-DN25 (1) IN-/OUT. SKIVE W.P. 420 BAR;Interpump;TFDR015-16;;9122-16-316L;;;;9125-25;;;;
0447-20;R15-DN32 (1-1/4) IN-/OUT. SKIVE W.P. 420 BAR;Interpump;TFDR015-20;;9122-20-316L;;;;9125-32;;;;
0447-24;R15-DN38 (1-1/2) IN-/OUT. SKIVE W.P. 420 BAR;Interpump;TFDR015-24;;9122-24-316L;;;;9125-38;;;;
0447-32;R15-DN50 (2) IN-/OUT. SKIVE W.P. 420 BAR;Interpump;TFDR015-32;;9122-32-316L;;;;9125-51;;;;
0449-04;MTR SLANG (R13) WP 690 BAR;Parker;0003S0032357;;9122-04-316L;;;;9125-06;;;;
0449-06;MTR SLANG (R13);Parker;3005320;;9122-06-316L;;;;9125-10;;;;
0449-08;MTR SLANG (R13);Parker;0003S0135821;;9122-08-316L;;;;9125-13;;;;
0449-16;R13 25.4MM (1) DN25 WP 350BAR;Interpump;TFDR013-16;;9122-16-316L;;;;9125-25;;;;
0449-20;R13 31.8MM (1-1/4) DN32 IN-/OUT. SKIVE W.P. 350 BAR;Parker;R35-20;;9122-20-316L;;;;9125-32;;;;
0449-24;R13 38.1MM (1-1/2) DN38 IN-/OUT. SKIVE W.P. 350 BAR;Parker;R35-24;;9122-24-316L;;;;9125-38;;;;
0449-32;R13 50.8MM (2) DN50 IN-/OUT. SKIVE W.P. 350 BAR;Parker;R35-32;;9122-32-316L;;;;9125-51;;;;
0449-40;MTR SLANG (R13);Manuli;0480-40;;9122-40-316L;;;;9125-64;;;;
0449-48;MTR SLANG (R13);Parker;H10103076MSC9;;;;;;9125-76;;;;
0480-32;MTR SLANG (R15) MANULI DIAMONDSPIR;Manuli;0480-32;;9122-32-316L;;;;9125-51;;;;
0731-20;NO-SKIVE 31.8MM (1-1/4) DN32 4SH W.P. 32.5 MPa;Parker;731-20;;9122-20-316L;;;;9125-32;;;;
0731-24;NO-SKIVE 38.1MM (1-1/2) DN38 4SH W.P. 29.0 MPa;Parker;731-24;;9122-24-316L;;;;9125-38;;;;
0731-32;NO-SKIVE 50.8MM (2) DN50 4SH W.P. 25.0 MPa;Parker;731-32;;9122-32-316L;;;;9125-51;;;;
0731TC-12;NO-SKIVE 19.0MM (3/4) DN19 4SH T.C. W.P. 42.0 MPa;Parker;731TC-12;;9122-12-316L;;;;9125-19;;;;
0731TC-16;NO-SKIVE 25.4MM (1) DN25 4SH T.C. W.P. 38.0 MPa;Parker;731TC-16;;9122-16-316L;;;;9125-25;;;;
0731TC-20;NO-SKIVE 31.8MM (1-1/4) DN32 4SH T.C. W.P. 32.5 MPa;Parker;731TC-20;;9122-20-316L;;;;9125-32;;;;
0731TC-32;NO-SKIVE 50MM (2) DN50 4SH T.C. 731TC-32;Parker;731TC-32;;9122-32-316L;;;;9125-51;;;;
0791TC-12;NO-SKIVE 19.1MM (3/4) DN20 XTREME T.C. W.P. 42.0 MPa;Parker;791TC-12;;9122-12-316L;;;;9125-19;;;;
0791TC-16;NO-SKIVE 25.4MM (1) DN25 XTREME T.C. W.P. 42.0 MPa;Parker;791TC-16;;9122-16-316L;;;;9125-25;;;;
0791TC-24;NO-SKIVE 38.1MM (1-1/2) DN38 XTREME T.C. W.P. 42.0 MPa;Parker;791TC-24;;9122-24-316L;;;;9125-38;;;;
424-32;"MEDIUM PRESSURE HOSE PHOSPHATE ESTHER 2""";Parker;424-32;;9122-32-316L;;;;9125-51;;;;
701-10;4SP 15.9MM (5/8) DN16 NO-SKIVE W.P. 350 BAR;Parker;701-10;;9122-10-316L;;;;9125-16;;;;
701-12;4SP 19.1MM (3/4) DN20 NO-SKIVE W.P. 350 BAR;Parker;701-12;;9122-12-316L;;;;9125-19;;;;
701-16;4SP 25.4MM (1) DN25 NO-SKIVE W.P. 280 BAR;Parker;701-16;;9122-16-316L;;;;9125-25;;;;
701-8;4SP 12.7MM (1/2) DN12 NO-SKIVE W.P. 415 BAR;Parker;701-8;;9122-08-316L;;;;9125-13;;;;
701TC-10;4SP 15.9MM (5/8) DN16 NO-SKIVE W.P. 350 BAR T.C.;Parker;701TC-10;;9122-10-316L;;;;9125-16;;;;
BPK-12;MTR SLANG (BLASTOPAK);Parker;BPK-12;35,2;9122-12-316L;;;;9125-19;9121-040;TEXS44;19001-45;9223-044
BPK-16;MTR SLANG (BLASTOPAK);Parker;BPK-16;41,8;9122-16-316L;;;;9125-25;9121-040;TEXS47;19001-52;9223-047
BPK-6;MTR SLANG (BLASTOPAK);Parker;BPK-6;21,8;9122-06-316L;;;;9125-10;9121-020;TEXS27;19001-27;9223-030
BPK-8;MTR SLANG (BLASTOPAK);Parker;BPK-8-DL40;25,5;9122-08-316L;;;;9125-13;9121-025;TEXS31;19001-32;9223-032
F42-12;R15 19.1MM (3/4) DN20 NO. SKIVE PHOSPHATE ESTER W.P. 420 BAR;Parker;F42-12;;9122-12-316L;;;;9125-19;;;;
F42-16;R15 25.4MM (1) DN25 NO. SKIVE PHOSPHATE ESTER W.P. 420 BAR;Parker;F42-16;;9122-16-316L;;;;9125-25;;;;
F42-20;R15 31.8MM (1-1/4) DN31 NO-SKIVE W.P. 420 BAR;Parker;F42-20;;9122-20-316L;;;;9125-32;;;;
FA35-12;PARLOCK FIREARMOR R35 DN19 (19.1MM) 3/4 WP 350;Parker;FA35-12;32,4;9122-12-316L;;;;9125-19;9121-032;TEXS40;19001-38;9223-040
FA35-12-DL;PARLOCK FIREARMOR R35 DN19 (19.1MM) 3/4 WP 350;Parker;FA35-12-DL;32,4;9122-12-316L;;;;9125-19;9121-032;TEXS40;19001-38;9223-040
FA35-16;PARLOCK FIREARMOR R35 DN25 (25.4MM) 1 WP 350;Parker;FA35-16;39;9122-16-316L;;;;9125-25;9121-040;TEXS44;19001-45;9223-044
FA35-20;PARLOCK FIREARMOR R35 DN31  (31.8MM) 1 WP 350;Parker;FA35-20;46,6;9122-20-316L;;;;9125-32;9121-050;TEXS53;19001-52;9223-053
FA35-6;PARLOCK FIREARMOR R35 DN10 (9.5MM) 3/8 WP 350;Parker;FA35-6;22,8;9122-06-316L;;;;9125-10;9121-025;TEXS31;19001-30;9223-030
FA35-8;PARLOCK FIREARMOR R35 DN12 (12.7MM) 1/2 WP 350;Parker;FA35-8;25,2;9122-08-316L;;;;9125-13;9121-025;TEXS31;19001-32;9223-032
H29-12;4SH 19.1MM (3/4) DN20 IN-/OUT. SKIVE W.P. 430 BAR;Parker;H29-12;;9122-12-316L;;;;9125-19;;;;
H29-16;4SH 25.4MM (1) DN25 IN-/OUT. SKIVE W.P. 400 BAR;Parker;H29-16;;9122-16-316L;;;;9125-25;;;;
H29-20;4SH 31.8MM (1-1/4) DN32 IN-/OUT. SKIVE W.P. 350 BAR;Parker;H29-20;;9122-20-316L;;;;9125-32;;;;
H29-24;4SH 38.1MM (1-1/2) DN38 IN-/OUT. SKIVE W.P. 310 BAR;Parker;H29-24;;9122-24-316L;;;;9125-38;;;;
H29-32;4SH 50.8MM (2) DN50 IN-/OUT. SKIVE W.P. 280 BAR;Parker;H29-32;;9122-32-316L;;;;9125-51;;;;
H29ST-12;4SH 19.1MM (3/4) DN20 S.T. IN-/OUT. SKIVE W.P. 430 BAR;Parker;H29ST-12;;9122-12-316L;;;;9125-19;;;;
H29ST-16;4SH 25.4MM (1) DN25 S.T. IN-/OUT. SKIVE W.P. 400 BAR;Parker;H29ST-16;;9122-16-316L;;;;9125-25;;;;
H29ST-20;4SH 31.8MM (1-1/4) DN32 S.T. IN-/OUT. SKIVE W.P. 350 BAR;Parker;H29ST-20;;9122-20-316L;;;;9125-32;;;;
H29ST-24;4SH 38.1MM (1-1/2) DN38 S.T. IN-/OUT. SKIVE W.P. 310 BAR;Parker;H29ST-24;;9122-24-316L;;;;9125-38;;;;
H29ST-32;4SH 50.8MM (2) DN50 S.T. IN-/OUT. SKIVE W.P. 280 BAR;Parker;H29ST-32;;9122-32-316L;;;;9125-51;;;;
H29TC-12;4SH 19.1MM (3/4) DN20 T.C. IN-/OUT. SKIVE W.P. 430 BAR;Parker;H29TC-12;;9122-12-316L;;;;9125-19;;;;
H29TC-16;4SH 25.4MM (1) DN25 T.C. IN-/OUT. SKIVE W.P. 400 BAR;Parker;H29TC-16;;9122-16-316L;;;;9125-25;;;;
H29TC-20;4SH 31.8MM (1-1/4) DN32 T.C. IN-/OUT. SKIVE W.P. 350 BAR;Parker;H29TC-20;;9122-20-316L;;;;9125-32;;;;
H29TC-24;4SH 38.1MM (1-1/2) DN38 T.C. IN-/OUT. SKIVE W.P. 310 BAR;Parker;H29TC-24;;9122-24-316L;;;;9125-38;;;;
H29TC-32;4SH 38.1MM (2) DN50 T.C. IN-/OUT. SKIVE W.P. 280 BAR;Parker;H29TC-32;;9122-32-316L;;;;9125-51;;;;
H31-04;4SP 6.3MM (1/4) DN06 OUT. SKIVE W.P. 500 BAR;Parker;H31-4;;9122-04-316L;;;;9125-06;;;;
H31-06;4SP 9.5MM (3/8) DN10 OUT. SKIVE W.P. 445 BAR;Parker;H31-6;;9122-06-316L;;;;9125-10;;;;
H31-08;4SP 12.7MM (1/2) DN12 OUT. SKIVE W.P. 415 BAR;Parker;H31-8;;9122-08-316L;;;;9125-13;;;;
H31-10;4SP 15.9MM (5/8) DN16 OUT. SKIVE W.P. 390 BAR;Parker;H31-10;;9122-10-316L;;;;9125-16;;;;
H31-12;4SP 19.1MM (3/4) DN20 OUT. SKIVE W.P. 350 BAR;Parker;H31-12;;9122-12-316L;;;;9125-19;;;;
H31-16;4SP 25.4MM (1) DN25 OUT. SKIVE W.P. 310 BAR;Parker;H31-16;;9122-16-316L;;;;9125-25;;;;
H31-20;4SP 31.8MM (1-1/4) DN32 OUT. SKIVE W.P. 280 BAR;Interpump;TFDM4SPN20;;9122-20-316L;;;;9125-32;;;;
H31ST-06;4SP 9.5MM (3/8) DN10 S.T. OUT. SKIVE W.P. 445 BAR;Parker;H31ST-6;;9122-06-316L;;;;9125-10;;;;
H31ST-08;4SP 12.7MM (1/2) DN12 S.T. OUT. SKIVE W.P. 415 BAR;Parker;H31ST-8;;9122-08-316L;;;;9125-13;;;;
H31ST-10;4SP 15.9MM (5/8) DN16 S.T. OUT. SKIVE W.P. 390 BAR;Parker;H31ST-10;;9122-10-316L;;;;9125-16;;;;
H31TC-06;4SP 9.5MM (3/8) DN10 T.C. OUT. SKIVE W.P. 445 BAR;Parker;H31TC-6;;9122-06-316L;;;;9125-10;;;;
H31TC-08;4SP 12.7MM (1/2) DN12 T.C. OUT. SKIVE W.P. 415 BAR;Parker;H31TC-8;;9122-08-316L;;;;9125-13;;;;
H31TC-10;4SP 15.9MM (5/8) DN16 T.C. OUT. SKIVE W.P. 390 BAR;Parker;H31TC-10;;9122-10-316L;;;;9125-16;;;;
H31TC-12;4SP 19.1MM (3/4) DN20 T.C. OUT. SKIVE W.P. 350 BAR;Parker;H31TC-12;;9122-12-316L;;;;9125-19;;;;
H31TC-16;4SP 25.4MM (1) DN25 T.C. OUT. SKIVE W.P. 310 BAR;Parker;H31TC-16;;9122-16-316L;;;;9125-25;;;;
PLK28TC-32;PARKER 4SH 50,8MM (2) DN50 IN/OUT. SKIVE W.P. 280 BAR;Parker;PLK28TC-32;;9122-32-316L;;;;9125-51;;;;
PLK31TC-24;PARKER 4SH 38,1MM (11/2) DN38 IN/OUT. SKIVE W.P. 310 BAR;Parker;PLK31TC-24;;9122-24-316L;;;;9125-38;;;;
PLK35TC-20;PARKER 4SH 31,8MM (11/4) DN32 IN/OUT. SKIVE W.P. 350 BAR;Parker;PLK35TC-20;;9122-20-316L;;;;9125-32;;;;
PLK35TC-40;PARKER R13 63,5MM (21/2) DN63 IN/OUT. SKIVE W.P. 350 BAR;Parker;PLK35TC-40;;9122-40-316L;;;;9125-64;;;;
PLK35TC-48;PARKER R13 76,0MM (3) DN76 IN/OUT. SKIVE W.P. 210/350 BAR;Parker;PLK35TC-48;;;;;;9125-76;;;;
PLK39TC-10;PARKER 4SP 15,9MM (5/8) DN16 IN/OUT. SKIVE W.P. 390 BAR;Parker;PLK39TC-10;;9122-10-316L;;;;9125-16;;;;
PLK40TC-16;PARKER 4SH 25,4MM (1) DN25 IN/OUT. SKIVE W.P. 400 BAR;Parker;PLK40TC-16;;9122-16-316L;;;;9125-25;;;;
PLK42TC-8;PARKER 4SP 12,7MM (1/2) DN12 OUT. SKIVE W.P. 420 BAR;Parker;PLK42TC-8;;9122-08-316L;;;;9125-13;;;;
PLK43TC-12;PARKER 4SH 19,1MM (3/4) DN20 IN/OUT. SKIVE W.P. 430 BAR;Parker;PLK43TC-12;;9122-12-316L;;;;9125-19;;;;
PLK45TC-6;PARKER 4SP 9,5MM (3/8) DN10 OUT. SKIVE W.P. 450 BAR;Parker;PLK45TC-6;;9122-06-316L;;;;9125-10;;;;
PLK50TC-4;PARKER 4SP 6.3MM (1/4) DN06 OUT. SKIVE W.P. 500 BAR;Parker;PLK50TC-4;;9122-04-316L;;;;9125-06;;;;
R35-24;R13 38MM (1-1/2) DN38 IN-/OUT. SKIVE W.P. 350 BAR;Parker;R35-24;;9122-24-316L;;;;9125-38;;;;
R35-32;R13 50.8MM (2) DN50 IN-/OUT. SKIVE W.P. 350 BAR;Parker;R35-32;;9122-32-316L;;;;9125-51;;;;
R35TC-16;R13 TC 25.4MM (1) DN25 IN-/OUT. SKIVE W.P. 350 BAR;Parker;R35TC-16;;9122-16-316L;;;;9125-25;;;;
R35TC-20;R13 TC 31.8MM (1-1/4) DN32 IN-/OUT. SKIVE W.P. 350 BAR;Parker;R35TC-20;;9122-20-316L;;;;9125-32;;;;
R35TC-24;R13 TC 38.1MM (1-1/2) DN38 IN-/OUT. SKIVE W.P. 350 BAR;Parker;R35TC-24;;9122-24-316L;;;;9125-38;;;;
R35TC-32;R13 TC 50.8MM (2) DN51 IN-/OUT. SKIVE W.P. 350 BAR;Parker;R35TC-32;;9122-32-316L;;;;9125-51;;;;
R35TC-40;R13 TC 63.5MM (21/2) DN63 IN-/OUT. SKIVE W.P. 350 BAR;Parker;R35TC-40;;9122-40-316L;;;;9125-64;;;;
R35TC-48;R13 TC 76MM (3) DN76 IN-/OUT. SKIVE W.P. 350 BAR;Parker;RS35TC-48;;;;;;9125-76;;;;
R42-12;R15 19.1MM (3/4) DN20 IN-/OUT. SKIVE W.P. 420 BAR;Parker;R42-12;32;9122-12-316L;;;;9125-19;9121-032;TEXS40;19001-38;9223-037
R42-16;R15 25.4MM (1) DN25 IN-/OUT. SKIVE W.P. 420 BAR;Parker;R42-16;39;9122-16-316L;;;;9125-25;9121-040;TEXS44;19001-45;9223-044
R42-20;R15 31.8MM (1-1/4) DN32 IN-/OUT. SKIVE W.P. 420 BAR;Parker;R42-20;50,8;9122-20-316L;;;;9125-32;9121-050;TEXS60;;9223-056
R42-24;R15 38.1MM (1-1/2) DN38 IN-/OUT. SKIVE W.P. 420 BAR;Parker;R42-24;57;9122-24-316L;;;;9125-38;9121-050;TEXS66;;9223-066
R42-32;R15 50.8MM (2) DN50 IN-/OUT. SKIVE W.P. 420 BAR;Parker;R42-32;71,5;9122-32-316L;;;;9125-51;9121-075;;;
R42ST-12;R15 19.1MM (3/4) DN20 IN-/OUT. SKIVE W.P. 420 BAR;Parker;R42ST-12;32;9122-12-316L;;;;9125-19;9121-032;TEXS40;19001-38;9223-037
R42ST-16;R15 25.4MM (1) DN25 IN-/OUT. SKIVE W.P. 420 BAR;Parker;R42ST-16;39;9122-16-316L;;;;9125-25;9121-040;TEXS44;19001-45;9223-044
R42ST-20;R15 31.8MM (1-1/4) DN32 IN-/OUT. SKIVE W.P. 420 BAR;Parker;R42ST-20;50,8;9122-20-316L;;;;9125-32;9121-050;TEXS60;;9223-056
R42ST-24;R15 38.1MM (1-1/2) DN38 IN-/OUT. SKIVE W.P. 420 BAR;Parker;R42ST-24;57;9122-24-316L;;;;9125-38;9121-050;TEXS66;;9223-066
R42ST-32;R15 50.8MM (2) DN50 IN-/OUT. SKIVE W.P. 420 BAR;Parker;R42ST-32;71,5;9122-32-316L;;;;9125-51;9121-075;;;
R42TC-12;R15 19.1MM (3/4) DN20 IN-/OUT. SKIVE W.P. 420 BAR;Parker;R42TC-12;32;9122-12-316L;;;;9125-19;9121-032;TEXS40;19001-38;9223-037
R42TC-16;R15 25.4MM (1) DN25 IN-/OUT. SKIVE W.P. 420 BAR;Parker;R42TC-16;39;9122-16-316L;;;;9125-25;9121-040;TEXS44;19001-45;9223-044
R42TC-20;R15 31.8MM (1-1/4) DN32 IN-/OUT. SKIVE W.P. 420 BAR;Parker;R42TC-20;50,8;9122-20-316L;;;;9125-32;9121-050;TEXS60;;9223-056
R42TC-24;R15 38.1MM (1-1/2) DN38 IN-/OUT. SKIVE W.P. 420 BAR;Parker;R42TC-24;57;9122-24-316L;;;;9125-38;9121-050;TEXS66;;9223-066
R42TC-32;R15 50.8MM (2) DN50 IN-/OUT. SKIVE W.P. 420 BAR;Parker;R42TC-32;71,5;9122-32-316L;;;;9125-51;9121-075;;;
R50TC-12;R15 19.1MM (3/4) DN20 IN-/OUT. SKIVE W.P. 420 BAR;Parker;R50TC-12;32;9122-12-316L;;;;9125-19;9121-032;TEXS40;19001-38;9223-037
R50TC-16;R15 25.4MM (1) DN25 IN-/OUT. SKIVE W.P. 420 BAR;Parker;R50TC-16;38,4;9122-16-316L;;;;9125-25;9121-040;TEXS44;19001-45;9223-044
R50TC-20;R15 31.8MM (1-1/4) DN32 IN-/OUT. SKIVE W.P. 420 BAR;Parker;R50TC-20;52,6;9122-20-316L;;;;9125-32;9121-050;TEXS60;;
R56TC-4;R15 6.4MM (1/4) DN06 TOUGH COVER SKIVE W.P. 560 BAR;Parker;R56TC-4;17,9;9122-04-316L;;;;9125-06;9121-020;TEXS23;19001-24;9223-023
